通し番号,見出し,表記,品詞,語種,語彙配当,国語研,初級500語,七種対照,工藤,木幡,玉村
10,あ,,感,W,1,○,,,,,
20,ああ,,感,W,1,◎,,○,○,○,○
30,ああ,,副,W,1,◎,,○,○,○,○
40,あああ,,感,W,,,,,,○,
50,ああいう,,連語,W,,,,○,,,
60,アーケード,arcade,名,G,3,,,,○,○,
70,アーチボールド,,名,G,,,,,,○,
80,ああっ,,感,W,,,,,,○,
90,アーハちゃん,,名,H,,,,,,○,
100,あい,愛,名,K,2,◎,,○,○,○,○
110,あいかわらず,相変わらず,副,W,1,○,,○,,○,
120,あいきょう,愛△敬・愛×嬌,名,K,2,,,,○,○,
130,あいこ,相子,名,W,1,,,,○,○,
140,あいことば,合言葉,名,W,3,,,,○,○,
150,あいさつ,×挨×拶,名・ス自,K,1,◎,,○,○,○,○
160,あいじょう,愛情,名,K,2,○,,○,,,
170,あいず,合図,名,H,1,◎,,○,○,○,○
180,アイスクリーム,ice-cream,名,G,1,○,,○,○,○,
190,あいする,愛する,サ変他,H,2,◎,,○,○,,○
200,あいそ,愛想,名,K,2,,,,○,○,
210,あいそう,愛想,名,K,2,○,,○,,,
220,あいだ,間,名,W,1,◎,,○,○,○,○
230,あいつ,△彼△奴,代,W,1,,,,,○,
240,あいて,相手,名,W,1,◎,,○,○,○,○
250,アイデア,idea,名,G,3,○,,,,,
260,あいどり,相取,名,W,,,,,,○,
270,あいにく,△生憎,副・形動,W,1,○,,○,○,○,○
280,あいま,合間,名,W,2,○,,,,,
290,あいまい,×曖×昧,形動,K,2,○,,,,,
300,アイロン,iron,名,G,1,○,,○,○,○,○
310,あう,合う,五自,W,1,◎,,○,○,○,○
320,あう,会う,五自,W,1,◎,,○,○,○,○
330,アウト,out,名,G,1,,,,○,○,
340,あえて,△敢えて,副,W,3,○,,○,,,
350,あえん,亜鉛,名,K,2,,,○,,,
360,あお,青,名・接頭,W,1,◎,○,○,○,○,○
370,あおい,青い,形,W,1,◎,○,○,○,○,○
380,あおおに,青鬼,名,W,,,,,,○,
390,あおき,青木,名,W,2,,,,,○,
400,あおぐ,仰ぐ,五他,W,1,,,○,,○,○
410,あおぐ,△扇ぐ・×煽ぐ,五他,W,1,,,○,○,○,
420,あおくん,青君,名,H,,,,,,○,
430,あおざめる,青ざめる,下一自,W,2,,,,○,○,
440,あおじろい,青白い・×蒼白い,形,W,1,○,,,,,
450,あおしんごう,青信号,名,H,,,,,○,○,
460,あおぞら,青空,名,W,1,,,,○,○,
470,あおむき,仰向き,名,W,1,,,,,○,
480,あおむく,仰向く,五自,W,1,,,,,○,
490,あおむけ,仰向け,名,W,1,,,○,○,○,
500,あおむける,仰向ける,下一他,W,1,,,,,○,
510,あおむし,青虫,名,W,1,,,,○,○,
520,あか,赤,名,W,1,◎,○,○,○,○,○
530,あか,×垢,名,W,1,○,,○,○,○,○
540,あかあかと,明明と,副,W,1,,,○,,,
550,あかい,赤い,形,W,1,◎,○,○,○,○,○
560,あかおに,赤鬼,名,W,,,,,,○,
570,あかぐみ,赤組,名,W,1,,,,○,○,
580,あかご,赤子,名,W,1,,,,,○,
590,あかざばんば,〔人名〕,名,H,,,,,,○,
600,あかじ,赤字,名,H,3,○,,○,,,
610,あかしんごう,赤信号,名,H,2,,,,○,○,
620,あかす,明かす,五他,W,1,,,,○,○,
630,あかちゃん,赤ちゃん,名,W,1,○,,○,○,○,○
640,あかちゃんねずみ,赤ちゃん鼠,名,W,,,,,,○,
650,あかとんぼ,赤〈×蜻×蛉〉,名,W,1,,,,○,○,
660,あからめる,赤らめる,下一他,W,,,,,○,○,
670,あかり,明かり,名,W,1,◎,,○,○,○,
680,あがり,上がり,名・接尾,W,1,,,,○,○,
690,あがる,上がる・揚がる・挙がる・△騰がる,五自,W,1,◎,,○,○,○,○
700,あかるい,明るい,形,W,1,◎,○,○,○,○,○
710,あかるさ,明るさ,名,W,,,,○,,,
720,あかんぼう,赤ん坊,名,H,1,◎,,○,○,○,○
730,あき,秋,名,W,1,◎,○,○,○,○,○
740,あき,明き・空き,名,W,1,○,,○,○,○,
750,あき,飽き・×厭き,名,W,1,,,,,○,
760,あきかぜ,秋風,名,W,1,,,,○,○,
770,あきかん,空き缶,名,H,1,,,,,○,
780,あきばこ,空き箱,名,W,1,,,,,○,
790,あきばれ,秋晴れ,名,W,1,,,,○,○,
800,あきら,〔人名〕,名,W,,,,,,○,
810,あきらか,明らか,形動,W,2,○,,○,,,○
820,あきらめ,×諦め,名,W,1,,,,,○,
830,あきらめる,×諦める,下一他,W,1,◎,,○,○,○,○
840,あきる,飽きる・×厭きる,上一自,W,1,◎,,○,○,○,○
850,あきれる,×呆れる・×惘れる,下一自,W,1,○,,○,○,○,○
860,あく,明く・空く,五自,W,1,,,,,○,
870,あく,開く,五自,W,1,◎,,○,○,○,○
880,あく,悪,名・接頭,K,2,○,,○,,,
890,アクアラング,←aqualung,名,G,,,,,○,○,
900,あくしゅ,握手,名・ス自,K,2,◎,,○,○,○,○
910,アクセサリー,accessory,名,G,3,○,,○,,,
920,アクセント,accent,名,G,3,◎,,,○,,○
930,あくび,〈欠伸〉,名,W,1,○,,○,○,○,○
940,あくま,悪魔,名,K,1,○,,○,○,○,○
950,あくまで,飽くまで,副,W,2,○,,○,,,
960,あぐら,〈×胡座〉,名,W,1,,,,○,○,
970,あくる,明くる,連体,W,2,○,,○,,,
980,あけがた,明け方,名,W,1,,,,○,○,
990,あげく,挙句・揚句,名,H,3,,,○,,,
1000,あげどうふ,揚げ豆腐,名,H,,,,,,,○
1010,あげは,揚羽,名,W,,,,,,○,
1020,あける,明ける,下一自,W,1,◎,○,○,○,○,○
1030,あける,開ける,下一他,W,1,◎,,○,○,○,○
1040,あげる,上げる・揚げる・挙げる,下一自他,W,1,◎,,○,○,○,○
1050,あご,×顎・×頤,名,W,1,◎,,○,○,○,
1060,アコーデオン,accordion,名,G,2,,,,○,○,
1070,あこがれ,×憧れ・×憬れ,名,W,3,○,,,,,
1080,あこがれる,×憧れる・×憬れる,下一自,W,2,○,,○,○,○,○
1090,あさ,朝,名,W,1,◎,○,○,○,○,○
1100,あさ,麻,名,W,2,,,○,,,
1110,あさい,浅い,形,W,1,◎,,○,○,○,○
1120,あさお,〔固〕,名,W,,,,,,○,
1130,あさがお,朝顔,名,W,1,,,,○,○,
1140,あさがた,朝方,名,W,,,,,○,○,
1150,あさごはん,朝御飯,名,H,1,○,,○,○,○,
1160,あさって,〈明後日〉,名,W,1,◎,○,○,○,○,○
1170,あさねぼう,朝寝坊,名,H,1,○,,,,,
1180,あさはん,朝飯,名,H,1,,,,,○,
1190,あさばん,朝晩,名,H,1,○,,,,,
1200,あさひ,朝日・×旭,名,W,1,○,,,○,○,
1210,あさめし,朝飯,名,W,1,○,,,,○,
1220,あざやか,鮮やか,形動,W,2,○,,,,,
1230,あさゆう,朝夕,名,W,2,○,,,,,
1240,あざらし,〈海×豹〉,名,W,3,,,,○,○,
1250,あさり,浅×蜊,名,W,2,,,,○,○,
1260,あし,足・脚,名,W,1,◎,○,○,○,○,○
1270,あじ,味,名,W,1,◎,,○,○,○,○
1280,あじ,×鯵,名,W,3,○,,,,,
1290,アジア,Asia,名,G,2,○,,○,○,,○
1300,あしあと,足跡,名,W,1,○,,,○,○,
1310,あしおと,足音,名,W,1,○,,,○,○,
1320,あしか,海×驢,名,W,,,,,○,○,
1330,あしくび,足首,名,W,1,,,,○,○,
1340,あじさい,〈紫陽花〉,名,W,1,,,,○,○,
1350,あした,〈明日〉,名,W,1,◎,○,○,○,○,○
1360,あじつけ,味付け,名,W,2,,,,○,○,
1370,あしなみ,足並み,名,W,2,,,○,,,
1380,あしぶみ,足踏み,名,W,1,,,○,○,○,
1390,あしもと,足下・足元・足△許,名,W,1,○,,○,○,○,
1400,あじわう,味わう,五他,W,2,○,,,○,○,○
1410,あす,《明日》,名,W,1,○,,○,○,○,○
1420,あずかる,預かる,五他,W,1,◎,,○,○,○,○
1430,あずけ,預け,名,W,1,,,,,○,
1440,あずける,預ける,下一他,W,1,◎,,○,○,○,○
1450,あすこ,△彼△処,代,W,1,,,,,○,
1460,アスファルト,〔蘭〕asphalt,名,G,2,,,,,○,
1470,あせ,汗,名,W,1,◎,,○,○,○,○
1480,あぜ,△畔・×畦,名,W,1,,,,,○,
1490,あぜみち,×畦道,名,W,1,,,,○,○,
1500,あせる,焦る,五自,W,2,○,,,,,○
1510,あせる,×褪せる,下一自,W,3,○,,,,,
1520,あそこ,△彼△処,代,W,1,◎,○,○,○,○,○
1530,あそび,遊び,名,W,1,○,,○,○,○,○
1540,あそぶ,遊ぶ,五自,W,1,◎,○,○,○,○,○
1550,あたい,価・値,名,W,2,○,,○,,,
1560,あだうち,×仇討ち,名,W,2,,,,,○,
1570,あたえる,与える,下一他,W,1,◎,,○,○,○,○
1580,あたし,△私,代,W,1,,,,○,○,
1590,あたたか,暖か・温か,形動,W,1,◎,,○,○,○,
1600,あたたかい,暖かい・温かい,形,W,1,◎,,○,○,○,○
1610,あたたまる,暖まる・温まる,五自,W,1,○,,○,○,○,
1620,あたためる,暖める・温める,下一他,W,1,◎,,○,○,○,○
1630,あだな,×渾名・×仇名,名,W,2,,,,○,○,
1640,あたふた,,副・ス自,W,3,,,,○,○,
1650,あたま,頭,名,W,1,◎,○,○,○,○,○
1660,あたらしい,新しい,形,W,1,◎,○,○,○,○,○
1670,あたり,辺り,名,W,1,◎,,○,○,○,○
1680,あたり,当たり,名,W,1,○,,○,○,○,
1690,あたりまえ,当たり前,形動,W,1,◎,,○,○,○,○
1700,あたる,当たる,五自,W,1,◎,,○,○,○,○
1710,あちこち,,名,W,1,○,,,○,○,
1720,あちら,〈彼方〉,代,W,1,◎,○,○,○,○,○
1730,あちらこちら,〈彼方×此方〉,名,W,1,○,,,,○,
1740,あっ,,感,W,1,,,○,○,○,
1750,あつ,圧,名,K,,,,○,,,
1760,あつい,厚い,形,W,1,◎,,○,○,○,○
1770,あつい,暑い,形,W,1,◎,○,○,○,○,○
1780,あつい,熱い,形,W,1,◎,○,○,○,○,○
1790,あっか,悪化,名・ス自,K,3,○,,,,,
1800,あつかい,扱い,名,W,1,,,,,○,
1810,あつかう,扱う,五他,W,1,◎,,○,○,○,○
1820,あつかましい,厚かましい,形,W,2,○,,,,,
1830,あつぎ,厚着,名,W,2,,,,○,○,
1840,あつくるしい,熱苦しい・暑苦しい,形,W,1,,,○,○,○,
1850,あつこ,〔人名〕,名,W,,,,,,○,
1860,あつさ,厚さ,名,W,2,○,,,,,
1870,あつさ,熱さ・暑さ,名,W,2,○,,,,,
1880,あっさり,,副・ス自,W,1,○,,○,○,○,
1890,あっしゅく,圧縮,名・ス他,K,3,,,○,,,
1900,あったかい,,形,W,,,,,○,○,
1910,あっち,〈彼方〉,代,W,1,,○,○,,,○
1920,あっちこっち,〈彼方此方〉,代,W,,,,,,○,
1930,あっと,,連語,W,,,,,,○,
1940,あっぱく,圧迫,名・ス他,K,3,○,,,,,
1950,アップリケ,〔仏〕applique,名,G,,,,,○,○,
1960,あつぼったい,厚ぼったい,形,W,,,,,○,○,
1970,あつまり,集まり,名,W,1,○,,,,○,
1980,あつまる,集まる,五自,W,1,◎,,○,○,○,○
1990,あつめる,集める,下一他,W,1,◎,,○,○,○,○
2000,あつらえる,×誂える,下一他,W,3,○,,○,,,
2010,あつりょく,圧力,名,K,2,○,,○,,,
2020,あつりょくだんたい,圧力団体,名,K,,,,○,,,
2030,あて,当て・×宛,名,W,1,○,,,○,○,
2040,あてな,あて名・×宛名,名,W,1,○,,○,○,,
2050,アテネ,Athenae,名,G,,,,,○,,
2060,あてはめる,当て×嵌める,下一他,W,2,,,○,,,
2070,あてる,当てる・充てる・×宛てる,下一他,W,1,◎,,○,○,○,○
2080,あと,跡,名,W,1,◎,,○,○,○,○
2090,あと,後,名・接,W,1,◎,○,○,○,○,○
2100,あとかたづけ,跡片付け・後片付け,名,W,1,,,○,○,○,
2110,あどけない,,形,W,3,,,,○,○,
2120,あとしまつ,跡始末・後始末,名,H,1,,,○,,,
2130,あとずさり,後△退り,名,W,2,,,,,○,
2140,アドバルーン,〔和〕ad balloon,名,G,3,,,,○,○,
2150,あとまわし,後回し・後×廻し,名,W,1,○,,○,,,
2160,アドロフ,〔鼠名〕,名,G,,,,,,○,
2170,あな,穴・△孔,名,W,1,◎,,○,○,○,○
2180,アナウンサー,announcer,名,G,1,○,,,○,○,
2190,あなた,〈貴方〉,代,W,1,◎,○,○,○,○,○
2200,あなたがた,〈貴方〉方,代,W,,,,○,,,
2210,あに,兄,名,W,1,◎,,○,○,○,○
2220,あね,姉,名,W,1,◎,,○,○,○,○
2230,あの,,連体,W,1,◎,○,○,○,○,○
2240,あの,,感,W,,,,○,,,
2250,あのかた,△彼の方,代,W,,,,○,,,
2260,あのね,,感,W,1,◎,,○,○,○,
2270,あのねえ,,感,W,,,,,,○,
2280,あのひと,△彼の人,代,W,,,,○,,,
2290,アパート,←apartment house,名,G,2,◎,,○,○,○,○
2300,あばく,暴く・△発く,五他,W,3,,,○,,,
2310,アハハ,,感,W,1,○,,,,○,
2320,あははは,,感,W,,,,,,○,
2330,あばれ,暴れ,名,W,1,,,,,○,
2340,あばれる,暴れる,下一自,W,1,○,,○,○,○,
2350,あび,浴び,造,W,1,,,,,○,
2360,あびせる,浴びせる,下一他,W,1,,,,,○,
2370,あひる,〈家×鴨〉,名,W,1,,,,○,○,○
2380,あびる,浴びる,上一他,W,1,○,,○,○,○,○
2390,あひるっこ,〈家×鴨〉っ子,名,W,,,,,,○,
2400,あぶ,×虻,名,W,1,,,,,○,
2410,あぶない,危ない,形,W,1,◎,○,○,○,○,○
2420,あぶら,油・脂・×膏,名,W,1,◎,,○,○,○,○
2430,あぶらえ,油絵,名,H,1,○,,,,,
2440,あぶらな,油菜,名,W,2,,,,○,○,
2450,あぶらヤシ,油椰子,名,H,,,,○,,,
2460,アフリカ,Africa,名,G,2,○,,,○,○,
2470,あぶりだし,×炙り出し,名,W,2,,,,○,○,
2480,あぶる,×炙る・×焙る,五他,W,1,,,○,○,○,
2490,あふれる,×溢れる,下一自,W,1,○,,○,○,○,○
2500,あべこべ,,名・形動,W,1,○,,,○,○,
2510,あま,亜麻,名,K,3,,,,,○,
2520,あまい,甘い,形,W,1,◎,○,○,○,○,○
2530,あまえ,甘え,名,W,1,,,,,○,
2540,あまえる,甘える,下一自,W,1,○,,○,○,○,
2550,あまがえる,雨×蛙,名,W,1,,,,,○,
2560,あまがき,甘×柿,名,W,2,,,,,○,
2570,あまがさ,雨傘,名,W,1,,,,,○,
2580,あまぐ,雨具,名,H,2,○,,,,,
2590,あまぐも,雨雲,名,W,2,,,,○,○,
2600,あます,余す,五他,W,1,,,○,○,○,
2610,あまずっぱい,甘酸っぱい,形,W,,,,,○,○,
2620,あまだれ,雨垂れ,名,W,1,,,,○,○,
2630,アマチュア,amateur,名,G,3,○,,,,,
2640,あまったるい,甘ったるい,形,W,2,,,,○,○,
2650,あまど,雨戸,名,W,1,○,,,,○,
2660,あまのがわ,天の川・天の河・〈天漢〉,名,W,1,,,,○,○,
2670,あまやかす,甘やかす,五他,W,1,○,,,,○,
2680,あまやどり,雨宿り,名,W,1,,,,○,○,
2690,あまり,余り,名・副・形動,W,1,◎,,○,○,○,○
2700,あまる,余る,五自,W,1,◎,,○,○,○,○
2710,あみ,網,名,W,1,◎,,○,○,○,○
2720,あみど,網戸,名,W,3,,,,○,○,
2730,あみめ,編み目・網目,名,W,2,,,○,,,
2740,あみもの,編み物,名,W,1,○,,,○,○,
2750,あむ,編む,五他,W,1,○,,○,○,○,○
2760,あめ,雨,名,W,1,◎,○,○,○,○,○
2770,あめ,×飴,名,W,1,○,,○,○,○,
2780,あめふり,雨降り,名,W,1,○,,,,,
2790,アメリカ,America,名,G,2,○,,○,○,○,
2800,アメリカじん,アメリカ人,名,H,,,,○,,,
2810,あやうい,危うい,形,W,1,○,,,,○,
2820,あやしい,怪しい・×妖しい,形,W,1,○,,○,○,○,
2830,あやしむ,怪しむ,五他,W,1,,,,,○,
2840,あやす,,五自,W,1,,,,○,○,
2850,あやつりにんぎょう,操り人形,名,H,2,,,,○,○,
2860,あやとり,×綾取り,名,W,1,,,,○,○,
2870,あやまち,過ち,名,W,1,○,,,,,
2880,あやまり,誤り・×謬り,名,W,2,○,,○,,,
2890,あやまる,謝る,五他,W,1,◎,,○,○,○,○
2900,あやまる,誤る・×謬る,五自他,W,2,○,,,○,○,
2910,あゆみ,歩み,名,W,2,,,○,,,○
2920,あゆむ,歩む,五自,W,2,○,,,,,
2930,あら,,感,W,1,○,,○,,○,
2940,あらあら,,感,W,,,,,,○,
2950,あらい,荒い,形,W,1,○,,○,○,○,○
2960,あらい,洗い,名,W,1,,,,,○,
2970,あらい,粗い,形,W,2,○,,○,○,○,○
2980,あらう,洗う,五他,W,1,◎,,○,○,○,○
2990,あらかじめ,△予め,副,W,2,○,,○,,,
3000,あらかた,粗方,名,W,3,,,○,,,
3010,あらし,×嵐,名,W,1,○,,○,○,○,○
3020,あらし,荒らし,名,W,1,,,,,○,
3030,あらす,荒らす,五他,W,1,○,,○,○,○,
3040,あらすじ,粗筋・荒筋,名,W,2,○,,○,○,○,
3050,あらそい,争い,名,W,1,○,,,,○,
3060,あらそう,争う,五他,W,1,◎,,○,○,○,○
3070,あらた,新た,形動,W,2,○,,○,,,
3080,あらたまる,改まる・△革まる,五自,W,1,○,,○,○,○,○
3090,あらため,改め,名,W,1,,,,,○,
3100,あらためて,改めて,副,W,2,○,,,,,
3110,あらためる,改める,下一他,W,1,◎,,○,○,○,
3120,あらっ,,感,W,,,,,,,○
3130,あらっぽい,荒っぽい,形,W,2,○,,,○,○,
3140,アラビア,Arabia,名,G,2,○,,,○,,
3150,あらゆる,,連体,W,3,◎,,○,○,,○
3160,あらら,,感,W,,,,,,○,
3170,あられ,×霰,名,W,1,,,,○,○,
3180,あらわす,表す・現す・△顕す,五他,W,1,◎,,○,○,○,○
3190,あらわす,著す,五他,W,2,◎,,,○,○,
3200,あらわれ,表れ・現れ,名,W,1,○,,,,○,
3210,あらわれる,表れる・現れる・△顕れる,下一自,W,1,◎,,○,○,○,○
3220,あり,×蟻,名,W,1,○,,○,○,○,
3230,ありがたい,有り難い,形,W,1,◎,,○,○,○,○
3240,ありがと,,感,W,,,,,,○,
3250,ありがとう,有難う,感,W,1,◎,○,○,○,○,○
3260,ありがとうございました,有難う御座いました,感,H,,,,○,,,
3270,ありがとうございます,有難う御座います,感,H,,,,,○,○,
3280,ありこ,〔蟻名〕,名,W,,,,,,○,
3290,ありさま,有様,名,W,1,○,,○,,○,○
3300,ありふれた,,連体,W,2,○,,○,,,
3310,ありゃ,,感,W,,,,,,○,
3320,ありゅうさん,亜硫酸,名,K,3,,,○,,,
3330,ある,有る・在る,五自,W,1,◎,○,○,○,○,○
3340,ある,×或る,連体,W,1,◎,,○,○,○,○
3350,あるいは,×或いは,接・副,W,1,◎,,○,○,○,○
3360,アルカリ,〔蘭〕alkali,名,G,2,○,,,,,
3370,あるき,歩き,名,W,1,,,,,○,
3380,あるきだす,歩き出す,五自,W,1,,,,,○,
3390,あるきまわる,歩き回る,五自,W,1,,,,,○,
3400,あるく,歩く,五自,W,1,◎,○,○,○,○,○
3410,アルコール,〔蘭〕alcohol,名,G,2,○,,,○,,
3420,アルゼンチン,Argentine,名,G,,,,,○,,
3430,アルチュール,〔象名〕,名,G,,,,,,○,
3440,アルバイト,〔独〕Arbeit,名,G,3,○,,○,,,
3450,アルバム,album,名,G,1,○,,,○,○,
3460,アルファベット,alphabet,名,G,3,,,,○,○,
3470,アルプス,Alps,名,G,,,,,○,○,
3480,アルミ,←〔蘭〕aluminium,名,G,1,○,,,,,
3490,アルミニウム,〔蘭〕aluminium,名,G,1,,,○,,,
3500,アルミはく,アルミ箔,名,H,,,,,○,○,
3510,あれ,,感,W,1,◎,,○,○,○,
3520,あれ,,代,W,1,◎,○,○,○,○,○
3530,あれ,荒れ,名,W,1,,,,,○,
3540,あれあれ,,感,W,,,,,,○,
3550,あれこれ,△彼△是,名,W,1,○,,,,,
3560,あれっ,,感,W,,,,,,○,○
3570,あれっと,,感,W,,,,,,○,
3580,あれる,荒れる,下一自,W,1,○,,○,○,○,
3590,あわ,泡,名,W,1,○,,○,○,○,
3600,あわ,×粟,名,W,2,,,,,○,
3610,あわい,淡い,形,W,3,,,,,,○
3620,あわす,合わす,五他,W,1,○,,,,○,
3630,あわせる,合わせる・併せる,下一他,W,1,◎,,○,○,○,○
3640,あわせる,会わせる,下一他,W,1,,,,,○,
3650,あわただしい,慌ただしい・×遽しい,形,W,2,○,,○,○,○,
3660,あわて,慌て,名,W,1,,,,,○,
3670,あわてる,慌てる・〈周章てる〉,下一自,W,1,◎,,○,○,○,○
3680,あわれ,哀れ・×憐れ,名・形動,W,3,○,,○,,○,
3690,あわれみ,哀れみ・×憐れみ,名,W,1,,,,,○,
3700,あわれむ,哀れむ・×憐れむ,五他,W,1,,,,,○,
3710,あん,×餡,名,K,1,,,,,○,
3720,あん,案,名,K,2,○,,,,,○
3730,あんがい,案外,副・形動,K,2,◎,,○,○,,○
3740,アンガス,〔犬名〕,名,G,,,,,,○,
3750,あんき,暗記・×諳記,名・ス他,K,1,○,,○,,○,○
3760,あんこ,×餡こ,名,H,1,,,,○,○,
3770,あんこう,×鮟×鱇,名,K,,,,,,○,
3780,あんさつ,暗殺,名・ス他,K,3,○,,,,,
3790,あんじ,暗示,名・ス他,K,3,○,,,,,
3800,あんじる,案じる,上一他,H,2,,,○,,,
3810,あんしん,安心・安神,名・ス自,K,1,◎,,○,○,○,○
3820,あんせい,安静,名,K,2,○,,,,,
3830,あんぜん,安全,名・形動,K,1,◎,,○,○,○,○
3840,あんぜんピン,安全ピン,名,H,,,,,○,○,
3850,あんぜんベルト,安全ベルト,名,H,,,,,○,○,
3860,あんた,〈貴方〉,代,W,1,,,,○,○,
3870,あんてい,安定,名・ス自,K,3,○,,○,,,
3880,アンテナ,antenna,名,G,1,○,,,○,○,
3890,アンデルス,〔人名〕,名,G,,,,,,○,
3900,アンデルセン,Andersen,名,G,,,,,○,○,
3910,あんな,,連体,W,1,◎,,○,○,○,○
3920,あんない,案内,名・ス他,K,1,◎,,○,○,○,○
3930,あんないず,案内図,名,K,,,,,○,○,
3940,あんパン,×餡パン,名,H,1,,,,,○,
3950,あんま,×按摩,名・ス他,K,1,,,,,○,
3960,あんまく,暗幕,名,K,3,,,,○,○,
3970,あんまり,,副・形動,W,1,○,,,○,○,
3980,い,胃,名,K,1,◎,,○,○,○,○
3990,い,位,接尾,K,2,,,○,,,
4000,い,,終助,W,,,,○,,,
4010,いい,△善い・△良い・△好い,形,W,1,◎,,○,○,○,○
4020,いいあう,言い合う,五他,W,1,,,○,,,
4030,いいあらわす,言い表す・言い△顕す,五他,W,1,○,,○,,○,
4040,いいえ,,感,W,1,◎,○,○,○,○,○
4050,いいかえす,言い返す,五他,W,1,,,○,,,
4060,いいかける,言い掛ける,下一他,W,1,,,,,○,
4070,いいかげん,いい加減,形動・副,H,1,○,,○,○,○,
4080,いいかた,言い方,名,W,1,○,,,,○,
4090,いいきかせる,言い聞かせる,下一他,W,1,,,○,○,○,
4100,いいだす,言い出す,五他,W,1,○,,,,○,
4110,いいつかる,言い付かる,五他,W,1,,,,,○,
4120,いいつけ,言い付け,名,W,1,,,,○,○,
4130,いいつける,言い付ける,下一他,W,1,○,,○,,○,
4140,いいつたえ,言い伝え,名,W,2,,,○,,,
4150,イーメール,Eメール,名,G,,,,,,,○
4160,いいわけ,言い訳・言い分け,名,W,1,○,,○,○,○,○
4170,いいん,委員,名,K,1,○,,○,○,,○
4180,いいん,医院,名,K,2,,,,,,○
4190,いいんかい,委員会,名,K,2,○,,,,,
4200,いう,言う・×云う・×謂う,五自他,W,1,◎,○,○,○,○,○
4210,いえ,家,名,W,1,◎,○,○,○,○,○
4220,いえ,,感,W,,,,○,,,
4230,イエスさま,イエス様,名,H,,,,,,○,
4240,いえで,家出,名,W,2,○,,,,,
4250,いえる,言える,下一他,W,,,,○,,○,
4260,いおう,《硫黄》,名,W,2,,,,,,○
4270,イオン,〔独〕Ion,名,G,3,,,○,,,
4280,いか,〈×烏賊〉,名,W,1,○,,,○,○,○
4290,いか,以下,名,K,2,◎,,○,○,○,○
4300,いがい,意外,形動,K,2,○,,,○,○,○
4310,いがい,以外,名,K,2,◎,,○,○,○,○
4320,いかが,〈如何〉,副・形動,W,1,◎,,○,○,○,○
4330,いかがですか,〈如何〉ですか,感,W,,,,○,,,
4340,いがく,医学,名,K,2,○,,,,,
4350,いかす,生かす・△活かす,五他,W,1,○,,○,,○,
4360,いかだ,×筏,名,W,1,,,,○,○,
4370,いがた,鋳型,名,W,3,,,○,,,
4380,いかに,〈如何〉に,副,W,3,,,○,,,
4390,いかにも,〈如何〉にも,副,W,3,○,,○,,,
4400,いかり,×錨・×碇,名,W,1,,,,○,○,
4410,いかり,怒り,名,W,2,○,,○,,,
4420,いき,息,名,W,1,◎,,○,○,○,○
4430,いき,行き,名,W,1,◎,,○,○,○,○
4440,いき,△粋,名・形動,W,2,○,,,,,
4450,いぎ,意義,名,K,3,○,,○,,,
4460,いきいき,生き生き・△活き△活き,トス自,W,1,○,,,,,
4470,いきいき,生き生き・△活き△活き,トス自,W,,,,○,,,
4480,いきおい,勢い,名・副,W,1,◎,,○,○,○,○
4490,いきおいよく,勢いよく,副,W,,,,,○,○,
4500,いきかえり,行き帰り,名,W,1,,,,○,○,
4510,いきかえる,生き返る,五自,W,1,,,○,,,
4520,いきかた,生き方,名,W,,,,○,,,
4530,いきぎれ,息切れ,名,W,2,,,,○,○,
4540,いきさき,行き先,名,W,,,,,○,○,
4550,いきさつ,〈経緯〉,名,W,3,,,○,,,
4560,いきちがい,行き違い,名,W,1,,,,○,○,
4570,いきつぎ,息継ぎ,名,W,,,,,○,○,
4580,いきどまり,行き止まり,名,W,1,,,,○,○,
4590,いきなり,,副,W,1,○,,○,○,○,
4600,いきのこる,生き残る,五自,W,1,,,○,,,
4610,いきもの,生き物,名,W,1,○,,,○,○,
4620,イギリス,〔葡〕Ingle´s,名,G,2,○,,○,○,,
4630,イギリスじん,イギリス人,名,H,,,,○,,,
4640,いきる,生きる・△活きる,上一自,W,1,◎,,○,○,○,○
4650,いく,行く,五自,W,1,◎,○,○,○,○,○
4660,いく,幾,接頭,W,1,○,,○,,○,○
4670,いくさ,戦,名,W,1,,,,,○,
4680,いくじ,《意気地》,名,K,1,,,,,○,
4690,いくじがない,意気地がない,連語,H,,,,○,,,
4700,いくつ,幾つ,名,W,1,◎,○,○,○,○,○
4710,いくつか,幾つか,連語,W,,,,,,,○
4720,いくど,幾度,名,H,1,○,,,,,
4730,いくにち,幾日,名,H,1,○,,,,○,
4740,いくぶん,幾分,名,H,2,○,,,,,
4750,いくら,幾ら,名,W,1,◎,○,○,○,○,○
4760,いくらか,幾らか,名・副,W,2,,,○,,,○
4770,いけ,池,名,W,1,◎,,○,○,○,○
4780,いけがき,生け垣・生け×籬,名,W,1,,,,,○,
4790,いけだ,池田,名,W,,,,,○,,
4800,いけない,,形,W,1,◎,,○,○,○,○
4810,いけばな,生け花・△活け花,名,W,2,○,,○,○,○,○
4820,いけません,行けません,連語,W,,,,○,○,○,
4830,いける,生ける・△活ける・△埋ける,下一他,W,2,,,○,,,
4840,いける,行ける,下一自,W,,,,○,,○,
4850,いけん,意見,名・ス他,K,1,◎,,○,○,○,○
4860,いけんほうれいしんさけん,違憲法令審査権,名,K,,,,○,,,
4870,いご,以後,名,K,2,◎,,○,○,,○
4880,いこう,以降,名,K,3,,,○,,,
4890,いさましい,勇ましい,形,W,1,◎,,○,○,○,○
4900,いさむ,勇む,五自,W,1,,,,,○,
4910,いし,石,名,W,1,◎,○,○,○,○,○
4920,いし,医師,名,K,2,○,,,,,
4930,いし,意志,名,K,2,◎,,○,○,,○
4940,いじ,意地,名,K,1,○,,○,○,○,
4950,いじ,維持,名・ス他,K,3,○,,○,,,
4960,いしうす,石×臼,名,W,2,,,,,○,
4970,いしかわ,石川,名,W,,,,,○,○,
4980,いしき,意識,名・ス他,K,3,○,,○,,,○
4990,いしけり,石蹴り,名,W,1,,,,○,○,
5000,いしこたろう,〔人名〕,名,H,,,,,,○,
5010,いしころ,石ころ,名,W,1,,,,○,○,
5020,いしだん,石段,名,H,1,,,,○,○,
5030,いじめ,×苛め,名,W,1,,,,,○,
5040,いじめる,×苛める,下一他,W,1,○,,○,○,○,○
5050,いしゃ,医者,名,K,1,◎,○,○,○,○,○
5060,いしゅ,異種,名,K,3,,,○,,,
5070,いじゅう,移住,名・ス自,K,2,○,,,,,
5080,いしょう,衣装・衣×裳,名,K,2,○,,,○,○,
5090,いじょう,以上・×已上,名,K,1,◎,,○,○,○,○
5100,いじょう,異常,名・形動,K,2,○,,○,○,,○
5110,いしょくじゅう,衣食住,名,K,3,○,,,,,
5120,いじる,×弄る,五他,W,1,,,,○,○,
5130,いじわる,意地悪,名・形動,H,1,○,,,○,○,
5140,いす,×椅子,名,K,1,◎,○,○,○,○,○
5150,いずみ,泉,名,W,1,○,,,○,○,
5160,イスラムきょう,イスラム教,名,H,,,,,,,○
5170,いずれ,△何れ・×孰れ,代,W,3,○,,○,,,
5180,いせい,威勢,名,K,1,,,○,○,○,
5190,いせい,異性,名,K,3,○,,,,,
5200,いせき,遺跡・遺×蹟,名,K,3,,,,○,○,
5210,いぜん,以前,名,K,2,◎,,○,○,,○
5220,いぜん,依然,副・トタル,K,3,,,○,,,
5230,いそ,×磯,名,W,2,,,,○,○,
5240,いそがしい,忙しい,形,W,1,◎,,○,○,○,○
5250,いそぎ,急ぎ,名,W,1,,,,,○,
5260,いそぐ,急ぐ,五自他,W,1,◎,,○,○,○,○
5270,イソップどうわ,イソップ童話,名,H,,,,,○,○,
5280,いた,板,名,W,1,◎,,○,○,○,○
5290,いたい,痛い,形,W,1,◎,○,○,○,○,○
5300,いだい,偉大,名,K,2,○,,,,,
5310,いだく,抱く・△懐く,五他,W,2,,,,○,○,
5320,いたす,致す,五他,W,1,◎,,○,○,○,○
5330,いたずら,〈悪戯〉,名,W,1,◎,,○,○,○,○
5340,いたずらっこ,いたずらっ子,名,W,,,,,,○,
5350,いただき,頂,名,W,1,,,,○,○,
5360,いただきます,×戴きます,感,W,2,◎,,○,○,○,
5370,いただく,頂く・×戴く,五他,W,1,◎,,○,○,○,○
5380,いたち,×鼬,名,W,2,,,,,○,
5390,いたのま,板の間,名,W,1,,,,○,○,
5400,いたみ,痛み・傷み・悼み,名,W,2,○,,○,,,
5410,いたむ,痛む・傷む,五自,W,1,◎,,○,○,○,○
5420,いためる,痛める・傷める,下一他,W,1,○,,○,○,○,
5430,いためる,×炒める,下一他,W,3,○,,,○,○,○
5440,イタリア,〔伊〕Italia,名,G,2,○,,,○,,
5450,いたる,至る・△到る,五自,W,2,,,○,,,
5460,いたわり,△労り,名,W,1,,,,,○,
5470,いたわる,△労る,五他,W,1,○,,,○,○,
5480,いち,一,名,K,1,◎,○,○,○,○,○
5490,いち,市,名,W,1,,,○,,○,
5500,いち,位置,名・ス自,K,2,◎,,○,○,○,○
5510,いちいち,一一,副,K,1,○,,,○,○,
5520,いちいん,一員,名,K,,,,○,,,
5530,いちおう,一応,副,K,2,○,,○,○,○,○
5540,いちがいに,一概に,副,H,3,,,○,,,
5550,いちがつ,一月,名,K,2,,,○,,,
5560,いちご,×苺・×莓,名,W,1,○,,○,○,○,○
5570,いちごジャム,×苺ジャム,名,H,,,,,,○,
5580,いちごつみ,×苺摘み,名,W,,,,,,○,
5590,いちじ,一時,名,K,2,○,,○,,,
5600,いちじつ,一日,名,K,,,,○,,,
5610,いちじるしい,著しい,形,W,2,○,,○,,,
5620,いちだい,一代,名,K,,,,○,,,
5630,いちど,一度,名,K,1,○,,○,○,○,
5640,いちどう,一同,名,K,2,○,,,,,
5650,いちどに,一度に,副,H,1,○,,○,,○,
5660,いちにさん,一二三,名,K,,,,,,,○
5670,いちにち,一日,名,K,2,,,○,,,
5680,いちにちじゅう,一日中,名,K,,,,,,○,
5690,いちねん,一年,名,K,,,,○,,,
5700,いちねんかん,一年間,名,K,,,,○,,,
5710,いちねんせい,一年生,名,K,1,,,○,,,
5720,いちば,市場,名,W,1,○,,○,○,○,○
5730,いちばん,一番,名・副,K,1,◎,○,○,○,○,○
5740,いちぶ,一部,名,K,2,◎,,○,○,,○
5750,いちぶぶん,一部分,名,K,2,○,,○,,,
5760,いちめん,一面,名,K,1,○,,○,○,○,
5770,いちもくさん,一目散,名,K,3,,,,○,○,
5780,いちもくさん,（自動車名）,名,K,,,,,,○,
5790,いちょう,〈銀×杏〉・〈公孫樹〉・〈×鴨脚〉,名,K,1,,,,○,○,
5800,いちよう,一様,形動,K,2,○,,○,,,
5810,いちりゅう,一流,名,K,2,○,,,,,
5820,いちりんしゃ,一輪車,名,K,,,,,○,○,
5830,いちろう,〔人名〕,名,K,,,,,,○,
5840,いちろうにいさん,〔固〕,名,H,,,,,,○,
5850,いちんち,一日,名,K,,,,,,○,
5860,いつ,〈何時〉,名,W,1,◎,○,○,○,○,
5870,いっか,一家,名,K,1,○,,○,○,○,
5880,いつか,〈何時〉か,副,W,1,◎,○,○,○,○,
5890,いつか,五日,名,W,1,◎,,○,○,○,○
5900,いっき,一気,名,K,2,,,,○,○,
5910,いっこう,一向,副,K,1,○,,○,○,○,
5920,いっこく,一国,名,K,,,,○,,,
5930,いっさい,一切,名,K,2,○,,○,,,○
5940,いっさんかたんそ,一酸化炭素,名,K,3,,,○,,,
5950,いっしゅ,一種,名,K,2,○,,○,,,
5960,いっしゅう,一周,名・ス自,K,2,○,,,,,
5970,いっしゅん,一瞬,名,K,3,○,,,,,
5980,いっしょ,一緒,名,K,1,◎,,○,○,○,○
5990,いっしょう,一生,名,K,1,◎,,○,○,○,○
6000,いっしょうけんめい,一生懸命,名・形動,K,1,◎,,○,○,○,○
6010,いっしん,一心,名,K,1,,,○,○,○,
6020,いっすんぼうし,一寸法師,名,K,1,,,,,○,
6030,いっせい,一斉,名,K,1,○,,○,○,○,
6040,いっそ,,副,W,2,○,,○,,,
6050,いっそう,一層,副・名,K,1,◎,,○,○,○,○
6060,いったい,一体,名・副,K,1,○,,○,○,○,
6070,いったん,一×旦,副,K,1,○,,○,○,○,
6080,いったん,一端,名,K,3,,,○,,,
6090,いっち,一致,名・ス自,K,2,○,,○,,,○
6100,いっちょ,一△丁,名,K,,,,,,○,
6110,いつつ,五つ,名,W,1,◎,○,○,○,○,○
6120,いってい,一定,名・ス自他,K,2,○,,○,,,○
6130,いっていりょう,一定量,名,K,,,,○,,,
6140,いってきます,行ってきます,感,W,,,,,○,○,
6150,いつでも,〈何時〉でも,副,W,2,○,,,,,
6160,いってらっしゃい,行ってらっしゃい,感,W,,,,,○,○,
6170,いっとう,一等,名,K,1,,,○,○,○,
6180,いっとうしょう,一等賞,名,K,,,,,○,○,
6190,いつのまに,〈何時〉の間に,副,W,,,,○,,○,
6200,いつのまにか,〈何時〉の間にか,副,W,2,○,,,,,
6210,いっぱい,一杯,名,K,1,◎,,○,○,○,○
6220,いっぱん,一般,名,K,2,◎,,○,○,,○
6230,いっぺん,一遍,名,K,3,,,,○,○,
6240,いっぽう,一方,名,K,1,◎,,○,○,○,○
6250,いっぽんばし,一本橋,名,H,,,,,,○,
6260,いつまで,〈何時〉×迄,副,W,,,,,,○,
6270,いつまでも,〈何時〉×迄も,副,W,1,○,,,,○,
6280,いつも,〈何時〉も,副・名,W,1,◎,○,○,○,○,○
6290,いと,糸,名,W,1,◎,,○,○,○,○
6300,いと,意図,名・ス他,K,3,○,,,,,
6310,いど,井戸,名,W,1,○,,○,,○,
6320,いとう,伊△藤,名,K,,,,,○,,
6330,いどう,移動,名・ス自他,K,2,○,,○,,,
6340,いとぐるま,糸車,名,W,,,,,,○,
6350,いとこ,〈従兄弟〉・〈従姉妹〉,名,W,1,◎,,○,○,○,○
6360,いとなむ,営む,五他,W,3,○,,○,,,
6370,いとま,△暇,名,W,2,,,○,,,
6380,いない,以内,名,K,2,◎,,○,○,○,○
6390,いなか,《田舎》,名,W,1,◎,,○,○,○,○
6400,いなずま,稲妻,名,W,2,,,,○,○,
6410,いなびかり,稲光,名,W,1,,,,○,○,
6420,いなりずし,〈稲荷〉×鮨,名,W,,,,,○,○,
6430,いぬ,犬・×狗,名,W,1,◎,○,○,○,○,○
6440,いぬごや,犬小屋,名,W,,,,,○,○,
6450,いね,稲,名,W,1,◎,,○,○,○,○
6460,いねかり,稲刈り,名,W,1,,,,○,○,
6470,いねむり,居眠り,名,W,1,,,,○,○,
6480,いのうえ,△井上,名,W,,,,,○,,
6490,いのこる,居残る,五自,W,1,,,○,,,
6500,いのしし,×猪,名,W,1,,,,○,○,
6510,いのち,命,名,W,1,◎,,○,○,○,○
6520,いのり,祈り・×祷り,名,W,1,○,,○,,○,○
6530,いのる,祈る・×祷る,五他,W,1,◎,,○,○,○,○
6540,いばら,×茨・〈×荊×棘〉,名,W,1,,,,,○,
6550,いばる,威張る,五自,H,1,○,,○,○,○,
6560,いはん,違反,名・ス自,K,3,◎,,○,○,○,
6570,いびき,×鼾,名,W,1,○,,,○,○,
6580,いふく,衣服,名,K,2,○,,,,,
6590,いま,今,名,W,1,◎,○,○,○,○,○
6600,いま,居間,名,W,1,○,,,○,○,
6610,いまごろ,今×頃,名,W,1,○,,,,○,
6620,いまさら,今更,名,W,1,○,,,,,
6630,いまに,今に,副,W,1,◎,,,○,○,
6640,いまにも,今にも,副,W,1,○,,,,○,
6650,いままで,今まで,副,W,1,○,,,,○,
6660,いみ,意味,名・ス他,K,1,◎,○,○,○,○,○
6670,いみん,移民,名・ス自,K,2,○,,,,,
6680,イメージ,image,名,G,3,○,,,,,
6690,いも,芋・×薯・×藷,名,W,1,○,,○,○,○,○
6700,いもうと,妹,名,W,1,◎,○,○,○,○,○
6710,いもうとさん,妹さん,連語,W,,,,○,,,
6720,いもほり,芋掘り,名,W,1,,,,○,○,
6730,いもむし,芋虫,名,W,2,,,,○,○,
6740,いや,△否,感,W,1,◎,,,○,○,○
6750,いや,嫌,形動,W,1,,,○,,,○
6760,いやいや,嫌嫌,副・名,W,1,○,,,,○,○
6770,いやがる,嫌がる,五他,W,1,○,,,,,
6780,いやしい,卑しい・×賎しい,形,W,2,○,,,○,○,
6790,いやに,嫌に,副,W,3,○,,,,,
6800,イヤホーン,earphone,名,G,,,,,○,○,
6810,いやらしい,,形,W,1,○,,,,○,
6820,イヤリング,earring,名,G,,,,,○,○,
6830,いよいよ,×愈・×愈×愈,副,W,1,○,,○,○,○,○
6840,いよく,意欲・意×慾,名,K,3,○,,,,,
6850,いらい,以来,名,K,2,○,,○,,,○
6860,いらい,依頼,名・ス自他,K,3,○,,,,,
6870,いらいら,×苛×苛,副・ス自,W,2,○,,,○,○,
6880,イラク,Iraq,名,G,2,○,,,○,,
6890,いらっしゃい,,感,W,1,,,,,○,
6900,いらっしゃいませ,,感,W,2,◎,,,○,○,
6910,いらっしゃる,,五自,W,1,◎,,○,○,○,○
6920,イラン,Iran,名,G,,,,,○,,
6930,いり,入り,名,W,1,,,,,○,
6940,いりぐち,入り口,名,W,1,◎,○,○,○,○,○
6950,いりょう,衣料,名,K,3,○,,,,,
6960,いりょう,医療,名,K,3,,,○,,,
6970,いりよう,入り用,名,H,1,,,○,,,
6980,いる,入る・要る,五自,W,1,◎,,○,○,○,○
6990,いる,×炒る・×煎る・×熬る,五他,W,1,,,○,○,○,
7000,いる,居る,上一自,W,1,◎,○,○,○,○,○
7010,いる,射る,上一他,W,1,,,,○,○,○
7020,いるい,衣類,名,K,2,○,,○,,,○
7030,いるか,〈海豚〉,名,W,3,,,,○,○,
7040,いれ,入れ,名,W,1,,,,,○,
7050,いれかえる,入れ替える・入れ換える,下一他,W,1,,,○,,○,
7060,いれかわる,入れ替わる,五自,W,2,,,○,,,
7070,いれちがい,入れ違い,名,W,2,,,○,,,
7080,いれば,入れ歯,名,W,1,,,,○,○,
7090,いれもの,入れ物,名,W,1,○,,,○,○,
7100,いれる,入れる・△容れる,下一他,W,1,◎,,○,○,○,○
7110,いろ,色,名,W,1,◎,○,○,○,○,○
7120,いろいろ,色色,名・副・形動,W,1,◎,○,○,○,○,○
7130,いろえんぴつ,色鉛筆,名,H,1,,,,○,○,
7140,いろがみ,色紙,名,W,1,,,,○,○,
7150,いろづく,色付く,五自,W,2,,,,,○,
7160,いろり,囲炉裏,名,W,1,,,,,○,○
7170,いろんな,色んな,連体,W,1,○,,○,○,○,
7180,いわ,岩・×巌・×磐,名,W,1,◎,,○,○,○,○
7190,いわい,祝い,名,W,1,○,,○,,○,
7200,いわう,祝う,五他,W,1,◎,,○,○,○,○
7210,いわさききょうこ,〔人名〕,名,H,,,,,,○,
7220,いわし,×鰯・×鰮,名,W,1,○,,,,,
7230,いわしぐも,×鰯雲,名,W,3,,,,○,○,
7240,いわば,言わば,副,W,3,○,,○,,,
7250,いわゆる,〈所×謂〉,連体,W,3,○,,,,,○
7260,いわれ,×謂れ,名,W,3,,,○,,,
7270,いん,印,名,K,2,,,○,,,
7280,いん,員,名,K,2,○,,○,,,○
7290,いん,陰,名,K,3,,,○,,,
7300,いんかん,印鑑,名,K,3,,,,○,○,
7310,インキ,〔蘭〕inkt・〔英〕ink,名,G,1,,,○,,○,○
7320,インク,〔蘭〕inkt・〔英〕ink,名,G,1,◎,,○,○,○,○
7330,いんこ,,名,K,,,,,○,○,
7340,いんこう,×咽×喉,名,K,1,,,,,○,
7350,いんさつ,印刷,名・ス他,K,1,◎,,○,○,○,○
7360,いんしょう,印象,名,K,2,◎,,○,○,○,○
7370,インスタント,instant,名・形動,G,,,,,○,○,
7380,いんせき,×隕石,名,K,,,,,○,○,
7390,インターネット,internet,名,G,,,,,,,○
7400,インターン,intern,名,G,,,,,,,○
7410,いんちき,,名・ス自,W,3,,,○,,,○
7420,インテリ,←〔露〕intelligentsiya,名,G,3,○,,○,,,○
7430,インド,India,名,G,2,○,,,○,,
7440,イントネーション,intonation,名,G,2,○,,,,,
7450,インドネシア,Indonesia,名,G,2,○,,,○,,
7460,インフレ,←inflation,名,G,3,○,,○,,,○
7470,いんよう,引用,名・ス他,K,3,○,,,,,
7480,う,,助動,W,1,,,○,○,,○
7490,う,,感,W,,,,○,,○,
7500,ウァック,〔鴨名〕,名,G,,,,,,○,
7510,ウイスキー,whisky,名,G,3,○,,○,,,○
7520,ウィリー,〔犬名〕,名,G,,,,,,○,
7530,うう,,感,W,1,,,○,,,
7540,うううう,,感,W,,,,,,○,
7550,ウーフ,〔人名〕,名,G,,,,,,○,
7560,うーふー,,感,W,,,,,,○,
7570,ウール,wool,名,G,2,○,,○,,,○
7580,ううん,,感,W,1,,,○,,,
7590,うえ,上,名・接尾,W,1,◎,○,○,○,○,○
7600,ウェートレス,waitress,名,G,2,○,,,,,
7610,うえき,植木,名,W,1,○,,,○,○,○
7620,うえきばち,植木鉢,名,H,,,,,,○,
7630,うえした,上下,名,W,1,○,,,,,
7640,うえじに,飢え死に・△餓え死に,名,W,2,,,,,○,
7650,うえたけ,〔固〕,名,W,,,,,,○,
7660,うえつける,植え付ける,下一他,W,1,,,○,,,
7670,うえの,〔固〕,名,W,,,,,,○,
7680,うえる,植える,下一他,W,1,◎,,○,○,○,○
7690,うお,魚,名,W,1,,,○,○,○,○
7700,うおううおう,,感,W,,,,,,○,
7710,うがい,×嗽,名,W,1,○,,○,○,○,○
7720,うかうか,,副・ス自,W,1,,,,,○,
7730,うかがい,伺い,名,W,1,,,,,○,
7740,うかがう,伺う,五他,W,1,◎,,○,○,○,○
7750,うかぶ,浮かぶ,五自,W,1,◎,,○,○,○,○
7760,うかべる,浮かべる,下一他,W,1,○,,○,○,○,
7770,うかる,受かる,五自,W,1,,,,○,○,
7780,うかれる,浮かれる,下一自,W,2,,,,○,○,
7790,うき,浮き,名,W,1,,,,○,○,
7800,うき,雨季・雨期,名,K,2,,,○,,,○
7810,うきうき,浮き浮き,副・ス自,W,2,,,,○,○,
7820,うきぶくろ,浮き袋,名,W,1,,,,○,○,
7830,うぎゃー,,感,W,,,,,,○,
7840,うく,浮く,五自,W,1,◎,,○,○,○,○
7850,うぐいす,×鴬,名,W,1,,,,○,○,
7860,ウクレレ,ukulele,名,G,,,,○,,,
7870,うけ,受け・請け,名,W,1,,,,,○,
7880,うけあう,受け合う・請け合う,五他,W,2,,,○,,,
7890,うけいれる,受け入れる,下一他,W,2,○,,○,,,○
7900,うけつぐ,受け継ぐ,五他,W,2,○,,○,,,
7910,うけつけ,受付,名,W,2,◎,,○,○,○,○
7920,うけつける,受け付ける,下一他,W,2,○,,○,○,,○
7930,うけとめる,受け止める,下一他,W,1,○,,○,,,
7940,うけとり,受取・請取,名,W,1,○,,,,,○
7950,うけとる,受け取る,五他,W,1,◎,,○,○,○,○
7960,うけみ,受け身,名,W,2,○,,○,,,○
7970,うけもち,受け持ち,名,W,1,○,,,,,
7980,うけもつ,受け持つ,五他,W,1,,,○,,,
7990,うける,受ける・△承ける・請ける,下一他,W,1,◎,,○,○,○,○
8000,うごかす,動かす,五他,W,1,◎,,○,○,○,○
8010,うごき,動き,名,W,1,○,,,,○,
8020,うごきかた,動き方,名,W,,,,,,○,
8030,うごきだす,動き出す,五自,W,1,,,,,○,
8040,うごく,動く,五自,W,1,◎,,○,○,○,○
8050,うごける,動ける,下一自,W,,,,,,○,
8060,うさぎ,×兎,名,W,1,○,,○,○,○,○
8070,うさこちゃん,,名,W,,,,,,○,
8080,うし,牛,名,W,1,◎,○,○,○,○,○
8090,うしなう,失う,五他,W,1,○,,○,○,○,○
8100,うしのふん,牛の糞,連語,H,,,,,,○,
8110,うしろ,後ろ,名,W,1,◎,○,○,○,○,○
8120,うしろば,後ろ歯,名,W,,,,,,○,
8130,うしろむき,後ろ向き,名,W,1,,,,○,○,
8140,うす,×臼,名,W,1,,,,,○,
8150,うず,渦,名,W,1,,,,○,○,○
8160,うすい,薄い,形,W,1,◎,,○,○,○,○
8170,うすぎ,薄着,名,W,1,,,○,○,○,
8180,うずく,×疼く,五自,W,2,,,,○,○,
8190,うずくまる,×蹲る・×踞る,五自,W,1,,,,○,○,
8200,うすぐもり,薄曇り,名,W,1,,,,○,○,
8210,うすぐらい,薄暗い,形,W,1,○,,○,,○,
8220,うすっぺら,薄っぺら,形動,W,2,,,,○,○,
8230,うずまき,渦巻き,名,W,1,,,○,○,○,
8240,うずまる,△埋まる,五自,W,1,,,○,○,○,
8250,うずむ,△埋む,四他,W,1,,,,,○,
8260,うすめる,薄める,下一他,W,1,○,,,○,○,
8270,うずめる,△埋める,下一他,W,1,○,,○,○,○,
8280,うずもれる,△埋もれる,下一自,W,2,,,○,,,
8290,うすらぐ,薄らぐ,五自,W,1,,,,,○,
8300,うすれる,薄れる,下一自,W,1,,,,,○,
8310,うそ,×嘘,名,W,1,◎,,○,○,○,○
8320,うそつき,×嘘つき,名,W,1,,,,,○,
8330,うそなき,×嘘泣き,名,W,,,,,○,○,
8340,うた,歌,名,W,1,◎,○,○,○,○,○
8350,うたい,謡,名,W,3,,,,,,○
8360,うたいだす,歌い出す,五他,W,1,,,,,○,
8370,うたいはじめる,歌い始める,下一他,W,,,,,,○,
8380,うたう,歌う・謡う・×唄う・×謳う,五他,W,1,◎,○,○,○,○,○
8390,うたがい,疑い,名,W,1,○,,○,,○,○
8400,うたがう,疑う,五他,W,1,◎,,○,○,○,○
8410,うたごえ,歌声,名,W,1,○,,,,○,
8420,うち,打ち,名・接頭・接尾,W,1,,,,,○,
8430,うち,討ち,造,W,1,,,,,○,
8440,うち,撃ち,造,W,1,,,,,○,
8450,うち,内,名,W,1,◎,,○,○,○,○
8460,うち,△家,名,W,1,◎,○,○,○,○,○
8470,うちあける,打ち明ける,下一他,W,1,○,,○,,,
8480,うちあげる,打ち上げる,下一自他,W,2,,,,○,○,
8490,うちあわせ,打ち合わせ,名,W,2,○,,○,,,○
8500,うちあわせる,打ち合わせる,下一他,W,2,○,,○,,,
8510,うちがわ,内側,名,W,1,○,,,○,○,
8520,うちきる,打ち切る,五他,W,2,,,○,,,○
8530,うちけし,打ち消し,名,W,2,○,,,,,
8540,うちけしあう,打ち消しあう,五他,W,,,,○,,,
8550,うちけす,打ち消す,五他,W,2,,,○,,,
8560,うちこむ,打ち込む,五他,W,1,○,,○,,,○
8570,うちだ,内田,名,W,,,,,○,,
8580,うちだす,打ち出す,五他,W,1,,,○,,,
8590,うちでのこづち,打出の小×槌,名,W,,,,,,○,
8600,うちねこさん,〔猫名〕,名,W,,,,,,○,
8610,うちゅう,宇宙,名,K,2,○,,○,○,○,○
8620,うちわ,〈団扇〉,名,W,1,○,,○,○,○,○
8630,うちわ,内輪,名,W,3,,,,,○,
8640,うちわけ,内訳,名,W,3,,,○,,,○
8650,うっ,,感,W,,,,○,,,
8660,うつ,打つ,五他,W,1,◎,,○,○,○,○
8670,うつ,討つ,五他,W,1,◎,,,○,○,
8680,うつ,撃つ,五他,W,1,◎,,,○,○,
8690,うっかり,,副・ス自,W,1,◎,,○,○,○,○
8700,うつくしい,美しい,形,W,1,◎,,○,○,○,○
8710,うつし,写し,名,W,1,,,,,○,
8720,うつす,写す,五他,W,1,◎,,○,○,○,○
8730,うつす,映す,五他,W,1,◎,,○,○,○,○
8740,うつす,移す,五他,W,1,◎,,○,○,○,○
8750,うったえ,訴え,名,W,2,○,,,,,
8760,うったえる,訴える,下一自他,W,2,○,,○,○,○,
8770,うっとうしい,×鬱陶しい,形,H,2,○,,,,,
8780,うっとり,,副・ス自,W,1,,,,,○,
8790,うっふー,,感,W,,,,,,○,
8800,うつぶせ,うつ伏せ・×俯せ,名,W,2,,,,○,○,
8810,うつむき,×俯き,名,W,1,,,,,○,
8820,うつむく,×俯く,五自,W,1,○,,○,○,○,
8830,うつむける,×俯ける,下一他,W,1,,,,,○,
8840,うつり,写り,名,W,1,,,,,○,
8850,うつり,映り,名,W,1,,,,,○,
8860,うつり,移り,名,W,1,,,,,○,
8870,うつりかわり,移り変わり・△遷り変わり,名,W,2,,,○,,,
8880,うつる,写る,五自,W,1,○,,○,○,○,○
8890,うつる,映る,五自,W,1,○,,○,○,○,○
8900,うつる,移る,五自,W,1,◎,,○,○,○,○
8910,うつわ,器,名,W,2,○,,,,,
8920,うで,腕,名,W,1,◎,,○,○,○,○
8930,うでぐみ,腕組み,名,W,1,,,○,○,○,
8940,うでずもう,腕《相撲》,名,W,1,,,,○,○,
8950,うでどけい,腕《時計》,名,H,1,○,,,○,○,
8960,うでまえ,腕前,名,W,2,○,,○,,,
8970,うでまくり,腕×捲り,名,W,2,,,,○,○,
8980,うてん,雨天,名,K,2,○,,,,,
8990,うとうと,,副・ス自,W,1,,,,○,○,
9000,うどん,×饂×飩,名,K,1,○,,○,○,○,○
9010,うながす,促す,五他,W,3,,,○,,,
9020,うなぎ,×鰻,名,W,1,○,,,○,○,
9030,うなずく,×頷く,五自,W,1,○,,○,○,○,
9040,うなだれる,△項垂れる,下一自,W,2,,,,○,○,
9050,うなり,×唸り,名,W,1,,,,,○,
9060,うなる,×唸る,五自,W,1,○,,○,○,○,
9070,うぬぼれ,△己×惚れ・△自×惚れ,名,W,2,○,,,,,
9080,うぬぼれる,△己×惚れる・△自×惚れる,下一自,W,2,,,○,○,○,
9090,うねる,,五自,W,2,,,,○,○,
9100,うば,《乳母》,名,W,2,,,,,,○
9110,うばう,奪う,五他,W,2,○,,○,○,○,
9120,うばぐるま,《乳母》車,名,W,1,,,,○,○,
9130,ウパス,〔固〕,名,G,,,,,,○,
9140,うふふ,,感,W,,,,○,,,
9150,うま,馬,名,W,1,◎,○,○,○,○,○
9160,うまい,△甘い・△旨い・△巧い,形,W,1,◎,,○,○,○,○
9170,うまのり,馬乗り,名,W,1,,,,○,○,
9180,うまや,馬屋・×厩,名,W,1,,,,,○,
9190,うまる,埋まる,五自,W,1,,,○,○,○,
9200,うまれ,生まれ,名,W,1,○,,,,○,○
9210,うまれつき,生まれつき,名,W,1,○,,,,,
9220,うまれる,生まれる・産まれる,下一自,W,1,◎,○,○,○,○,○
9230,うみ,海,名,W,1,◎,○,○,○,○,○
9240,うみ,産み・生み,名,W,1,,,,,○,
9250,うみだす,産み出す,五他,W,,,,○,,,
9260,うみたて,産み立て,名,W,,,,,,○,
9270,うみつける,産み付ける・生み付ける,下一他,W,1,,,,,○,
9280,うみべ,海辺,名,W,1,,,,,○,
9290,うむ,産む・生む,五他,W,1,◎,,○,○,○,○
9300,うむ,×膿む,五自,W,2,,,,○,○,
9310,うむ,有無,名,K,3,○,,,,,
9320,うめ,梅,名,W,1,○,,○,○,○,○
9330,うめだえつこ,〔固〕,名,H,,,,,,○,
9340,うめたてる,埋め立てる,下一他,W,2,,,○,,,
9350,うめぼし,梅干し,名,W,1,○,,,○,○,○
9360,うめる,埋める,下一他,W,1,○,,○,○,○,○
9370,うめる,生める・産める,下一他,W,,,,,,○,
9380,うもれる,埋もれる,下一自,W,1,,,,,○,
9390,うやまう,敬う,五他,W,1,,,○,,○,
9400,うら,裏,名,W,1,◎,,○,○,○,○
9410,うらおもて,裏表,名,W,1,○,,,,,
9420,うらがえし,裏返し,名,W,1,○,,,○,○,
9430,うらがえす,裏返す,五他,W,1,○,,○,○,○,
9440,うらぎる,裏切る,五他,W,2,○,,,,,
9450,うらぐち,裏口,名,W,1,○,,,,○,
9460,うらしま,〔固〕,名,W,,,,,,○,
9470,うらしまたろう,〔固〕,名,H,,,,,,○,
9480,うらないおんな,占い女,名,W,,,,,,○,
9490,うらにわ,裏庭,名,W,1,,,,,○,
9500,うらみ,恨み・×怨み・△憾み,名,W,1,○,,,,○,
9510,うらむ,恨む・×怨む・△憾む,五他,W,1,○,,○,○,○,○
9520,うらめしい,恨めしい・×怨めしい,形,W,1,,,○,○,○,
9530,うらもん,裏門,名,H,1,○,,,,,
9540,うらやましい,×羨ましい,形,W,1,◎,,○,○,○,○
9550,うらやむ,×羨む,五自,W,1,,,○,,○,
9560,うり,×瓜,名,W,1,,,○,,○,
9570,うり,売り,名,W,1,,,,,○,
9580,うりあげ,売り上げ,名,W,2,,,○,,,○
9590,うりきれ,売り切れ,名,W,1,○,,○,○,○,○
9600,うりきれる,売り切れる,下一自,W,1,○,,○,,,○
9610,うりだす,売り出す,五他,W,1,○,,,,,
9620,うりば,売り場,名,W,2,○,,○,○,○,○
9630,うりもの,売り物,名,W,1,○,,,,○,
9640,うりょう,雨量,名,K,2,,,○,,,○
9650,うる,売る,五他,W,1,◎,,○,○,○,○
9660,うるさい,△煩い・〈五月×蝿〉い,形,W,1,◎,,○,○,○,○
9670,うるし,漆,名,W,2,,,○,,,○
9680,うるむ,潤む,五自,W,3,,,,○,○,
9690,うれしい,×嬉しい,形,W,1,◎,○,○,○,○,○
9700,うれしなき,×嬉し泣き,名,W,2,,,,○,○,
9710,うれる,売れる,下一自,W,1,◎,,○,○,○,
9720,うれる,熟れる,下一自,W,1,,,○,,○,
9730,うろ,△空・△虚,名,W,2,,,,,○,
9740,うろうろ,,副・ス自,W,1,○,,,○,○,
9750,うろこ,×鱗,名,W,1,,,○,○,○,
9760,うろちょろ,,副・ス自,W,,,,,○,○,
9770,うろつく,,五自,W,3,,,,○,○,
9780,うわあ,,感,W,,,,,,○,
9790,うわあい,,感,W,,,,,,○,
9800,うわき,《浮気》,名,H,3,○,,,,,
9810,うわぎ,上着・上△衣,名,W,1,◎,,○,○,○,○
9820,うわさ,×噂,名,W,1,◎,,○,○,○,○
9830,うわばき,上履き,名,W,1,,,,○,○,
9840,うん,,感,W,1,○,,○,○,○,○
9850,うん,運,名,K,1,◎,,○,○,○,○
9860,うんえい,運営,名・ス他,K,3,○,,○,,,
9870,うんが,運河,名,K,3,○,,,,,
9880,うんこ,,名,W,,,,,○,○,
9890,うんそう,運送,名・ス他,K,2,,,,,,○
9900,うんち,,名,W,,,,,○,○,
9910,うんちん,運賃,名,K,2,○,,○,,,○
9920,うんてん,運転,名・ス自他,K,1,◎,,○,○,○,○
9930,うんてんしゅ,運転手,名,K,1,○,,○,○,○,○
9940,うんと,,副,W,1,○,,○,,○,○
9950,うんどう,運動,名・ス自,K,1,◎,,○,○,○,○
9960,うんどうかい,運動会,名,K,1,○,,○,○,○,
9970,うんどうぎ,運動着,名,H,,,,,○,○,
9980,うんどうぐ,運道具,名,K,,,,,○,○,
9990,うんどうぐつ,運動靴,名,H,1,,,,○,○,
10000,うんどうクラブ,運動クラブ,名,H,,,,,○,○,
10010,うんどうじょう,運動場,名,K,1,◎,,○,○,○,
10020,うんとこしょ,,感,W,,,,,,○,
10030,うんぱん,運搬,名・ス他,K,2,○,,○,,,○
10040,うんめい,運命,名,K,2,○,,○,○,,○
10050,うんゆ,運輸,名,K,3,○,,,,,
10060,うんよう,運用,名・ス他,K,3,,,○,,,
10070,え,,感,W,1,,,○,,○,
10080,え,重,接尾,W,1,,,○,,,
10090,え,絵・△画,名,K,1,◎,○,○,○,○,○
10100,え,柄,名,W,1,○,,○,○,○,○
10110,え,×餌,名,W,1,,,○,,○,
10120,えい,,感,W,1,,,,,○,
10130,えいえん,永遠,名,K,2,○,,,,,
10140,えいが,映画,名,K,1,◎,○,○,○,○,○
10150,えいがかん,映画館,名,K,1,○,,○,,,
10160,えいきゅう,永久,名,K,2,○,,,,,
10170,えいきょう,影響,名・ス自,K,2,◎,,○,○,○,○
10180,えいぎょう,営業,名・ス自他,K,2,○,,,,,
10190,えいご,英語,名,K,1,◎,○,○,○,○,○
10200,えいこく,英国,名,K,2,○,,,○,,○
10210,えいじくん,,名,K,,,,,,○,
10220,えいしゃき,映写機,名,K,,,,,○,○,
10230,えいせい,衛生,名,K,1,○,,○,○,○,○
10240,えいせい,衛星,名,K,2,○,,,,,
10250,えいせいてき,衛生的,形動,K,2,○,,,,,
10260,えいちゃん,,名,H,,,,,,○,
10270,えいぶん,英文,名,K,3,○,,,,,
10280,えいぶんがく,英文学,名,K,,,,○,,,
10290,えいゆう,英雄,名,K,2,○,,,,,
10300,えいよう,栄養・営養,名,K,2,◎,,○,○,○,○
10310,えいわ,英和,名,K,3,○,,,,,
10320,えいわじてん,英和辞典,名,K,,,,○,,,
10330,ええ,,感,W,1,◎,,○,○,○,○
10340,ええ,「いい，よい」,形,W,,,,,,○,
10350,えええ,,感,W,,,,,,○,
10360,ええと,,感,W,2,,,○,,,
10370,えがお,《笑顔》,名,W,1,○,,○,○,○,
10380,えかきうた,絵△描き歌,名,H,,,,,○,○,
10390,えがく,描く・△画く,五他,H,2,○,,○,○,○,○
10400,えき,駅,名,K,1,◎,○,○,○,○,○
10410,えき,液,名,K,2,○,,○,○,○,○
10420,えきいん,駅員,名,K,1,○,,,,,
10430,えきか,液化,名・ス自他,K,3,,,○,,,
10440,えきたい,液体,名,K,2,○,,○,○,,○
10450,えきたいさんそ,液体酸素,名,K,,,,○,,,
10460,えきまえ,駅前,名,H,1,○,,,,,
10470,えきめん,液面,名,K,,,,○,,,
10480,えくぼ,×靨・笑×窪,名,W,1,,,,○,○,
10490,えさ,×餌,名,W,1,○,,○,○,○,○
10500,エジソン,Edison,名,G,,,,,○,○,
10510,エジプト,Egypt,名,G,3,,,,○,,
10520,エスエフ,SF,名,G,,,,,○,○,
10530,エスエル,SL,名,G,,,,,○,○,
10540,エスオーエス,SOS,名,G,2,,,,○,○,
10550,エスカレーター,escalator,名,G,2,○,,,○,○,○
10560,えぞしか,〈×蝦×夷〉鹿,名,W,,,,,,○,
10570,えだ,枝,名,W,1,◎,,○,○,○,○
10580,エチケット,〔仏〕e´tiquette,名,G,3,○,,,○,○,
10590,えちず,絵地図,名,K,,,,,,○,
10600,えっ,,感,W,,,,,,○,
10610,えっちゃん,,名,W,,,,,,○,
10620,えっちらおっちら,,副,W,,,,,○,○,
10630,えと,〈干支〉,名,W,,,,,○,○,
10640,えど,江戸,名,W,2,,,○,○,,
10650,えどじだい,江戸時代,名,H,,,,○,,,
10660,えにっき,絵日記,名,K,1,,,,○,○,
10670,エネルギー,〔独〕Energie,名,G,3,○,,,○,○,
10680,えのぐ,絵の具,名,H,1,○,,,○,○,
10690,えはがき,絵葉書,名,H,1,○,,○,○,○,
10700,えび,×蝦・〈海老〉,名,W,1,○,,○,○,○,○
10710,えびがに,×蝦×蟹,名,W,,,,,,○,
10720,エプロン,apron,名,G,1,,,,○,○,
10730,エベレスト,Evelest,名,G,,,,,○,○,
10740,えへん,,感,W,2,,,,,○,
10750,えほん,絵本,名,K,1,○,,,○,○,
10760,えもの,獲物,名,W,1,,,○,,○,
10770,えもんかけ,△衣紋掛け,名,H,3,,,,○,○,
10780,エラー,error,名,G,3,,,,○,○,
10790,えらい,偉い・△豪い,形,W,1,◎,,○,○,○,○
10800,えらぶ,選ぶ・△択ぶ・×撰ぶ,五他,W,1,◎,,○,○,○,○
10810,えり,襟・×衿,名,W,1,○,,○,○,○,○
10820,えりまき,襟巻,名,W,1,,,,,○,
10830,える,得る,下一自他,W,2,○,,○,,,○
10840,エレベーター,〔米〕elevator,名,G,2,○,,○,○,○,○
10850,エレベーターがかり,エレベーター係,名,H,,,,,,○,
10860,えん,円,名,K,1,◎,○,○,○,○,○
10870,えん,縁,名,K,1,○,,○,○,○,
10880,えん,塩,名,K,3,,,○,,,
10890,えんか,塩化,名・ス自,K,3,,,○,,,
10900,えんかい,宴会,名,K,3,○,,,,,
10910,えんかすいそ,塩化水素,名,K,,,,○,,,
10920,えんかつ,円滑,形動,K,3,○,,,,,
10930,えんがわ,縁側,名,H,1,○,,○,○,○,
10940,えんがん,沿岸,名,K,2,○,,,,,
10950,えんき,延期,名・ス他,K,2,○,,○,○,○,○
10960,えんき,塩基,名,K,,,,○,,,
10970,えんぎ,縁起,名,K,3,,,,○,○,
10980,えんぎ,演技,名・ス自,K,3,○,,,,,
10990,えんげい,園芸,名,K,2,○,,,,,
11000,えんげき,演劇,名,K,2,○,,○,,,○
11010,えんさん,塩酸,名,K,3,,,○,,,
11020,エンジニア,engineer,名,G,,,,○,,,
11030,えんしゅう,演習,名・ス自,K,2,○,,,,,
11040,えんしゅつ,演出,名・ス他,K,3,○,,,,,
11050,えんじょ,援助,名・ス他,K,3,○,,,,,
11060,えんじる,演じる,上一他,H,2,○,,,,,
11070,エンジン,engine,名,G,1,○,,○,○,○,○
11080,えんぜつ,演説,名・ス他,K,2,○,,,,,
11090,エンゼル,angel,名,G,3,,,,○,○,
11100,えんそ,塩素,名,K,3,,,○,,,
11110,えんそう,演奏,名・ス他,K,2,○,,○,,,
11120,えんそうかい,演奏会,名,K,,,,,○,○,
11130,えんそく,遠足,名,K,1,○,,,○,○,
11140,えんそすい,塩素水,名,K,,,,○,,,
11150,えんだん,縁談,名,K,3,○,,,,,
11160,えんちょう,延長,名・ス他,K,2,○,,,,,
11170,えんちょうせんせい,園長先生,名,K,,,,,○,○,
11180,えんてい,園庭,名,K,,,,,○,○,
11190,えんとつ,煙突,名,K,1,○,,○,○,○,
11200,えんにち,縁日,名,K,2,,,,○,○,
11210,えんぴつ,鉛筆,名,K,1,◎,○,○,○,○,○
11220,えんぽう,遠方,名,K,1,,,,,○,
11230,えんりょ,遠慮,名・ス自他,K,1,◎,,○,○,○,○
11240,お,小,接頭,W,1,,,,,○,
11250,お,△御,接頭,W,1,◎,○,○,○,○,○
11260,お,尾,名,W,1,○,,○,○,○,○
11270,おあいそ,お愛想,名,H,,,,,,,○
11280,おあし,お足・お△銭,名,W,1,,,,,○,
11290,おあずけ,お預け,名,W,2,,,,○,○,
11300,おい,,感,W,1,○,,○,,○,
11310,おい,×甥,名,W,2,○,,○,,,○
11320,おいかける,追い掛ける,下一他,W,1,○,,○,○,○,○
11330,おいこす,追い越す,五他,W,1,○,,○,○,○,
11340,おいしい,〈美味しい〉,形,W,1,◎,○,○,○,○,○
11350,おいだす,追い出す,五他,W,1,○,,○,○,○,○
11360,おいちに,,名,H,,,,,,○,
11370,おいつく,追い付く,五自,W,1,○,,○,○,○,○
11380,おいて,×於いて,連語,W,3,,,○,,,
11390,おいで,お△出で,名,W,1,○,,,○,○,
11400,おいぬく,追い抜く,五他,W,1,,,○,,,
11410,おいのり,お祈り,名,W,,,,,○,,
11420,おいはらう,追い払う,五他,W,1,,,,○,○,
11430,おいわい,お祝い,名,W,,,,,○,,
11440,おう,,感,W,1,,,,,○,
11450,おう,負う,五他,W,1,○,,○,○,○,
11460,おう,追う・△逐う,五他,W,1,◎,,○,○,○,○
11470,おう,王,名,K,1,○,,,,○,○
11480,おう,凹,名,K,,,,○,,,
11490,おうい,,感,W,1,,,,,○,
11500,おうえん,応援,名・ス他,K,3,○,,○,○,○,
11510,おうぎ,扇,名,W,1,,,,,○,
11520,おうきゅう,応急,名,K,3,,,○,,,○
11530,おうさま,王様,名,H,1,,,,○,,
11540,おうじ,王子,名,K,1,,,,,○,
11550,おうしゅう,欧州,名,K,2,,,,○,,
11560,おうじる,応じる,上一自,H,2,○,,○,,,
11570,おうせつ,応接,名・ス自,K,2,○,,,,,
11580,おうせつま,応接間,名,H,,,,○,,,
11590,おうたい,応対,名・ス自,K,3,○,,,,,
11600,おうだん,横断,名・ス他,K,2,○,,○,,,○
11610,おうだんほどう,横断歩道,名,K,,,,,○,○,
11620,おうてん,横転,名・ス自,K,3,,,○,,,
11630,おうどうこう,黄銅鉱,名,K,,,,○,,,
11640,おうふく,往復,名・ス自,K,1,◎,,○,○,○,○
11650,おうへい,横柄,形動,K,3,,,,,○,
11660,おうべい,欧米,名,K,3,○,,○,,,
11670,おうぼ,応募,名・ス自,K,3,○,,,,,
11680,おうむ,×鸚×鵡,名,K,1,,,,○,○,
11690,おうよう,応用,名・ス他,K,2,◎,,○,○,,○
11700,おえる,終える,下一他,W,1,○,,○,○,○,
11710,おお,,感,W,1,○,,○,,○,
11720,おお,大,接頭,W,1,○,,○,○,○,○
11730,おおあめ,大雨,名,W,1,○,,,○,○,
11740,おおい,,感,W,1,,,,○,○,
11750,おおい,多い,形,W,1,◎,○,○,○,○,○
11760,おおい,覆い・△被い,名,W,1,,,,,○,
11770,おおいそぎ,大急ぎ,名,W,1,○,,,,○,
11780,おおいに,大いに,副,W,1,○,,○,,,
11790,おおいばり,大威張り,名,H,,,,,,○,
11800,おおう,覆う・△被う,五他,W,1,,,○,○,○,
11810,おおうりだし,大売出し,名,W,,,,,○,○,
11820,おおおとこ,大男,名,W,1,,,,,○,
11830,おおがかり,大掛かり,形動,W,2,,,○,,,
11840,おおかぜ,大風,名,W,1,,,,○,○,
11850,おおかた,大方,副・名,W,1,,,○,,,○
11860,おおがた,大形・大型,名,W,1,○,,,,,
11870,おおかみ,×狼,名,W,1,,,,○,○,
11880,おおきい,大きい,形,W,1,◎,○,○,○,○,○
11890,おおきさ,大きさ,名,W,1,,,○,,○,
11900,おおきな,大きな,連体,W,1,◎,○,○,○,○,○
11910,おおく,多く,名,W,1,○,,○,,○,○
11920,おおくら,大蔵,名,W,2,○,,,○,,
11930,オーケー,〔米〕OK,名,G,2,,,,○,○,
11940,おおげさ,大×袈×裟,形動・名,H,2,○,,,○,○,
11950,オーケストラ,orchestra,名,G,2,,,○,○,○,
11960,おおごえ,大声,名,W,1,○,,○,○,○,
11970,おおさか,大阪,名,W,,,,○,○,○,
11980,おおざっぱ,大雑把,形動,H,2,○,,,,,
11990,おおさわぎ,大騒ぎ,名,W,1,,,,,○,
12000,オーストラリア,Austraria,名,G,,,,○,○,,
12010,オーストラリアじん,オーストラリア人,名,H,,,,○,,,
12020,オーストリア,Austria,名,G,,,,,○,,
12030,おおぜい,大勢・多勢,名,H,1,◎,,○,○,○,○
12040,おおそうじ,大掃除,名,H,,,,,○,○,
12050,おおっ,,感,W,,,,,,○,
12060,おおどおり,大通り,名,W,1,○,,,○,○,
12070,おおどし,大年,名,W,,,,,,○,
12080,オートバイ,←autobike,名,G,1,○,,○,○,○,
12090,おおにぎわい,大×賑わい,名,W,,,,,,○,
12100,オーバー,←overcoat,名,G,1,○,,○,○,○,○
12110,オーバー,over,名,G,,,,,○,○,
12120,オーバーコート,overcoat,名,G,,,,,○,○,
12130,おおばこ,〈車前草〉,名,W,2,,,,,○,
12140,おおはば,大幅,名・形動,W,2,○,,○,,,
12150,おおみず,大水,名,W,1,○,,○,,,
12160,おおみそか,大〈×晦日〉,名,W,1,,,,○,○,
12170,おおむかし,大昔,名,W,1,,,○,,,
12180,おおむら,〔固〕,名,W,,,,,,○,
12190,おおや,大家・大屋,名,W,3,○,,,,,
12200,おおゆき,大雪,名,W,1,,,,○,○,
12210,おおよそ,大△凡,名・形動・副,W,1,,,○,,,○
12220,おおよろこび,大喜び,名,W,1,○,,○,○,○,
12230,おおらか,,形動,W,3,,,,,,○
12240,オーリー,〔人名〕,名,G,,,,,,○,
12250,オーロラ,aurora,名,G,,,,,○,○,
12260,おおわらい,大笑い,名,W,1,,,,○,○,
12270,おか,丘・×岡,名,W,1,○,,○,○,○,○
12280,おか,△陸,名,W,2,○,,,,,
12290,おかあさま,お△母様,名,W,1,◎,,,○,○,
12300,おかあさん,《お母さん》,名,W,1,,,○,,,○
12310,おかあさんカンガルー,《お母さん》カンガルー,名,H,,,,,,○,
12320,おかあさんぐま,《お母さん》熊,名,W,,,,,,○,
12330,おかあさんねこ,《お母さん》猫,名,W,,,,,,○,
12340,おかあさんやぎ,《お母さん》山羊,名,W,,,,,,○,
12350,おかあちゃん,お△母ちゃん,名,W,,,,,,○,
12360,おかえし,お返し,名,W,,,,,,○,
12370,おかえり,お帰り,感,W,1,◎,,,○,○,○
12380,おかえりなさい,お帰りなさい,感,W,,,,○,○,○,○
12390,おかげ,△御×蔭・△御陰,名,W,1,◎,,○,○,○,○
12400,おかげさま,△御×蔭様・△御陰様,名,W,2,○,,,,,
12410,おかげさまで,△御蔭様で,感,W,,,,○,,,
12420,おかげで,△御蔭で,副,W,,,,○,,,
12430,おかざり,御飾り,名,W,,,,,,○,
12440,おかしい,,形,W,1,◎,,○,○,○,○
12450,おかしな,可笑しな,連体,W,,,,○,,,
12460,おかしや,御菓子屋,名,H,,,,,○,○,
12470,おかす,犯す・侵す・冒す,五他,W,2,○,,○,,,
12480,おかず,,名,W,1,○,,○,○,○,○
12490,おかだ,岡田,名,W,,,,,○,,
12500,おかっぱ,お△河△童,名,W,2,,,,○,○,
12510,おかみ,御上,名,W,,,,,,○,
12520,おがむ,拝む,五他,W,1,○,,○,○,○,○
12530,おかめ,,名,W,1,,,,,○,
12540,おかもとよしお,〔固〕,名,W,,,,,,○,
12550,おかやま,岡山,名,W,,,,,○,,
12560,おかゆ,御粥,名,W,,,,,○,○,
12570,おがわ,小川,名,W,1,,,○,○,○,
12580,おかわり,御代り,名,W,,,,,○,○,
12590,おき,置き,接尾,W,1,○,,○,,○,○
12600,おき,沖,名,W,1,○,,○,○,○,○
12610,おきあがる,起き上がる,五自,W,1,,,,○,○,
12620,おきさき,御后,名,W,,,,,,○,
12630,おぎなう,補う,五他,W,2,○,,○,,,○
12640,おきなわ,沖縄,名,W,2,○,,○,○,,
12650,おきに,置きに,接尾,W,,,,○,,,○
12660,おきば,置き場,名,W,,,,○,,,○
12670,おきもの,置物,名,W,2,,,○,,,
12680,おきょう,お経,名,H,,,,,○,○,
12690,おきる,起きる,上一自,W,1,◎,○,○,○,○,○
12700,おきわすれる,置き忘れる,下一他,W,1,,,○,,,
12710,おきをつけて,御気を付けて,感,H,,,,○,,,
12720,おく,置く・△措く,五他,W,1,◎,,○,○,○,○
12730,おく,奥,名,W,1,◎,,○,○,○,○
12740,おく,億,名,K,3,◎,,○,○,○,○
12750,おくさま,奥様,名,W,1,◎,,,○,○,
12760,おくさん,奥さん,名,W,1,,,○,,,○
12770,おくじょう,屋上,名,K,3,○,,○,○,○,
12780,おくば,奥歯,名,W,1,,,,,○,
12790,おくびょう,×臆病,名,K,1,○,,○,○,○,
12800,おくらす,遅らす・後らす,五他,W,1,○,,,,,○
12810,おくり,送り,名,W,1,,,,,○,
12820,おくりがな,送り《仮名》,名,W,3,○,,○,○,,
12830,おくりだす,送り出す,五他,W,,,,,,○,
12840,おくりもの,贈り物,名,W,1,◎,,○,○,○,○
12850,おくる,送る,五他,W,1,◎,,○,○,○,○
12860,おくる,贈る,五他,W,2,◎,,○,○,○,○
12870,おくれ,遅れ・後れ,名,W,1,○,,,,○,
12880,おくれる,遅れる・後れる,下一自,W,1,◎,,○,○,○,○
12890,おけ,×桶,名,W,1,,,○,○,○,
12900,おける,×於ける,連語,W,3,,,○,,,
12910,おげんきですか,お元気ですか,感,H,,,,○,,,
12920,おこさまランチ,,名,H,,,,,○,○,
12930,おこす,起こす・興す・×熾す,五他,W,1,◎,,○,○,○,○
12940,おごそか,厳か,形動,W,2,○,,,,,
12950,おこた,お×炬×燵,名,H,,,,,,○,
12960,おこなう,行う,五他,W,2,◎,,○,○,○,○
12970,おこり,起こり,名,W,1,,,○,,○,
12980,おこる,怒る,五自,W,1,◎,,○,○,○,○
12990,おこる,起こる・興る・×熾る,五自,W,1,◎,,○,○,○,○
13000,おごる,×奢る,五自他,W,2,,,○,,,○
13010,おころり,,連語,W,,,,,,○,
13020,おさえ,押さえ・抑え,名,W,1,,,,,○,
13030,おさえる,押さえる・抑える,下一他,W,3,◎,,○,○,○,○
13040,おさがり,お下がり,名,W,2,,,,○,○,
13050,おさげ,お下げ,名,W,1,,,,○,○,
13060,おさない,幼い,形,W,2,○,,○,○,○,○
13070,おさまる,治まる,五自,W,1,○,,○,,○,○
13080,おさまる,収まる・納まる,五自,W,2,○,,○,,○,○
13090,おさむ,〔固〕,名,W,,,,,,○,
13100,おさめる,治める,下一他,W,1,○,,○,,○,○
13110,おさめる,収める・納める,下一他,W,2,○,,○,,○,○
13120,おさめる,修める,下一他,W,2,,,○,,,○
13130,おさらい,お×浚い,名,W,1,,,,○,○,
13140,おし,押し・△圧し,名,W,1,,,,,○,
13150,おじ,《伯父》・《叔父》,名,W,1,◎,,○,○,○,○
13160,おしあう,押し合う,五自他,W,1,,,,○,○,
13170,おしい,惜しい,形,W,1,◎,,○,○,○,○
13180,おじい,お〈祖父〉,名,W,,,,,,○,
13190,おじい,お×爺,名,W,,,,,,○,
13200,おじいさん,お〈祖父〉さん,名,W,1,◎,○,○,○,○,○
13210,おじいさん,お×爺さん,名,W,1,◎,○,○,○,○,○
13220,おしいれ,押し入れ,名,W,1,○,,,○,○,○
13230,おしえ,教え,名,W,1,○,,○,,○,
13240,おしえる,教える,下一他,W,1,◎,,○,○,○,○
13250,おじぎ,お辞儀,名,H,1,◎,,○,○,○,○
13260,おしこむ,押し込む,五自他,W,1,,,○,○,○,
13270,おじさん,〈小父〉さん,名,W,1,◎,○,○,○,○,○
13280,おじさん,《伯父》さん・《叔父》さん,名,W,2,◎,○,○,○,○,○
13290,おじぞうさま,御地蔵様,名,H,,,,,○,,
13300,おしだす,押し出す,五他,W,2,,,,○,○,
13310,おしつける,押し付ける,下一他,W,1,,,○,○,○,
13320,おしっこ,,名,W,,,,,○,○,
13330,おしば,押し葉,名,W,2,,,,○,○,
13340,おしばな,押花,名,W,,,,,○,○,
13350,おしべ,雄×蘂,名,W,2,,,,○,○,
13360,おしまい,御仕舞い,名,W,,,,,,○,
13370,おしむ,惜しむ,五他,W,1,○,,○,○,○,
13380,おしゃべり,お×喋り,名,W,2,○,,,○,○,
13390,おしゃれ,お〈×洒落〉,名,W,1,,,,○,○,
13400,おしゃれぎつね,お〈×洒落〉×狐,名,W,,,,,,○,
13410,おしょう,〔梵〕和尚,名,G,1,,,,,○,
13420,おじょうさん,お嬢さん,名,H,1,○,,○,,○,○
13430,おしよせる,押し寄せる,下一自他,W,1,,,○,,,
13440,おしるこ,お汁粉,名,W,,,,,○,○,
13450,おしろい,〈白粉〉,名,W,1,○,,○,,○,
13460,おす,押す,五他,W,1,◎,,○,○,○,○
13470,おす,雄・×牡,名,W,1,○,,○,○,○,○
13480,おすもうさん,お相撲さん,名,W,,,,,,○,
13490,おせきはん,お赤飯,名,H,,,,,○,○,
13500,おせじ,お世辞,名,H,2,○,,○,○,○,○
13510,おせちりょうり,お節料理,名,H,,,,,○,○,
13520,おせんこう,お線香,名,H,,,,,○,○,
13530,おそい,遅い,形,W,1,◎,○,○,○,○,○
13540,おそう,襲う,五他,W,1,○,,○,○,○,
13550,おぞうに,お雑煮,名,H,,,,,○,,
13560,おそなえ,お供え,名,W,,,,,○,,
13570,おそらく,恐らく,副,W,2,○,,○,○,○,○
13580,おそるおそる,恐る恐る,副,W,2,,,,○,○,
13590,おそれ,恐れ・虞,名,W,1,○,,○,,○,
13600,おそれおおい,恐れ多い・×畏れ多い,形,W,3,,,,,,○
13610,おそれる,恐れる・×畏れる,下一自,W,1,◎,,○,○,○,○
13620,おそろい,お×揃い,名,W,,,,,○,,
13630,おそろしい,恐ろしい,形,W,1,◎,,○,○,○,○
13640,おそわる,教わる,五他,W,1,○,,○,○,○,
13650,おだいじに,お大事に,副,H,,,,○,○,○,○
13660,おたく,お宅,名,H,,,,○,,,
13670,おたずね,お尋ね,名・ス他,W,,,,○,,,
13680,おだちん,お駄賃,名,H,,,,,○,○,
13690,おだてる,×煽てる,下一他,W,2,○,,○,○,○,
13700,おたま,お玉,名,W,,,,,,○,
13710,おたまじゃくし,お玉×杓子,名,H,1,,,,○,○,
13720,おだやか,穏やか,形動,W,2,○,,○,○,○,○
13730,おたより,お便り,名,W,,,,,○,○,
13740,おだんごさん,お団子さん,名,H,,,,,,○,
13750,おだんごパン,お団子パン,名,H,,,,,,○,
13760,おちつき,落ち着き,名,W,1,○,,,,○,
13770,おちつく,落ち着く,五自,W,1,○,,○,○,○,○
13780,おちば,落ち葉,名,W,1,○,,,○,○,
13790,おちゃづけ,お茶漬け,名,H,,,,,○,○,
13800,おちる,落ちる,上一自,W,1,◎,,○,○,○,○
13810,おっかける,追っ掛ける,下一他,W,1,,,,,○,
13820,おつきみ,お月見,名,W,,,,,○,○,
13830,おっこちる,,上一自,W,1,,,,,○,
13840,おっしゃる,,五自,W,1,◎,,○,○,○,○
13850,おっと,,感,W,1,,,,,○,
13860,おっと,夫,名,W,2,◎,,○,○,,○
13870,おっとせい,〔アイヌ〕〈×膃×肭×臍〉,名,G,1,,,,○,○,
13880,おっぱい,,名,W,1,,,,○,○,
13890,おっぱらう,追っ払う,五他,W,1,,,,,○,
13900,おつむ,,名,W,1,,,,,○,
13910,おつゆ,△御△汁,名,W,1,,,,○,○,
13920,おつり,お釣り,名,W,,,,,○,○,
13930,おてあらい,お手洗い,名,W,,,,,○,○,
13940,おでかけ,お出掛け,名,W,,,,,○,○,
13950,おでき,,名,W,1,,,,○,○,
13960,おでこ,,名,W,1,,,,○,○,
13970,おてだま,お手玉,名,W,,,,,○,○,
13980,おてつだい,お手伝い,名,W,,,,,,,○
13990,おてつだいさん,お手伝い△様,名,W,2,○,,○,,,○
14000,おと,音,名,W,1,◎,,○,○,○,○
14010,おとう,お△父,名,W,,,,,,○,
14020,おどう,お堂,名,H,,,,,,○,
14030,おとうさま,お△父様,名,W,1,◎,,,○,○,
14040,おとうさん,《お父さん》,名,W,1,,,○,,,○
14050,おとうと,弟,名,W,1,◎,○,○,○,○,○
14060,おとうとさん,弟さん,名,W,,,,○,,,
14070,おどかし,脅かし・△威かし・△嚇し,名,W,1,,,,,○,
14080,おどかす,脅かす・△威かす・△嚇す,五他,W,1,○,,,○,○,
14090,おとぎばなし,お×伽×噺,名,W,1,,,,,○,
14100,おとこ,男,名,W,1,◎,○,○,○,○,○
14110,おとこのこ,男の子,名,W,2,○,,○,,○,
14120,おとこのひと,男の人,名,W,,,,○,,,
14130,おとこらしい,男らしい,形,W,2,○,,,,,
14140,おとしあな,落とし穴,名,W,1,,,,○,○,
14150,おとしだま,お年玉,名,W,1,,,,○,○,
14160,おとしもの,落とし物,名,W,1,○,,,○,○,
14170,おとす,落とす,五他,W,1,◎,,○,○,○,○
14180,おどす,脅す・△威す・△嚇す,五他,W,1,,,○,,,
14190,おとずれる,訪れる,下一自,W,2,○,,,○,○,
14200,おとそ,お屠蘇,名,H,,,,,○,○,○
14210,おとつい,〈一昨日〉,名,W,1,,,,,○,
14220,おととい,〈一昨日〉,名,W,1,◎,○,○,○,○,○
14230,おととし,〈一昨年〉,名,W,1,○,,○,○,○,○
14240,おとな,《大人》,名,W,1,◎,○,○,○,○,○
14250,おとなしい,《大人》しい,形,W,1,◎,,○,○,○,○
14260,おとひめ,△乙姫,名,W,1,,,,,○,
14270,おどり,踊り,名,W,1,○,,○,○,○,○
14280,おどりあがる,躍り上がる,五自,W,1,,,,,○,
14290,おどりだす,躍り出す・踊り出す,五自,W,1,,,,,○,
14300,おどりば,踊り場,名,W,,,,,○,○,
14310,おとる,劣る,五自,W,2,○,,○,○,○,○
14320,おどる,踊る,五自,W,1,◎,,○,○,○,○
14330,おとろえる,衰える,下一自,W,2,○,,○,○,○,○
14340,おどろかす,驚かす,五他,W,1,○,,○,○,○,
14350,おどろき,驚き,名,W,1,○,,,,○,
14360,おどろく,驚く,五自,W,1,◎,,○,○,○,○
14370,おなか,,名,W,1,◎,○,○,○,○,○
14380,おなじ,同じ,連体・形動・副,W,1,◎,○,○,○,○,○
14390,おなら,,名,W,,,,,○,○,
14400,おに,鬼,名,W,1,○,,,○,○,○
14410,おにがしま,鬼が島,名,W,,,,,,○,
14420,おにぎり,お握り,名,W,1,,,,○,○,
14430,おにごっこ,鬼ごっこ,名,W,1,,,,○,○,
14440,おにたいじ,鬼退治,名,H,,,,,,○,
14450,おにども,鬼共,名,W,,,,,,○,
14460,おね,尾根,名,W,3,,,,○,○,
14470,おねがいします,お願いします,感,W,,,,,○,○,
14480,おねしょ,,名,H,,,,,○,○,
14490,おの,×斧,名,W,1,,,,,○,
14500,おのおの,各・各各,名・副,W,2,○,,○,,,
14510,おば,《伯母》・《叔母》,名,W,1,◎,,○,○,○,○
14520,おばあさん,お〈祖母〉さん,名,W,1,◎,,○,○,○,○
14530,おばあさん,お△婆さん,名,W,1,◎,,○,○,○,○
14540,おばあちゃん,お〈祖母〉ちゃん,名,W,,,,,,○,
14550,おばあちゃん,お△婆ちゃん,名,W,,,,,,○,
14560,おはかまいり,お墓参り,名,W,,,,,○,○,
14570,おばけ,お化け,名,W,1,,,,○,○,○
14580,おばさん,〈小母〉さん,名,W,1,◎,,○,○,○,○
14590,おばさん,《伯母》さん・《叔母》さん,名,W,1,◎,,○,○,○,○
14600,おはじき,お弾き,名,W,,,,,○,○,
14610,おばちゃん,《叔母》ちゃん・《伯母》ちゃん・小母ちゃん,名,W,,,,,,○,
14620,おはなみ,お花見,名,W,,,,,○,○,
14630,おはやし,お×囃子,名,H,,,,,○,○,
14640,おはよう,お早う,感,W,1,◎,○,○,○,○,○
14650,おはようございます,お早うございます,感,H,,,,○,○,○,
14660,おび,帯,名,W,1,○,,○,○,○,○
14670,おびえる,△脅える・×怯える,下一自,W,2,,,,○,○,
14680,おひがん,お彼岸,名,H,,,,,○,,
14690,おひさま,お日様,名,W,1,,,,○,○,
14700,おひめさま,お姫様,名,W,1,,,,○,,
14710,おびやかす,脅かす,五他,W,3,,,○,,,
14720,おひゃくしょうさん,お百姓さん,名,H,,,,,○,,
14730,おびる,帯びる,上一他,W,1,,,,,○,
14740,おびれ,尾鰭,名,W,,,,,,○,
14750,おぶう,負ぶう,五他,W,,,,,○,○,
14760,おふくろ,お袋,名,W,3,,,,,,○
14770,おぶさる,,五自,W,1,,,○,,○,
14780,おふろば,お風×呂場,名,H,,,,,,○,
14790,オペラ,opera,名,G,3,,,○,,,
14800,おぼうさん,御坊さん,名,H,,,,,○,,
14810,おぼえ,覚え,名,W,1,○,,,,○,
14820,おぼえる,覚える,下一他,W,1,◎,,○,○,○,○
14830,おぼれる,×溺れる,下一自,W,1,○,,○,○,○,○
14840,おぼん,お盆,名,H,,,,○,○,,○
14850,おまいり,お参り,名,W,2,○,,○,,,
14860,おまえ,△御前,名・代,W,1,○,,○,○,○,○
14870,おまかせ,御任せ,名,W,,,,,,○,
14880,おまけ,,名,W,1,○,,,○,○,
14890,おまけに,,接,W,1,,,,,○,
14900,おまじない,お×呪い,名,W,,,,,○,○,
14910,おまたせしました,お待たせしました,感,W,,,,○,,,
14920,おまちどうさま,お待ちどうさま,感,W,,,,○,,,○
14930,おまもり,お守,名,W,2,,,,○,○,
14940,おまわり,〈お巡り〉,名,W,1,,,,,○,
14950,おまわりさん,《お巡りさん》,名,W,1,○,○,○,○,○,
14960,おみこし,△御〈神×輿〉,名,W,1,,,,○,○,
14970,おみや,お宮,名,W,,,,,○,,
14980,おみやまいり,お宮参り,名,W,,,,,○,○,
14990,おむこさん,お婿さん,名,W,,,,,○,,
15000,おむすび,お結び,名,W,,,,,○,○,○
15010,オムライス,omrice,名,G,,,,,○,○,
15020,オムレツ,omelet(te),名,G,3,,,○,○,○,○
15030,おめかし,お×粧し,名・ス自,W,2,,,,○,○,
15040,おめでとう,お目出とう,感,W,1,◎,○,○,○,○,○
15050,おめでとうございます,お目出とう御座います,感,H,,,,○,○,○,
15060,おめにかかる,お目に掛かる,連語,W,2,○,,○,,,
15070,おめめ,お目目,名,W,,,,,,○,
15080,おも,主・重,形動,W,2,,,○,,,○
15090,おもい,重い,形,W,1,◎,○,○,○,○,○
15100,おもい,思い,名,W,1,,,○,○,○,
15110,おもいがけない,思いがけない,形,W,1,○,,○,,,
15120,おもいきって,思い切って,連語,W,2,,,,○,○,
15130,おもいきり,思い切り,名・副,W,1,○,,,○,○,
15140,おもいきる,思い切る,五他,W,1,○,,○,,,
15150,おもいこむ,思い込む,五自,W,2,○,,○,,,
15160,おもいだす,思い出す,五他,W,1,◎,,○,○,○,○
15170,おもいちがい,思い違い,名,W,1,,,○,,,
15180,おもいつき,思い付き,名,W,1,○,,,,,
15190,おもいつく,思い付く,五他,W,1,○,,○,,○,
15200,おもいで,思い出,名,W,1,◎,,○,○,○,
15210,おもいのほか,思いの外,副,W,2,,,○,,,
15220,おもいやり,思い△遣り,名,W,1,,,○,○,○,
15230,おもう,思う,五他,W,1,◎,,○,○,○,○
15240,おもうぞんぶん,思う存分,副,H,2,,,○,,,
15250,おもおもしい,重重しい,形,W,2,,,○,,,
15260,おもくるしい,重苦しい,形,W,2,,,○,,,
15270,おもさ,重さ,名,W,2,○,,○,,,
15280,おもし,重し・重△石,名,W,2,,,,○,○,
15290,おもしろい,面白い,形,W,1,◎,○,○,○,○,○
15300,おもたい,重たい,形,W,1,○,,○,,○,
15310,おもちゃ,〈×玩具〉,名,W,1,◎,○,○,○,○,○
15320,おもて,表,名,W,1,◎,,○,○,○,○
15330,おもな,主な・重な,連体,W,1,◎,,,○,○,
15340,おもに,主に,副,W,1,◎,,,○,○,○
15350,おもむき,趣,名,W,3,○,,,,,
15360,おもり,お守り,名,W,1,,,,○,○,
15370,おもり,重り・△錘,名,W,2,,,○,○,○,
15380,おもわく,思惑,名,W,3,,,○,,,
15390,おもわず,思わず,副,W,1,○,,○,,○,
15400,おもんじる,重んじる,上一他,W,2,,,○,,,○
15410,おや,,感,W,1,○,,,○,○,
15420,おや,親,名,W,1,◎,,○,○,○,○
15430,おやおや,,感,W,1,,,,,○,
15440,おやこ,親子,名,W,1,◎,,○,○,○,
15450,おやこうこう,親孝行,名,H,,,,,○,○,
15460,おやじ,親△父・親△仁・親×爺,名,W,2,,,,,,○
15470,おやすみ,お休み,名,W,1,◎,○,○,○,○,○
15480,おやすみなさい,お休みなさい,感,W,1,,,○,○,○,○
15490,おやつ,お八つ,名,W,1,○,,,○,○,
15500,おやまあ,,感,W,,,,,,○,
15510,おやゆび,親指,名,W,1,○,,○,,,
15520,およぎ,泳ぎ・×游ぎ,名,W,1,,,,,○,
15530,およぎかた,泳ぎ方,名,W,,,,,○,○,
15540,およぐ,泳ぐ・×游ぐ,五自,W,1,◎,○,○,○,○,○
15550,およげる,泳げる,下一自,W,,,,,,○,
15560,およそ,△凡そ,名・副,W,1,◎,,○,○,○,○
15570,およばれ,お呼ばれ,名,W,,,,,○,○,
15580,および,及び,接,W,2,◎,,○,○,,○
15590,およぶ,及ぶ,五自,W,2,○,,○,,○,
15600,およぼしあう,及ぼし合う,五他,W,,,,○,,,
15610,およぼす,及ぼす,五他,W,2,,,○,,,
15620,およめさん,お嫁さん,名,W,1,,,,○,,
15630,おら,,代,W,,,,,,○,
15640,オランダ,〔葡〕Olanda,名,G,2,○,,,○,,
15650,おり,×檻,名,W,1,,,,○,○,
15660,おり,折り,名・接尾,W,1,○,,,,○,
15670,おりがみ,折り紙,名,W,1,,,,○,○,
15680,おりたたみ,折り畳み,名,W,1,,,,○,○,
15690,おりづめ,折り詰め,名,W,2,,,,○,○,
15700,おりめ,折り目,名,W,2,,,,○,○,
15710,おりもの,織物,名,W,2,○,,○,,,○
15720,おりる,下りる・降りる,上一自,W,1,◎,,○,○,○,○
15730,オリンピック,←Olympic Games,名,G,2,○,,,○,○,○
15740,おる,△居る,五自,W,1,◎,,○,○,○,○
15750,おる,折る,五他,W,1,◎,,○,○,○,○
15760,おる,織る,五他,W,1,○,,○,○,○,○
15770,オルガン,〔葡〕orga＾o・〔蘭〕orgaan,名,G,1,○,,,○,○,
15780,オルゴール,〔蘭〕orgel,名,G,,,,,○,○,
15790,おれ,×俺,代,W,1,○,,○,○,○,
15800,おれる,折れる,下一自,W,1,◎,,○,○,○,○
15810,オレンジ,orange,名,G,2,,,○,○,○,
15820,おろか,愚か・△疎か,名,W,3,○,,○,,,
15830,おろし,卸・下ろし,名,W,1,,,,,○,
15840,おろしうり,卸売り,名,W,,,,,,,○
15850,おろす,降ろす・下ろす・卸す,五他,W,1,◎,,○,○,○,○
15860,おろそか,△疎か,形動,W,3,○,,,,,
15870,おわり,終わり,名,W,1,◎,○,○,○,○,○
15880,おわる,終わる,五自,W,1,◎,○,○,○,○,○
15890,おわん,お×椀,名,H,2,,,,○,,
15900,おん,恩,名,K,1,○,,○,○,○,○
15910,おん,音,名,K,2,○,,○,,,○
15920,おんかい,音階,名,K,2,,,,○,○,
15930,おんがく,音楽,名,K,1,◎,○,○,○,○,○
15940,おんがくか,音楽家,名,K,,,,○,,,
15950,おんがくかい,音楽会,名,K,1,,,○,○,○,
15960,おんがくしつ,音楽室,名,K,1,,,,○,○,
15970,おんがくたい,音楽隊,名,K,,,,,,○,
15980,おんぎゃあ,,感,W,,,,,,○,
15990,おんしつ,温室,名,K,1,,,○,○,○,
16000,おんせい,音声,名,K,3,○,,,,,
16010,おんせつ,音節,名,K,3,○,,,○,,
16020,おんせん,温泉,名,K,1,◎,,○,○,○,○
16030,おんたい,温帯,名,K,2,○,,○,,,
16040,おんだん,温暖,名,K,2,,,○,,,
16050,おんちゅう,御中,名,K,3,○,,,,,
16060,おんど,温度,名,K,1,◎,,○,○,○,○
16070,おんどけい,温度計,名,K,,,,,,○,
16080,おんどり,△雄鳥,名,W,1,,,,,○,
16090,おんな,女,名,W,1,◎,○,○,○,○,○
16100,おんなじ,△同じ,連体・形動・副,W,1,,,,,○,
16110,おんなのこ,女の子,名,W,2,○,○,○,,○,
16120,おんなのひと,女の人,名,W,,,,○,,,
16130,おんならしい,女らしい,形,W,2,○,,,,,
16140,おんぱ,音波,名,K,3,,,,○,○,
16150,おんぶ,,名,W,1,○,,,,○,
16160,おんぷ,音譜,名,K,3,,,,○,○,
16170,おんよみ,音読み,名,H,,,,,,,○
16180,か,,終助・副助・係助,W,1,,,○,○,,○
16190,か,日,接尾,W,1,◎,○,○,○,○,○
16200,か,火,名,K,1,,○,,,,
16210,か,蚊,名,W,1,○,,○,○,○,○
16220,か,家,接尾,K,2,○,,○,○,,
16230,か,下,名,K,2,◎,,○,○,,
16240,か,歌,名,K,2,○,,○,,,
16250,か,化,接尾,K,3,○,,○,,,○
16260,か,可,名,K,3,○,,,,,
16270,か,科,名,K,3,○,,○,,,○
16280,か,課,名,K,3,◎,,○,○,,○
16290,か,箇・個,接尾,K,,,,○,,,
16300,か,価,接尾,K,,,,○,,,
16310,か,彼,名,W,,,,,,○,
16320,が,,格助・接助・接,W,1,,,○,○,,○
16330,が,,接,W,1,○,,,,,
16340,が,×蛾,名,K,1,,,,○,○,
16350,が,画,名,K,2,○,,,,,
16360,があがあ,,名・副,W,1,,,,○,○,
16370,かあさま,△母様,名,W,1,,,,,○,
16380,かあさん,△母さん,名,W,1,,,,,○,
16390,かあさんきつね,△母さん狐,名,W,,,,,,○,
16400,かあさんたぬき,△母さん狸,名,W,,,,,,○,
16410,かあさんねずみ,△母さん鼠,名,W,,,,,,○,
16420,カーディガン,cardigan,名,G,,,,,○,○,
16430,カーテン,curtain,名,G,1,○,,○,○,○,○
16440,カード,card,名,G,1,○,,,○,○,
16450,ガード,←girder,名,G,2,,,,○,○,
16460,ガードレール,guard rail,名,G,,,,,○,○,
16470,カーニバル,carnival,名,G,,,,,○,○,
16480,カーネーション,carnation,名,G,2,,,,○,○,
16490,カーブ,curve,名・ス自,G,2,,,,○,○,○
16500,ガールフレンド,girl friend,名,G,,,,○,○,○,
16510,かい,会,名,K,1,◎,,○,○,○,○
16520,かい,買い,名,W,1,,,,,○,
16530,かい,飼い,名,W,1,,,,,○,
16540,かい,貝,名,W,1,○,,○,○,○,○
16550,かい,×櫂,名,W,1,,,,,○,
16560,かい,回,名・接尾,K,1,◎,,○,○,○,○
16570,かい,階,名・接尾,K,1,◎,,○,○,○,○
16580,かい,海,名,K,2,○,,,,,
16590,かい,界,名,K,3,○,,,,,
16600,がい,外,接頭・接尾,K,2,◎,,○,○,,
16610,がい,害,名,K,2,○,,○,○,○,○
16620,かいいん,会員,名,K,2,○,,,,,
16630,かいが,絵画,名,K,2,○,,,,,
16640,がいか,外貨,名,K,3,○,,,,,
16650,かいかい,開会,名・ス自他,K,2,○,,,,,
16660,かいがい,海外,名,K,2,○,,○,,,○
16670,がいかい,外界,名,K,3,,,○,,,
16680,かいがいりょこう,海外旅行,名,K,,,,,○,○,
16690,かいかく,改革,名・ス他,K,3,○,,,,,
16700,かいがら,貝殻,名,W,1,,,,○,○,
16710,かいがん,海岸,名,K,1,◎,,○,○,○,○
16720,がいかん,外観,名,K,3,○,,,,,
16730,かいぎ,会議,名・ス自,K,2,◎,,○,○,○,○
16740,かいきゅう,階級,名,K,3,○,,○,,,
16750,かいきょう,海峡,名,K,2,○,,,,,○
16760,かいきょう,回教,名,K,3,,,○,,,○
16770,かいぐん,海軍,名,K,2,○,,○,,,
16780,かいけい,会計,名・ス他,K,2,○,,○,,,○
16790,かいけつ,解決,名・ス自他,K,2,○,,○,○,,○
16800,かいけん,会見,名・ス自,K,2,○,,,,,
16810,かいこ,蚕,名,W,1,,,○,,○,
16820,かいごう,会合,名・ス自,K,2,○,,,,,
16830,がいこう,外交,名,K,2,◎,,○,○,,○
16840,がいこうかん,外交官,名,K,,,,○,,,
16850,がいこく,外国,名,K,1,◎,○,○,○,○,○
16860,がいこくご,外国語,名,K,2,◎,,○,○,,
16870,がいこくじん,外国人,名,K,2,◎,○,○,○,○,○
16880,がいこつ,×骸骨,名,K,2,,,,○,○,
16890,かいさい,開催,名・ス他,K,3,○,,,,,
16900,かいさつ,改札,名・ス自,K,2,,,○,,,○
16910,かいさつぐち,改札口,名,H,1,,,,○,○,
16920,かいさん,解散,名・ス自他,K,2,○,,,○,○,
16930,かいし,開始,名・ス自他,K,2,○,,○,,,
16940,がいして,概して,副,H,3,,,○,,,
16950,かいしゃ,会社,名,K,1,◎,○,○,○,○,○
16960,かいしゃいん,会社員,名,K,,,,○,,,
16970,かいしゃく,解釈,名・ス他,K,2,◎,,○,○,,
16980,かいじゅう,怪獣,名,K,,,,,○,○,
16990,がいしゅつ,外出,名・ス自,K,2,◎,,○,○,,○
17000,かいじょう,会場,名,K,1,◎,,○,○,,
17010,かいじょう,海上,名,K,2,○,,,,,
17020,がいしょう,外相,名,K,3,○,,,,,
17030,がいじん,外人,名,K,2,○,,○,○,○,
17040,かいすい,海水,名,K,2,,,○,,,
17050,かいすいよく,海水浴,名,K,1,○,,,○,○,
17060,かいすう,回数,名,K,2,○,,○,,,○
17070,かいすうけん,回数券,名,K,2,○,,,,,○
17080,がいする,害する,サ変他,H,2,○,,,,,
17090,かいせい,快晴,名,K,2,○,,,○,○,
17100,かいせい,改正,名・ス他,K,2,○,,○,,,○
17110,かいせつ,解説,名・ス他,K,2,○,,,,,
17120,かいせつ,回折,名,K,,,,○,,,
17130,かいぜん,改善,名・ス他,K,2,○,,○,,,
17140,かいそう,海草,名,K,2,,,,○,○,
17150,かいそう,海藻,名,K,2,,,○,○,○,
17160,がいそう,外層,名,K,,,,○,,,
17170,かいそく,快速,名,K,2,,,,,,○
17180,かいたく,開拓,名・ス他,K,2,○,,○,,,
17190,かいだん,階段,名,K,1,◎,,○,○,○,○
17200,かいだん,怪談,名,K,3,,,,○,○,
17210,かいだん,会談,名・ス自,K,3,○,,,,,
17220,かいちゅうでんとう,懐中電灯,名,K,1,,,○,○,○,
17230,かいちょう,会長,名,K,2,○,,,,,
17240,かいていトンネル,海底トンネル,名,H,,,,,○,○,
17250,かいてん,回転・×廻転,名・ス自他,K,2,○,,○,,,○
17260,かいてん,開店,名・ス自他,K,2,,,,○,○,
17270,かいてんドア,回転ドア,名,H,,,,,○,○,
17280,ガイド,guide,名・ス他,G,3,,,○,,,
17290,かいとう,回答,名・ス自,K,2,○,,○,,,
17300,かいとう,解答,名・ス自,K,2,○,,○,,,
17310,がいとう,外×套,名,K,1,,,○,,○,
17320,がいとう,街灯,名,K,2,,,,○,○,
17330,がいとう,街頭,名,K,2,○,,,,,
17340,がいとう,該当,名・ス自,K,3,○,,,,,
17350,かいぬし,飼い主,名,W,2,,,,○,○,
17360,がいねん,概念,名,K,3,○,,,,,
17370,がいはいよう,外胚葉,名,K,,,,○,,,
17380,かいはつ,開発,名・ス他,K,2,○,,○,,,
17390,がいぶ,外部,名,K,2,○,,,,,
17400,かいふく,回復・×恢復,名・ス自他,K,2,○,,○,○,○,
17410,かいぶつ,怪物,名,K,2,,,,○,○,
17420,かいほう,解放,名・ス他,K,2,○,,○,,,
17430,かいぼう,解剖,名・ス他,K,2,,,,,,○
17440,がいむ,外務,名,K,3,○,,,,,
17450,がいむしょう,外務省,名,K,,,,○,,,
17460,かいもの,買い物,名,W,1,◎,,○,○,○,○
17470,かいよう,海洋,名,K,2,,,○,,,
17480,がいらいご,外来語,名,K,2,○,,○,○,,
17490,がいらいしそう,外来思想,名,K,,,,○,,,
17500,かいらんばん,回覧板,名,K,,,,,○,○,
17510,かいり,解離,名,K,,,,○,,,
17520,かいりゅう,海流,名,K,2,○,,,,,
17530,かいりょう,改良,名・ス他,K,2,○,,○,,,○
17540,がいりょく,外力,名,K,,,,○,,,
17550,がいりんせん,外輪船,名,K,,,,,,○,
17560,カイロ,Cairo,名,G,,,,,○,,
17570,がいろじゅ,街路樹,名,K,2,,,,○,○,
17580,かいわ,会話,名・ス自,K,2,◎,,○,○,,○
17590,かう,買う,五他,W,1,◎,○,○,○,○,○
17600,かう,飼う,五他,W,1,◎,,○,○,○,○
17610,カウンター,counter,名,G,3,,,,,,○
17620,かえし,返し,名,W,1,,,,,○,
17630,かえす,返す・帰す・△還す,五他,W,1,◎,,○,○,○,○
17640,かえす,×孵す,五他,W,1,,,,○,○,
17650,かえって,△却って,副,W,1,◎,,○,○,○,○
17660,かえで,×楓,名,W,2,,,,○,○,
17670,かえり,帰り,名,W,1,○,,○,○,○,○
17680,かえりみち,帰り道・帰り△路,名,W,1,,,,○,○,
17690,かえりみる,顧みる・省みる,上一他,W,2,○,,,,,
17700,かえる,変える・代える・換える・替える,下一他,W,1,◎,,○,○,○,○
17710,かえる,返る・帰る・△還る,五自,W,1,◎,○,○,○,○,○
17720,かえる,×孵る,五自,W,1,,,○,○,○,
17730,かえる,×蛙,名,W,1,○,,○,○,○,
17740,かえるくん,,名,H,,,,,,○,
17750,かお,顔,名,W,1,◎,○,○,○,○,○
17760,がお,,名,W,,,,,○,○,
17770,かおいろ,顔色,名,W,1,○,,○,○,○,○
17780,かおく,家屋,名,K,2,○,,,,,
17790,かおだち,顔立ち,名,W,2,○,,,,,
17800,かおつき,顔つき,名,W,1,○,,,,,
17810,かおり,薫り・香り,名,W,2,○,,,○,○,
17820,かおる,薫る・香る・×馨る,五自,W,2,,,,,○,
17830,がか,画家,名,K,2,○,,○,,,
17840,かかえる,抱える,下一他,W,1,○,,○,○,○,
17850,かかく,価格,名,K,2,○,,○,,,○
17860,かがく,化学,名,K,2,◎,,○,○,,○
17870,かがく,科学,名,K,2,◎,,○,○,○,○
17880,かがくこうぎょう,化学工業,名,K,,,,○,,,
17890,かがくしゃ,科学者,名,K,2,○,,,,,
17900,かがくせんい,化学繊維,名,K,,,,○,,,
17910,かがくてき,科学的,形動,K,2,,,○,,,
17920,かがくてき,化学的,形動,K,,,,○,,,
17930,かがくはんのう,化学反応,名,K,,,,○,,,
17940,かかげる,掲げる,下一他,W,2,○,,,,,
17950,かかし,〈案山子〉,名,W,1,,,,○,○,
17960,かかと,×踵,名,W,1,○,,,○,○,
17970,かがみ,鏡,名,W,1,◎,,○,○,○,○
17980,かがみもち,鏡×餅,名,W,3,,,,○,○,
17990,かがむ,△屈む,五自,W,1,,,○,○,○,○
18000,かがめる,△屈める,下一他,W,1,,,,,○,
18010,かがやき,輝き・×耀き,名,W,1,,,,,○,
18020,かがやく,輝く・×耀く,五自,W,1,○,,○,○,○,○
18030,かかり,掛かり・係り,名,W,1,◎,,○,○,○,○
18040,かかる,掛かる・懸かる・架かる・係る・×繋る・×罹る,五自,W,1,◎,,○,○,○,○
18050,かかわらず,△拘わらず,連語,W,2,,,○,,,
18060,かかわる,△係わる・△関わる・△拘わる,五自,W,2,○,,○,,,○
18070,かき,書き,名,W,1,,,,,○,
18080,かき,×掻き,名,W,1,,,,,○,
18090,かき,垣,名,W,1,,,,,○,○
18100,かき,×柿,名,W,1,○,,○,○,○,○
18110,かき,〈×牡×蛎〉,名,W,2,,,○,,,○
18120,かぎ,×鍵,名,W,1,◎,,○,○,○,○
18130,かきおとす,書き落とす,五他,W,,,,,,○,
18140,かきかき,,副,W,,,,,,○,
18150,かきかた,書き方,名,W,1,○,,○,,,
18160,かきごおり,×掻き氷,名,W,,,,,○,○,
18170,かきことば,書き言葉,名,W,2,○,,,,,
18180,かきこむ,書き込む,五他,W,1,,,○,,,
18190,かきじゅん,書き順,名,H,,,,,○,○,
18200,かきそこない,書き損ない,名,W,1,,,○,,,
18210,かきつける,書き付ける,下一他,W,1,,,○,,,
18220,かきとめ,書留,名,W,2,○,,○,○,,○
18230,かきとめる,書き留める,下一他,W,1,,,○,,,
18240,かきとり,書き取り,名,W,1,○,,○,,,
18250,かきとる,書き取る,五他,W,1,○,,○,,,
18260,かきなおす,書き直す,五他,W,2,○,,○,,○,
18270,かきね,垣根,名,W,1,○,,○,○,○,
18280,かきのける,×掻き除ける,下一他,W,,,,,,○,
18290,かきまわす,×掻き回す,五他,W,1,○,,○,○,○,
18300,かぎゃく,可逆,名,K,,,,○,,,
18310,かぎり,限り,名,W,1,○,,,,○,
18320,かぎる,限る,五自他,W,1,◎,,○,○,○,○
18330,かく,書く,五他,W,1,◎,○,○,○,○,○
18340,かく,×掻く,五他,W,1,◎,,○,○,○,
18350,かく,角,名,K,1,○,,○,,○,○
18360,かく,欠く,五他,W,2,,,○,,,
18370,かく,各,接頭,K,2,○,,○,,,
18380,かく,画,名・接尾,K,2,○,,,,,
18390,かく,格,名,K,3,○,,,,,
18400,かく,核,名,K,3,○,,,,,
18410,かぐ,×嗅ぐ,五他,W,1,◎,,○,○,○,○
18420,かぐ,家具,名,K,2,○,,○,○,○,
18430,がく,額,名,K,1,○,,○,,○,
18440,がく,学,名,K,2,○,,○,,,○
18450,がくい,学位,名,K,3,,,,○,,
18460,かくがいでんし,核外電子,名,K,,,,○,,,
18470,がくがく,,副,W,,,,,○,○,
18480,がくげいかい,学芸会,名,K,1,,,,○,○,
18490,かくご,覚悟,名・ス自他,K,1,○,,○,,○,
18500,かくさ,格差,名,K,3,,,○,,,
18510,かくじ,各自,名,K,2,○,,○,,,
18520,がくし,学士,名,K,3,,,,○,,
18530,かくじつ,確実,形動,K,2,◎,,○,○,,
18540,がくしゃ,学者,名,K,1,○,,○,,○,○
18550,かくしゅ,各種,名,K,2,○,,○,,,
18560,がくしゅう,学習,名・ス他,K,1,○,,○,○,○,
18570,かくしん,革新,名・ス他,K,3,○,,,,,
18580,かくしん,確信,名・ス他,K,3,○,,,,,
18590,かくす,隠す,五他,W,1,◎,,○,○,○,○
18600,かくすう,画数,名,K,,,,,,,○
18610,がくせい,学生,名,K,1,◎,,○,○,○,○
18620,かくせいき,拡声器,名,K,1,,,,○,○,
18630,がくせいふく,学生服,名,K,,,,,○,○,
18640,がくせつ,学説,名,K,3,○,,,,,
18650,かくだい,拡大・×廓大,名・ス自他,K,2,○,,○,,,○
18660,がくたい,楽隊,名,K,1,,,,○,○,
18670,がくだん,楽団,名,K,3,,,,○,○,
18680,かくち,各地,名,K,2,○,,○,,,
18690,かくちょう,拡張,名・ス他,K,3,,,○,,,
18700,がくちょう,学長,名,K,3,○,,,,,
18710,かくてい,確定,名・ス自他,K,3,○,,,,,
18720,かくど,角度,名,K,2,○,,○,,,○
18730,かくとく,獲得,名・ス他,K,3,○,,○,,,
18740,かくにん,確認,名・ス他,K,3,○,,,,,
18750,がくねん,学年,名,K,1,○,,,,○,
18760,がくひ,学費,名,K,2,○,,,,,
18770,がくふ,楽譜,名,K,2,○,,,○,○,
18780,がくぶ,学部,名,K,3,○,,○,,,
18790,がくぶち,額縁,名,H,2,,,,○,○,
18800,かくほ,確保,名・ス他,K,3,○,,,,,
18810,かくめい,革命,名,K,3,○,,○,○,,○
18820,がくもん,学問,名・ス自,K,1,◎,,○,○,○,
18830,かくりつ,確立,名・ス自他,K,3,○,,○,,,
18840,がくりょく,学力,名,K,2,○,,,,,
18850,がくれき,学歴,名,K,3,○,,,,,
18860,かくれる,隠れる,下一自,W,1,◎,,○,○,○,○
18870,かくれんぼ,隠れん△坊,名,H,1,,,,○,○,
18880,かけ,掛け,名・接尾,W,1,○,,○,,○,
18890,かけ,×賭,名,W,2,○,,,,,
18900,かげ,陰,名,W,1,◎,,○,○,○,○
18910,かげ,影,名,W,1,◎,,○,○,○,○
18920,がけ,×崖,名,W,1,○,,,○,○,
18930,かけあし,駆け足,名,W,1,○,,○,○,○,
18940,かけい,家計,名,K,3,○,,○,,,
18950,かげえ,影絵・影△画,名,H,1,,,,○,○,
18960,かけおりる,駆け下りる,上一自,W,1,,,,,○,
18970,かけごえ,掛け声,名,W,1,,,○,,○,
18980,かけこむ,駆け込む,五自,W,1,,,,,○,
18990,かけざん,掛け算,名,H,1,○,,,○,○,
19000,かけじく,掛け軸,名,H,3,,,,,,○
19010,かけす,〔鳥名〕,名,W,,,,,,○,
19020,かけだす,駆け出す,五自,W,1,,,○,,○,
19030,かげつ,箇月・△個月,接尾,K,2,◎,,○,○,○,○
19040,かけつける,駆け付ける,下一自,W,1,,,○,,○,
19050,かけっこ,駆けっこ,名,W,1,,,,○,○,
19060,がけっぷち,崖っぷち,名,W,,,,,,○,
19070,かけぬける,駆け抜ける,下一自,W,2,,,,,○,
19080,かげふみ,影踏み,名,W,1,,,,○,○,
19090,かげぼうし,影法師,名,H,1,,,,,○,
19100,かけまわる,駆け回る,五自,W,1,,,○,,○,
19110,かけもどる,駆け戻る,五自,W,2,,,,,○,
19120,かけよる,駆け寄る,五自,W,1,,,,,○,
19130,かけら,,名,W,1,,,○,○,○,
19140,かける,駆ける・×駈ける,下一自,W,1,○,,○,○,○,
19150,かける,掛ける・懸ける・架ける,下一他,W,1,◎,,○,○,○,○
19160,かける,欠ける,下一自,W,2,○,,○,○,○,
19170,かける,×賭ける,下一他,W,2,○,,○,,,
19180,かける,書ける・描ける,下一他,W,,,,,,○,
19190,かげる,陰る・×翳る,五自,W,1,,,,○,○,
19200,かげろう,〈陽炎〉,名,W,1,,,,○,○,
19210,かげん,加減,名・ス他・接尾,K,1,○,,○,○,○,
19220,かこ,過去,名,K,2,◎,,○,○,,○
19230,かご,×篭,名,W,1,○,,○,○,○,○
19240,かご,×駕×篭,名,W,2,,,,,○,
19250,かこい,囲い,名,W,1,,,○,○,○,○
19260,かこう,囲う,五他,W,1,,,○,,○,
19270,かこう,河口,名,K,2,,,,○,○,
19280,かこう,加工,名・ス他,K,2,○,,,,,
19290,かごう,化合,名・ス自,K,2,○,,○,,,○
19300,かごうぶつ,化合物,名,K,,,,○,,,
19310,かごしま,×鹿△児島,名,H,,,,,○,,
19320,かこちゃん,,名,W,,,,,,○,
19330,かこみ,囲み,名,W,1,,,,,○,
19340,かこむ,囲む,五他,W,1,◎,,○,○,○,○
19350,かさ,×笠,名,W,1,,,○,,○,○
19360,かさ,傘,名,W,1,◎,○,○,○,○,○
19370,かさい,火災,名,K,2,○,,,,,
19380,かさかさ,,形動・副・ス自,W,1,,,○,○,○,
19390,がさがさ,,形動・副・ス自,W,1,,,,○,○,
19400,かざぐるま,風車,名,W,1,,,,○,○,
19410,かさこ,,名,W,,,,,,○,
19420,かさこじぞう,,名,H,,,,,,○,
19430,かさこそ,,副,W,,,,,○,○,
19440,かさなり,重なり,名,W,1,,,,,○,
19450,かさなる,重なる,五自,W,1,◎,,○,○,○,○
19460,かさね,重ね・△襲,名・接尾,W,1,,,,,○,
19470,かさねる,重ねる,下一他,W,1,◎,,○,○,○,○
19480,かさばる,×嵩張る,五自,W,2,,,,○,○,
19490,かざみどり,風見鶏,名,W,,,,,○,○,
19500,かざむき,風向き,名,W,2,,,,○,○,
19510,かざり,飾り,名,W,1,○,,○,,○,○
19520,かざる,飾る,五他,W,1,◎,,○,○,○,○
19530,かざん,火山,名,K,2,○,,○,○,○,○
19540,かさんかすいそ,過酸化水素,名,K,,,,○,,,
19550,かし,菓子,名,K,1,◎,○,○,○,○,○
19560,かし,貸し,名,W,1,○,,,,○,
19570,かし,×樫,名,W,2,,,,,○,
19580,かじ,火事,名,K,1,◎,,○,○,○,○
19590,かじ,×梶・×楫・×舵,名,W,1,,,,○,○,
19600,かじ,家事,名,K,2,○,,,,,
19610,かじかむ,,五自,W,2,,,,○,○,
19620,かしぐ,△傾ぐ,五自,W,1,,,,,○,
19630,かしげる,△傾げる,下一他,W,1,,,,○,○,
19640,かしこい,賢い,形,W,1,◎,,○,○,○,○
19650,かしこまりました,,感,W,2,○,,,,,
19660,かしこまる,×畏まる,五自,W,2,,,○,○,○,
19670,かしだし,貸し出し,名,W,2,○,,,,,
19680,かしだす,貸し出す,五他,W,2,,,,,○,○
19690,かじつ,果実,名,K,2,,,○,,,
19700,かじば,火事場,名,H,1,,,,,○,
19710,かしま,貸間,名,W,2,○,,,,,
19720,かしや,菓子屋,名,H,1,,,○,,,
19730,がしゃがしゃがしゃがしゃ,,副,W,,,,,,○,
19740,かしゅ,歌手,名,K,2,○,,○,,,
19750,かしょ,箇所・△個所,名,K,3,○,,○,,,
19760,かしら,,終助,W,1,,,○,,,
19770,かしら,頭,名・接尾,W,1,,,,,○,
19780,かじりつく,×齧り付く,五自,W,2,,,○,,,
19790,かじる,×齧る,五他,W,1,○,,○,○,○,
19800,かしわもち,×柏×餅,名,W,1,,,,○,○,
19810,かす,貸す,五他,W,1,◎,,○,○,○,○
19820,かす,×粕・×糟,名,W,1,,,,,○,
19830,かす,×滓,名,W,2,,,,○,○,
19840,かず,数,名,W,1,◎,,○,○,○,○
19850,ガス,〔蘭〕gas,名,G,1,◎,,○,○,○,○
19860,かすいぶんかい,加水分解,名,K,,,,○,,,
19870,かすか,△幽か・△微か,形動,W,1,○,,○,○,○,
19880,ガスコンロ,ガス×焜炉,名,H,,,,,○,○,
19890,カスタネット,castanets,名,G,,,,,○,○,
19900,ガスタンク,gas tank,名,G,,,,,○,○,
19910,カステラ,〔葡〕Castella,名,G,1,,,,○,○,
19920,ガスボンベ,〔独〕Gas Bombe,名,G,,,,,○,○,
19930,かすみ,×霞,名,W,1,,,,○,○,○
19940,かすむ,×霞む,五自,W,1,,,○,○,○,
19950,かすめる,×掠める,下一他,W,3,,,,○,○,
19960,かすり,×絣・〈飛白〉,名,W,1,,,,,○,
19970,かすりきず,×掠り傷,名,W,,,,,○,○,
19980,かすれる,×掠れる・△擦れる,下一自,W,2,,,,○,○,
19990,かぜ,風,名,W,1,◎,○,○,○,○,○
20000,かぜ,《風邪》,名,W,1,◎,○,○,○,○,○
20010,かぜあたり,風当たり,名,W,2,,,○,,,
20020,かせぐ,稼ぐ,五自,W,2,○,,○,○,,
20030,かぜぐすり,《風邪》薬,名,W,1,,,,○,○,
20040,カセット,cassette,名,G,3,,,○,,,
20050,カセットテープレコーダー,cassette tape recorder,名,G,,,,,○,○,
20060,かせん,化繊,名,K,,,,○,,,
20070,かぞえどし,数え年,名,W,,,,○,,,
20080,かぞえる,数える,下一他,W,1,◎,○,○,○,○,○
20090,かぞく,家族,名,K,1,◎,○,○,○,○,○
20100,かそくど,加速度,名,K,3,,,○,,,
20110,ガソリン,gasoline,名,G,1,○,,○,,○,○
20120,ガソリンスタンド,〔和〕gasoline stand,名,G,1,,,,○,○,
20130,かた,方,名,W,1,◎,,○,○,○,○
20140,かた,片,名,W,1,,,○,,,
20150,かた,肩,名,W,1,◎,○,○,○,○,○
20160,かた,型・形,名,W,2,○,,○,○,,○
20170,がた,方,接尾,W,1,○,,,,○,
20180,かたい,堅い・固い・硬い,形,W,1,◎,,○,○,○,○
20190,かだい,課題,名,K,3,○,,○,,,
20200,がたい,難い,接尾,W,,,,○,,,
20210,かたがき,肩書き,名,W,3,,,○,,,
20220,かたかた,,副・ス自,W,1,,,,○,○,
20230,かたがた,方方,名,W,1,○,,,,,
20240,かたがた,,接続・接尾,W,,,,○,,,
20250,がたがた,,副・ス自・形動,W,1,○,,,○,○,
20260,かたかな,片《仮名》,名,W,1,◎,○,○,○,○,○
20270,かたがわ,片側,名,W,1,○,,,,○,
20280,かたき,敵,名,W,1,,,○,,○,
20290,かたくるしい,堅苦しい,形,W,2,,,,○,○,
20300,かたぐるま,肩車,名,W,2,,,,○,○,
20310,かたさ,硬さ,名,W,2,○,,,,,
20320,かたたたき,肩叩き,名,W,,,,,○,○,
20330,かたち,形,名,W,1,◎,,○,○,○,○
20340,かたちづくる,形作る,五他,W,,,,○,,,
20350,かたづく,片付く,五自,W,1,,,,,○,○
20360,かたづける,片付ける,下一他,W,1,◎,,○,○,○,○
20370,かたっぽう,片っ方,名,H,1,,,,○,○,
20380,かたつむり,〈×蝸牛〉,名,W,1,,,,○,○,
20390,かたつむりくん,〈×蝸牛〉君,名,H,,,,,,○,
20400,かたて,片手,名,W,1,○,,,,○,
20410,かたな,刀,名,W,1,○,,○,○,○,○
20420,かたはし,片端,名・副,W,1,,,○,,,
20430,がたぴし,,副,W,,,,,○,○,
20440,かたほう,片方,名,H,1,○,,○,○,○,
20450,かたまり,固まり・塊,名,W,1,○,,○,○,○,
20460,かたまる,固まる,五自,W,1,○,,○,○,○,○
20470,かたみち,片道,名,W,2,○,,○,,,○
20480,かたむき,傾き,名・形動,W,1,,,○,,○,
20490,かたむく,傾く,五自,W,1,◎,,○,○,○,○
20500,かたむける,傾ける,下一他,W,1,○,,○,○,○,
20510,かためる,固める,下一他,W,1,○,,,○,○,
20520,かたよる,片寄る・偏る,五自,W,1,○,,,,,
20530,かたる,語る,五他,W,2,○,,,,,
20540,カタログ,catalogue,名,G,3,,,,○,○,
20550,かたわ,片端,名,W,1,,,○,,,
20560,かだん,花壇,名,K,1,,,,○,○,
20570,がたん,,副,W,,,,,○,○,
20580,がたんごとん,,副,W,,,,,,○,
20590,かち,勝ち,名,W,1,○,,○,○,○,
20600,かち,価値,名,K,2,◎,,○,○,,○
20610,がち,勝ち,接尾,W,2,○,,○,,,
20620,かちかち,,形動,W,1,,,○,○,○,
20630,がちがち,,形動,W,1,,,,,○,
20640,かちく,家畜,名,K,2,○,,,○,○,
20650,がちゃあん,,副,W,,,,,○,○,
20660,かちゃかちゃ,,副・ス自,W,1,,,,○,○,
20670,がちゃがちゃ,,名・形動・副・ス自,W,,,,,○,○,
20680,がちゃん,,副,W,,,,,○,○,
20690,がちょう,×鵞鳥,名,K,1,,,,○,○,
20700,かちんかちん,,形動,W,,,,,○,○,
20710,かつ,勝つ,五自,W,1,◎,,○,○,○,○
20720,かつ,且つ,副・接,W,3,○,,,,,
20730,がつ,月,接尾,K,1,◎,○,○,○,○,○
20740,かつお,×鰹,名,W,1,,,,○,○,
20750,がっか,学科,名,K,2,○,,,,,
20760,がっかい,学会,名,K,3,○,,,,,
20770,がつがつ,,副・ス自,W,2,,,,○,○,
20780,がっかり,,副・ス自,W,1,◎,,○,○,○,○
20790,がっき,学期,名,K,1,○,,○,○,○,○
20800,がっき,楽器,名,K,1,○,,○,○,○,○
20810,がっきゅう,学級,名,K,1,,,,,○,
20820,がっきゅうかつどう,学級活動,名,K,,,,,○,○,
20830,カック,〔鴨名〕,名,G,,,,,,○,
20840,かつぐ,担ぐ,五他,W,3,○,,○,○,○,○
20850,かっこ,括弧,名・ス他,K,2,○,,○,,,
20860,かっこいい,,形,H,,,,,○,○,
20870,かっこう,格好・×恰好,名,K,1,◎,,○,○,○,○
20880,がっこう,学校,名,K,1,◎,○,○,○,○,○
20890,かっこういい,,形,H,,,,,○,○,
20900,かっこく,各国,名,K,2,○,,,,,
20910,かつじ,活字,名,K,2,○,,,,,
20920,がっしゅうこく,合衆国,名,K,,,,○,,,
20930,がっしょう,合唱,名・ス他,K,1,○,,,○,○,
20940,がっする,合する,サ変自他,H,3,,,○,,,
20950,カッター,cutter,名,G,3,,,,○,○,
20960,かって,勝手,名・形動,W,1,○,,○,○,○,○
20970,かつて,×曾て・×嘗て,副,W,3,○,,,,,
20980,かつどう,活動,名・ス自,K,2,◎,,○,○,,○
20990,かっぱ,△河△童,名,W,1,,,,○,○,
21000,かっぱつ,活発・活×溌,形動,K,1,○,,○,○,○,○
21010,カップ,cup,名,G,2,,,,○,○,
21020,がっぺい,合併,名・ス自他,K,2,○,,,,,
21030,かっぽうぎ,割×烹着,名,H,,,,,○,○,
21040,かつやく,活躍,名・ス自,K,3,○,,,,,
21050,かつよう,活用,名・ス自他,K,3,○,,,○,,
21060,かつら,×鬘,名,W,2,,,,○,○,
21070,かてい,家庭,名,K,2,◎,,○,○,○,○
21080,かてい,過程,名,K,3,○,,○,,,○
21090,かてい,課程,名,K,3,,,,○,,
21100,かてい,仮定,名・ス自他,K,3,○,,,,,
21110,かていか,家庭科,名,K,2,,,,○,○,
21120,かていかしつ,家庭科室,名,K,,,,,○,○,
21130,かていほうもん,家庭訪問,名,K,,,,,○,○,
21140,がてら,,接尾,W,2,○,,○,,,
21150,かど,角,名,W,1,◎,,○,○,○,○
21160,かど,過度,名・形動,K,3,,,○,,,○
21170,かとう,加×藤,名,K,,,,,○,,
21180,かどまつ,門松,名,W,1,,,,○,○,
21190,かな,《仮名》,名,W,1,◎,,○,○,,○
21200,かな,,連語,W,3,,,○,,,
21210,かない,家内,名,K,2,○,,○,,,○
21220,かなう,△適う・×叶う・△敵う,五自,W,1,,,○,○,○,
21230,かなえる,△適える・×叶える,下一他,W,1,,,○,,○,
21240,かなざわ,金沢,名,W,,,,,○,,
21250,かなしい,悲しい・△哀しい,形,W,1,◎,,○,○,○,○
21260,かなしげ,悲しげ,名,W,,,,,,○,
21270,かなしみ,悲しみ,名,W,1,○,,○,○,○,
21280,かなしむ,悲しむ・△哀しむ,五他,W,1,◎,,○,○,○,
21290,カナダ,Canada,名,G,,,,,○,,
21300,かなづかい,《仮名》遣い,名,W,2,○,,,,,
21310,かなづち,金×槌,名,W,1,,,○,○,○,○
21320,かなぼう,金棒・△鉄棒,名,H,1,,,,,○,
21330,かなもの,金物,名,W,2,,,○,○,○,
21340,かならず,必ず,副,W,1,◎,,○,○,○,○
21350,かならずしも,必ずしも,副,W,3,○,,○,,,○
21360,かなり,,副・形動,H,1,◎,,○,○,○,○
21370,カナリヤ,〔蘭〕kanarie・〔西〕canaria,名,G,1,,,,○,○,
21380,かなわない,,連語,W,1,○,,○,,,
21390,かに,×蟹,名,W,1,○,,,○,○,○
21400,かにどん,×蟹×丼,名,W,,,,,,○,
21410,かにゅう,加入,名・ス自,K,2,○,,,,,
21420,かね,金,名,W,1,◎,○,○,○,○,○
21430,かね,鐘,名,W,1,○,,○,○,○,○
21440,かねつ,過熱,名・ス自他,K,3,,,○,,,○
21450,かねつ,加熱,名・ス他,K,3,,,○,,,○
21460,かねて,△予て,副,W,3,○,,,,,
21470,かねもち,金持ち,名,W,1,◎,,○,○,○,○
21480,かねる,兼ねる,下一他,W,2,○,,○,,,
21490,かのう,可能,名,K,3,◎,,○,○,,○
21500,かのうせい,可能性,名,K,,,,○,,,
21510,かのじょ,彼女,代,H,3,◎,,○,○,○,○
21520,かば,河馬,名,K,1,,,,○,○,
21530,カバー,cover,名,G,2,○,,○,○,○,○
21540,かばう,×庇う,五他,W,1,○,,,○,○,
21550,かばくん,,名,K,,,,,,○,
21560,かばん,〔中〕×鞄,名,G,1,◎,○,○,○,○,○
21570,かび,×黴,名,W,1,○,,,○,○,
21580,ガビナ,〔人形名〕,名,G,,,,,,○,
21590,がびょう,画×鋲,名,K,,,,,○,○,
21600,かびる,×黴びる,上一自,W,1,,,,,○,
21610,かびん,花瓶,名,K,1,○,,○,○,○,
21620,かぶ,株,名,W,1,○,,○,○,○,○
21630,かぶ,×蕪,名,W,2,,,,,○,
21640,がぶがぶ,,副,W,1,,,,○,○,
21650,かぶき,歌舞×伎,名,W,3,○,,○,○,○,○
21660,かぶさる,△被さる,五自,W,1,,,,,○,
21670,かぶしき,株式,名,H,3,○,,,,,○
21680,かぶせる,△被せる,下一他,W,1,○,,○,○,○,
21690,かぶと,△甲・×兜・×冑,名,W,1,,,,○,○,
21700,かぶとむし,△甲虫,名,W,2,,,,○,○,
21710,がぶり,,副,W,,,,,○,○,
21720,かぶる,△被る,五自他,W,1,◎,,○,○,○,○
21730,かぶれる,,下一自,W,2,,,,○,○,
21740,かふん,花粉,名,K,2,,,○,,,
21750,かべ,壁,名,W,1,◎,,○,○,○,○
21760,かへい,貨幣,名,K,3,○,,○,,,
21770,カボチャ,←〔葡〕Cambodia,名,G,1,○,,,○,○,
21780,かま,×釜・×罐,名,W,1,○,,○,,○,○
21790,かま,×鎌,名,W,1,,,○,,○,
21800,かまう,構う,五自他,W,1,○,,○,○,○,
21810,かまえる,構える,下一他,W,2,○,,,○,○,
21820,がまがえるくん,,名,H,,,,,,○,
21830,かまきり,〈×蟷×螂〉,名,W,1,,,,○,○,
21840,かまくら,,名,W,,,,,○,○,
21850,かまくら,鎌倉,名,W,,,,,○,,
21860,がまくん,,名,H,,,,,,○,
21870,かます,〔魚名〕,名,W,,,,,,○,
21880,かまど,×竃,名,W,1,,,,,○,
21890,かまぼこ,×蒲×鉾,名,W,1,,,,○,○,
21900,かまわない,構わない,連語,W,2,,,○,,,
21910,がまん,我慢,名・ス他,K,1,◎,,○,○,○,○
21920,かみ,上,名,W,1,○,,○,,○,○
21930,かみ,神,名,W,1,◎,,○,○,○,○
21940,かみ,紙,名,W,1,◎,○,○,○,○,○
21950,かみ,髪,名,W,1,◎,○,○,○,○,○
21960,がみがみ,,副,W,2,,,,○,○,
21970,かみくず,紙×屑,名,W,1,○,,,○,○,
21980,かみくだく,×噛み砕く,五他,W,1,,,○,,,
21990,かみしばい,紙芝居,名,W,1,,,,○,○,
22000,かみずもう,紙〈相撲〉,名,W,,,,,,○,
22010,かみそり,〈×剃刀〉,名,W,2,○,,○,○,○,○
22020,かみつく,×噛み付く,五自,W,1,,,,,○,
22030,かみづつみ,紙包み,名,W,1,,,,,○,
22040,かみテープ,紙テープ,名,H,,,,,○,○,
22050,かみなり,雷,名,W,1,◎,,○,○,○,○
22060,かみなりちゃん,,名,W,,,,,,○,
22070,かみのけ,髪の毛,名,W,1,○,,,○,○,
22080,かみふうせん,紙風船,名,H,,,,,○,○,
22090,かみぶくろ,紙袋,名,W,1,,,,○,○,
22100,かみふぶき,紙〈吹雪〉,名,W,,,,,○,○,
22110,かむ,×？む,五他,W,1,,,,○,○,
22120,かむ,×噛む・×咬む・×嚼む,五他,W,1,◎,,○,○,○,○
22130,ガム,gum,名,G,,,,,○,○,
22140,かめ,×亀,名,W,1,○,,○,○,○,○
22150,かめ,△瓶,名,W,1,,,,,○,
22160,かめくん,,名,H,,,,,,○,
22170,カメラ,camera,名,G,1,◎,○,○,○,○,○
22180,カメラマン,cameraman,名,G,2,○,,,,,
22190,かも,×鴨,名,W,1,,,,,○,
22200,かもく,科目,名,K,2,○,,○,,,○
22210,かもさんふうふ,,名,H,,,,,,○,
22220,かもしか,,名,W,,,,,,○,
22230,かもしれない,かも知れない,連語,W,2,○,,○,,,○
22240,かもつ,貨物,名,K,2,○,,○,,,
22250,かもつれっしゃ,貨物列車,名,K,1,,,,○,○,
22260,かもめ,×鴎,名,W,1,,,,○,○,
22270,かや,蚊屋・《蚊帳》,名,W,1,,,,,○,
22280,がやがや,,副・ス自,W,1,,,○,○,○,
22290,かゆ,×粥,名,W,1,,,,,○,
22300,かゆい,×痒い,形,W,1,◎,,○,○,○,○
22310,かよい,通い,名,W,1,,,,,○,
22320,かよう,通う,五自,W,1,◎,,○,○,○,○
22330,かよう,火曜,名,K,1,◎,○,○,○,○,
22340,かようきょく,歌謡曲,名,K,3,○,,,,,
22350,がようし,画用紙,名,K,1,,,,○,○,
22360,かようび,火曜日,名,H,,,,○,,,○
22370,かよちゃん,〔人名〕,名,H,,,,,,○,
22380,から,,格助・接助,W,1,,,○,○,,○
22390,から,空,名,W,1,◎,,○,○,○,○
22400,から,殻,名,W,1,○,,○,○,○,○
22410,がら,柄,名,W,2,○,,○,,,○
22420,がら,（人名）,名,W,,,,,,○,
22430,カラー,collar,名,G,3,,,,,,○
22440,カラー,colo(u)r,名,G,3,○,,○,,,
22450,カラーテレビ,colo(u)r television,名,G,,,,○,,,
22460,からい,辛い,形,W,1,◎,,○,○,○,○
22470,からかう,,五他,W,1,○,,,○,○,
22480,からかさ,△傘,名,W,1,,,,,○,
22490,からから,,形動・副,W,1,,,○,,,
22500,がらがら,,形動・副・名,W,1,,,○,,○,
22510,がらがらどん,〔やぎ名〕,名,W,,,,,,○,
22520,からし,〈芥子〉,名,W,2,,,○,,,○
22530,からす,枯らす,五他,W,1,,,,,○,
22540,からす,×烏・×鴉,名,W,1,○,,,○,○,○
22550,ガラス,〔蘭〕glas,名,G,1,◎,,○,○,○,○
22560,ガラスいた,ガラス板,名,H,,,,○,,○,
22570,ガラスかん,ガラス管,名,H,,,,○,,,
22580,ガラスこうじょう,ガラス工場,名,H,,,,,,○,
22590,ガラスまど,ガラス窓,名,H,1,,,,,○,
22600,からぞり,空橇,名,W,,,,,,○,
22610,からだ,体,名,W,1,◎,○,○,○,○,○
22620,からだじゅう,体中,名,H,,,,,,○,
22630,からだつき,体つき,名,W,2,○,,,,,
22640,がらっ,,副,W,,,,,,○,
22650,からっかぜ,空っ風,名,W,3,,,,○,○,
22660,からっぽ,空っぽ,名,W,1,○,,○,○,○,
22670,からて,空手,名,W,3,○,,,○,○,○
22680,からぶり,空振り,名,W,2,,,,○,○,
22690,からまる,絡まる,五自,W,1,,,,○,○,
22700,からむ,絡む,五自,W,1,,,○,○,○,
22710,からめる,×搦める・絡める,下一他,W,1,,,,,○,
22720,かり,借り,名,W,1,○,,,,○,
22730,かり,仮,名,W,2,○,,○,○,,
22740,かりだす,借り出す,五他,W,,,,○,,,○
22750,かりに,仮に,副,W,2,○,,,,,
22760,かりゅう,下流,名,K,2,,,,○,○,
22770,かりょく,火力,名,K,2,,,○,,,
22780,かりる,借りる,上一他,W,1,◎,,○,○,○,○
22790,かる,刈る,五他,W,1,○,,○,○,○,○
22800,がる,,接尾,W,1,◎,,○,○,○,○
22810,かるい,軽い,形,W,1,◎,○,○,○,○,○
22820,カルタ,〔葡〕carta,名,G,1,○,,,○,○,○
22830,かるわざ,軽業,名,W,1,,,,,○,
22840,かれ,彼,代,W,2,◎,,○,○,○,○
22850,カレー,curry,名,G,2,,,○,,,○
22860,ガレージ,garage,名,G,3,,,○,○,○,○
22870,カレーライス,←curry and rice,名,G,2,,,,○,○,
22880,かれこ,「鰈のこと」,名,W,,,,,,○,
22890,かれら,彼△等,代,W,2,○,,○,,,
22900,かれる,枯れる,下一自,W,1,◎,,○,○,○,○
22910,かれる,×涸れる,下一自,W,2,,,○,,,○
22920,カレンダー,calendar,名,G,1,○,,,○,○,○
22930,かろう,過労,名,K,3,○,,○,,,○
22940,かわ,川・河,名,W,1,◎,○,○,○,○,○
22950,かわ,皮・革,名,W,1,◎,,○,○,○,○
22960,かわ,側,名,W,1,◎,,○,○,○,
22970,がわ,側,名,W,,,,○,　,,○
22980,かわいい,可△愛い,形,W,1,◎,○,○,○,○,○
22990,かわいがる,可△愛がる,五他,W,1,○,,○,○,○,
23000,かわいそう,可△哀相,形動,W,1,◎,,○,○,○,○
23010,かわいらしい,可△愛らしい,形,W,1,○,,○,○,○,
23020,かわかす,乾かす・渇かす,五他,W,1,◎,,○,○,○,○
23030,かわかぜ,川風,名,W,1,,,,○,○,
23040,かわかみ,川上,名,W,1,,,,,○,
23050,かわき,乾き・渇き,名,W,1,,,,,○,
23060,かわく,乾く・渇く,五自,W,1,◎,,○,○,○,○
23070,かわぐち,川口,名,W,2,,,,,○,
23080,かわさき,川崎,名,W,,,,,○,,
23090,かわす,交わす,五他,W,3,,,,○,○,
23100,かわす,×躱,名,W,,,,,○,○,
23110,かわせ,《為替》,名,W,3,○,,○,○,,○
23120,かわっぷち,川っぷち,名,W,,,,,,○,
23130,かわむこう,川向こう,名,W,1,,,,,○,
23140,かわら,〔梵〕×瓦,名,G,1,○,,○,,○,
23150,かわら,《川原》・《河原》,名,W,1,,,,,○,
23160,かわり,代わり・替わり,名,W,1,◎,,○,○,○,○
23170,かわり,変わり,名,W,1,,,,,○,
23180,かわりに,代わりに,副,W,,,,,,,○
23190,かわりばんこ,代わり番こ,名,H,1,,,,○,○,
23200,かわる,代わる・替わる,五自,W,1,◎,,○,○,○,
23210,かわる,変わる,五自,W,1,◎,,○,○,○,○
23220,かわるがわる,代わる代わる,副,W,1,○,,○,,○,
23230,かん,缶・×罐,名,K,1,○,,○,○,○,○
23240,かん,間,名,K,2,◎,,○,○,○,○
23250,かん,管,名,K,2,○,,○,○,,○
23260,かん,観,名,K,2,○,,○,,,
23270,かん,官,名,K,3,,,○,,,
23280,かん,勘,名,K,3,○,,,,,
23290,かん,巻,名・接尾,K,3,○,,○,,,
23300,かん,感,接尾,K,,,,○,,,
23310,がん,×雁・×鴈,名,K,1,,,,,○,
23320,がん,岩,名,K,2,○,,,,,
23330,がん,眼,名,K,2,○,,,,,
23340,がん,×癌,名,K,3,○,,,,,
23350,かんがい,×潅×漑,名・ス他,K,3,○,,○,,,
23360,かんがえ,考え,名,W,1,◎,,○,○,○,○
23370,かんがえかた,考え方,名,W,,,,○,,,
23380,かんがえこむ,考え込む,五自,W,1,,,○,,○,
23390,かんがえちがい,考え違い,名,W,,,,○,,,
23400,かんがえつく,考え付く,五他,W,1,,,○,,,
23410,かんがえなおす,考え直す,五他,W,,,,○,,,
23420,かんがえる,考える,下一他,W,1,◎,,○,○,○,○
23430,かんかく,間隔,名,K,2,,,○,,,○
23440,かんかく,感覚,名,K,2,○,,○,○,,○
23450,かんかくてき,感覚的,名・形動,K,,,,○,,,
23460,カンガルー,kangaroo,名,G,1,,,○,○,○,
23470,かんかん,,副・名,W,1,,,○,○,○,
23480,かんかんでり,かんかん照り,名,W,,,,,,○,
23490,かんき,換気,名・ス他,K,3,,,,○,○,
23500,かんきせん,換気扇,名,K,,,,,○,○,
23510,かんきゃく,観客,名,K,2,○,,,,,
23520,かんきょう,環境,名,K,3,○,,○,,,
23530,かんきり,缶切り,名,H,,,,,○,○,
23540,かんけい,関係,名・ス自,K,2,◎,,○,○,○,○
23550,かんげい,歓迎,名・ス他,K,2,◎,,○,○,,○
23560,かんげき,感激,名・ス自,K,2,○,,,○,○,
23570,かんげん,還元,名・ス自他,K,3,,,○,,,
23580,かんご,漢語,名,K,2,○,,,○,,
23590,かんご,看護,名・ス他,K,2,○,,○,,,○
23600,がんこ,頑固,名・形動,K,2,○,,,,,
23610,かんこう,観光,名・ス他,K,2,○,,○,,,○
23620,かんこく,×韓国,名,K,3,○,,,○,,○
23630,かんごふ,看護婦,名,K,1,○,,○,○,○,
23640,かんごふさん,看護婦さん,名,H,,,,○,,,
23650,かんさい,関西,名,K,2,○,,○,,,
23660,かんさつ,観察,名・ス他,K,1,○,,○,○,○,○
23670,かんざわとしこ,〔人名〕,名,W,,,,,,○,
23680,かんさん,換算,名・ス他,K,3,○,,,,,
23690,かんし,監視,名・ス他,K,3,○,,,○,○,
23700,かんじ,感じ,名,H,1,◎,,○,○,○,○
23710,かんじ,漢字,名,K,1,◎,○,○,○,○,○
23720,がんじつ,元日,名,K,1,○,,,,,
23730,かんして,関して,連語,H,,,,,,,○
23740,かんしゃ,感謝,名・ス他,K,1,◎,,○,○,○,○
23750,かんじゃ,患者,名,K,2,○,,○,,,
23760,かんしゅう,観衆,名,K,2,○,,,,,
23770,がんしょ,願書,名,K,2,○,,,,,
23780,かんしょう,干渉,名・ス自,K,3,○,,○,,,
23790,かんしょう,鑑賞,名・ス他,K,3,○,,,,,
23800,かんじょう,勘定,名・ス他,K,1,◎,,○,○,○,○
23810,かんじょう,感情,名,K,2,○,,○,○,,○
23820,がんじょう,頑丈,名・形動,K,2,○,,,○,○,
23830,かんじる,感じる,上一自他,H,1,◎,,○,○,○,○
23840,かんしん,感心,名・ス自・形動,K,1,◎,,○,○,○,○
23850,かんしん,関心,名,K,3,○,,○,,,
23860,かんじん,肝心・肝×腎,名,K,1,○,,○,,○,
23870,かんする,関する,サ変自,H,2,○,,○,,,○
23880,かんせい,完成,名・ス自他,K,2,◎,,○,○,○,○
23890,かんぜい,関税,名,K,3,○,,,,,
23900,かんせつ,間接,形動,K,2,◎,,○,○,,○
23910,かんせつ,関節,名,K,2,○,,,,,
23920,かんぜん,完全,名・形動,K,2,◎,,○,○,,
23930,かんそう,感想,名,K,1,◎,,○,○,○,○
23940,かんそう,乾燥,名・ス自他,K,2,○,,○,,,○
23950,かんぞう,肝臓,名,K,3,○,,○,,,
23960,かんそく,観測,名・ス他,K,2,○,,,,,
23970,かんたん,簡単,名・形動,K,2,◎,,○,○,○,○
23980,かんだんけい,寒暖計,名,K,1,○,,○,○,○,
23990,かんちゃん,〔人名〕,名,W,,,,,,○,
24000,かんちょう,官庁,名,K,3,○,,,,,
24010,かんづめ,缶詰め,名,H,1,◎,,○,○,○,○
24020,かんでん,感電,名・ス自,K,3,,,,○,○,
24030,かんでんち,乾電池,名,K,2,,,○,,,○
24040,かんとう,関東,名,K,2,○,,○,○,,
24050,かんどう,感動,名・ス自,K,2,○,,,○,○,
24060,かんどうし,感動詞,名,K,2,○,,,○,,
24070,かんとく,監督,名・ス他,K,2,○,,○,,,○
24080,かんない,管内,名,K,3,,,○,,,
24090,かんにん,堪忍,名・ス自,K,1,,,,,○,
24100,かんぬしさん,神主さん,名,W,,,,,○,○,
24110,かんねん,観念,名・ス自他,K,3,○,,,,,
24120,かんぱい,乾杯,名・ス自,K,3,○,,○,○,○,○
24130,かんばつ,×旱×魃・干×魃,名,K,3,,,○,,,
24140,がんばり,頑張り,名,H,1,,,,,○,
24150,がんばる,頑張る,五自,H,1,◎,,○,○,○,○
24160,かんばん,看板,名,K,1,◎,,○,○,○,○
24170,かんぱん,甲板,名,K,1,,,,,○,
24180,かんびょう,看病,名・ス他,K,2,○,,○,○,○,
24190,かんぶ,幹部,名,K,2,○,,,,,
24200,かんべん,勘弁,名・ス他,K,1,,,○,,○,
24210,かんむり,冠,名,W,1,○,,,○,○,○
24220,かんやく,簡約,名・ス他・形動,K,3,,,,○,,
24230,がんゆうりょう,含有量,名,K,,,,○,,,
24240,かんようしょくぶつ,観葉植物,名,K,,,,,○,○,
24250,がんらい,元来,副,K,2,○,,,,,
24260,かんらんしゃ,観覧車,名,K,,,,,○,○,
24270,かんり,官吏,名,K,3,,,○,,,○
24280,かんり,管理,名・ス他,K,3,○,,○,○,,○
24290,かんりょう,官僚,名,K,3,○,,○,,,
24300,かんりょう,完了,名・ス自他,K,3,○,,,,,
24310,かんりょうせい,官僚制,名,K,,,,○,,,
24320,かんれん,関連・関×聯,名・ス自,K,3,○,,○,,,
24330,かんろく,貫×禄,名,K,3,○,,,,,
24340,かんわ,漢和,名,K,3,○,,,,,
24350,かんわ,緩和,名・ス自他,K,3,○,,,,,
24360,き,気,名,K,1,◎,,○,○,○,○
24370,き,木・△樹,名,W,1,◎,○,○,○,○,○
24380,き,機,名・接尾,K,2,○,,○,○,○,
24390,き,黄,名,W,3,,,,,○,
24400,き,器,接尾,K,,,,○,,,
24410,きあい,気合い,名,H,3,,,,○,○,
24420,きあつ,気圧,名,K,2,○,,,,,
24430,キー,key,名,G,3,,,,○,○,○
24440,きーからから,,副,W,,,,,,○,
24450,きぃきー,,副,W,,,,,○,○,
24460,きいきい,,副,W,1,,,,○,○,
24470,ぎいぎい,,副,W,1,,,,○,○,
24480,きーくるくる,,副,W,,,,,,○,
24490,きいちご,木×苺,名,W,,,,,,○,
24500,きいと,生糸,名,W,2,,,○,,,
24510,きいろ,黄色,名,W,3,◎,○,○,○,○,○
24520,きいろい,黄色い,形,W,3,◎,○,○,○,○,
24530,きいろちゃん,,名,W,,,,,,○,
24540,ぎいん,議員,名,K,2,○,,○,,,
24550,ぎいんないかくせい,議員内閣制,名,K,,,,○,,,
24560,きえる,消える,下一自,W,1,◎,,○,○,○,○
24570,きえんさん,希塩酸,名,K,,,,○,,,
24580,きおく,記憶,名・ス他,K,2,◎,,○,○,○,○
24590,きおん,気温,名,K,2,○,,○,○,○,
24600,きかい,機械,名,K,1,◎,,○,○,○,○
24610,きかい,機会,名,K,2,◎,,○,○,,○
24620,ぎかい,議会,名,K,2,○,,○,○,,
24630,きかいか,機械化,名,K,,,,○,,,
24640,きがえ,着替え,名,W,1,○,,,,,
24650,きがえる,着替える,下一他,W,1,○,,○,○,○,○
24660,きがかり,気掛かり,名,H,2,,,○,,,
24670,きかく,企画・企×劃,名・ス他,K,3,○,,,,,
24680,きかす,聞かす,五他,W,1,○,,,,,
24690,きかせる,聞かせる,下一他,W,,,,,,○,
24700,きがね,気兼ね,名,H,3,○,,○,○,○,
24710,きがる,気軽,形動,H,2,○,,○,○,○,
24720,きかん,期間,名,K,2,◎,,○,○,○,○
24730,きかん,器官,名,K,2,,,○,,,
24740,きかん,機関,名,K,2,○,,○,,,○
24750,きかん,気管,名,K,3,,,○,,,
24760,きかんこ,機関庫,名,K,,,,,,○,
24770,きかんし,機関士,名,K,2,,,,,○,
24780,きかんしゃ,機関車,名,K,1,○,,,○,○,
24790,きき,危機,名,K,3,○,,,,,
24800,ききあわせる,聞き合わせる,下一他,W,2,,,○,,,
24810,ききいれる,聞き入れる,下一他,W,1,,,○,,,
24820,ききつける,聞き付ける,下一他,W,1,,,○,,○,
24830,ききて,聞き手・聴き手,名,W,1,○,,,,,
24840,ききめ,効き目・利き目,名,W,2,○,,○,,,○
24850,ききゅう,気球,名,K,2,,,,○,○,
24860,ききょう,帰京,名・ス自,K,2,○,,,,,
24870,きぎょう,企業,名,K,3,○,,○,,,○
24880,ぎきょく,戯曲,名,K,3,○,,,,,
24890,ききわけ,聞き分け,名,W,1,,,○,,,
24900,きく,利く,五自他,W,1,○,,○,○,○,○
24910,きく,聞く・聴く,五他,W,1,◎,○,○,○,○,○
24920,きく,菊,名,K,1,○,,○,○,○,○
24930,きぐ,器具,名,K,1,○,,,,,
24940,ぎくっと,,副・ス自,W,,,,,○,○,
24950,ぎくり,,副,W,2,,,,○,○,
24960,きげき,喜劇,名,K,2,○,,○,,,○
24970,きけん,危険,名・形動,K,1,◎,,○,○,○,○
24980,きけん,棄権,名・ス自他,K,3,○,,,,,
24990,きげん,機嫌,名,K,1,◎,,○,○,○,
25000,きげん,期限,名,K,2,○,,○,,,
25010,きげん,起源・起原,名,K,3,○,,,,,
25020,きこう,気候,名,K,1,◎,,○,○,○,○
25030,きこう,気孔,名,K,,,,○,,,
25040,きごう,記号,名,K,2,○,,,○,○,
25050,きこえる,聞こえる,下一自,W,1,◎,,○,○,○,○
25060,きこく,帰国,名・ス自,K,2,◎,,○,○,,○
25070,きこり,木こり・×樵,名,W,1,,,,,○,
25080,ぎざぎざ,,名・形動,W,1,,,,○,○,
25090,きさく,気さく,形動,H,,,,,○,○,
25100,きざみ,刻み,名,W,1,,,,,○,
25110,きざむ,刻む,五他,W,1,○,,○,○,○,○
25120,きし,岸,名,W,1,◎,,○,○,○,○
25130,きじ,×雉・×雉子,名,W,1,,,,,○,
25140,きじ,生地,名,H,2,○,,○,,,○
25150,きじ,記事,名,K,2,○,,○,,,○
25160,ぎし,技師,名,K,2,○,,○,,,○
25170,ぎしぎし,,副・ス自,W,1,,,,○,○,
25180,きしつ,気質,名,K,2,○,,,○,,
25190,きじつ,期日,名,K,2,○,,,,,
25200,きしゃ,汽車,名,K,1,◎,○,○,○,○,○
25210,きしゃ,記者,名,K,2,○,,○,,,
25220,ぎじゅつ,技術,名,K,2,◎,,○,○,,○
25230,きじゅん,基準,名,K,2,○,,,,,
25240,きじゅん,規準,名,K,2,○,,,,,
25250,きしょう,記章・×徽章,名,K,1,,,○,,○,
25260,きしょう,気性,名,K,2,,,,○,○,
25270,きしょう,気象,名,K,2,○,,,,,
25280,きしょう,起床,名・ス自,K,2,○,,,○,○,
25290,キス,kiss,名・ス自,G,3,,,,○,○,
25300,きず,傷・×疵・×瑕,名,W,1,◎,,○,○,○,○
25310,きすう,奇数,名,K,2,○,,○,○,,○
25320,きずく,築く,五他,W,1,○,,○,○,○,
25330,きずぐち,傷口,名,W,1,,,,,○,
25340,きずつく,傷つく・×疵付く,五自,W,2,○,,,○,○,
25350,きずつける,傷つける・×疵付ける,下一他,W,2,○,,,,,
25360,ぎせい,犠牲,名,K,2,○,,○,,,
25370,きせつ,季節,名,K,1,◎,,○,○,○,○
25380,きぜつ,気絶,名・ス自,K,2,,,○,,,
25390,きせる,着せる,下一他,W,1,◎,,○,○,○,○
25400,キセル,〔カンボジア〕khsier,名,G,1,,,,,○,
25410,きせん,汽船,名,K,1,○,,○,,○,○
25420,きそ,基礎,名,K,3,◎,,○,○,○,○
25430,きそく,規則,名,K,1,◎,,○,○,○,○
25440,きぞく,貴族,名,K,3,○,,,,,
25450,きた,北,名,W,1,◎,○,○,○,○,○
25460,ギター,guitar,名,G,3,○,,○,○,○,
25470,きたい,気体,名,K,2,○,,○,○,,○
25480,きたい,期待,名・ス他,K,2,○,,○,○,○,○
25490,ぎだい,議題,名,K,2,○,,,,,
25500,きたえる,鍛える,下一他,W,2,,,○,○,○,
25510,きたかぜ,北風,名,W,1,,,,○,○,
25520,きたきゅうしゅう,北九州,名,H,,,,,○,,
25530,きたく,帰宅,名・ス自,K,2,○,,,,,
25540,きだて,気立て,名,H,2,,,,○,○,
25550,きたない,汚い・×穢い,形,W,1,◎,,○,○,○,○
25560,きたならしい,汚らしい・×穢らしい,形,W,1,,,,○,○,
25570,きたら,,連語,W,,,,○,,,
25580,きち,基地,名,K,2,○,,,,,
25590,きちがい,気違い・気△狂い,名,H,1,○,,○,,○,
25600,きちょう,貴重,名,K,2,○,,○,,,○
25610,ぎちょう,議長,名,K,2,○,,,○,○,
25620,きちょうひん,貴重品,名,K,2,○,,,,,
25630,きちんと,,副,W,1,◎,,○,○,○,○
25640,きつい,,形,W,1,○,,○,○,○,
25650,きつえん,喫煙,名・ス自,K,3,,,,,,○
25660,きづかう,気遣う,五他,H,2,,,○,,,
25670,きづく,気付く,五自,H,1,○,,○,○,○,○
25680,きっさ,喫茶,名,K,3,○,,,,,
25690,きっさてん,喫茶店,名,K,2,○,,○,○,○,○
25700,ぎっしり,,副,W,1,○,,,○,○,
25710,きつつき,〈×啄木鳥〉,名,W,1,,,,○,○,
25720,きって,切手,名,W,1,◎,○,○,○,○,○
25730,きっと,,副,W,1,◎,,○,○,○,○
25740,きつね,×狐,名,W,1,○,,,○,○,○
25750,きっぱり,,副,W,1,○,,○,,,
25760,きっぷ,切符,名,H,1,◎,○,○,○,○,○
25770,キップ,〔カンガルー名〕,名,G,,,,,,○,
25780,きっぷうりば,切符売り場,名,H,,,,○,,,
25790,きづよい,気強い,形,H,2,,,○,,,
25800,きてい,規定,名・ス他,K,2,,,○,,,○
25810,きてき,汽笛,名,K,1,,,,○,○,
25820,きど,木戸,名,W,1,,,,,○,
25830,きどり,気取り,名,H,1,,,,,○,
25840,きどる,気取る,五自,H,1,,,○,○,○,
25850,きにいる,気に入る,連語,H,2,○,,,,,
25860,きにゅう,記入,名・ス他,K,2,○,,,,,○
25870,きぬ,絹,名,W,2,○,,○,,,○
25880,きね,×杵,名,W,1,,,,,○,
25890,きねん,記念,名・ス他,K,2,◎,,○,○,○,○
25900,きねんしゃしん,記念写真,名,K,,,,,○,○,
25910,きねんび,記念日,名,H,2,○,,,,,
25920,きのう,《昨日》,名,W,1,◎,○,○,○,○,○
25930,きのう,機能,名・ス自,K,3,○,,○,,,
25940,きのこ,×茸・△菌,名,W,1,○,,○,○,○,○
25950,きのどく,気の毒,名,H,1,◎,,○,○,○,○
25960,きのは,木の葉,名,W,,,,,,○,
25970,きのぼり,木登り,名,W,1,,,,○,○,
25980,きのみ,木の実,名,W,1,,,,○,○,
25990,きば,×牙,名,W,1,,,,○,○,
26000,きばん,基盤,名,K,3,,,○,,,
26010,きび,×黍・×稷,名,W,2,,,,,○,
26020,きびしい,厳しい・△酷しい,形,W,1,◎,,○,○,○,○
26030,きびだんご,×黍団子・△吉備団子,名,H,1,,,,,○,
26040,きふ,寄付・寄附,名・ス他,K,2,○,,○,○,,
26050,きぶん,気分,名,K,1,◎,,○,○,○,○
26060,きぼ,規模,名,K,3,○,,○,,,
26070,きぼう,希望,名・ス他,K,2,◎,,○,○,○,○
26080,きほん,基本,名,K,2,○,,○,○,○,○
26090,きほんけん,基本権,名,K,,,,○,,,
26100,きほんしんどう,基本振動,名,K,,,,○,,,
26110,きほんてき,基本的,形動,K,,,,○,,,
26120,きほんてきじんけん,基本的人権,名,K,,,,○,,,
26130,きまえ,気前,名,H,3,,,○,,,
26140,きまぐれ,気△紛れ,名・形動,H,2,○,,,○,○,
26150,きまま,気×侭,名・形動,H,2,,,○,,,
26160,きまり,決まり・△極まり,名,W,1,○,,○,○,○,
26170,きまりわるい,決まり悪い・△極まり悪い,形,W,1,○,,,,,
26180,きまる,決まる・△極まる,五自,W,1,◎,,○,○,○,○
26190,きみ,君,代・名,W,1,◎,,○,○,○,○
26200,きみ,気味,名,K,2,○,,○,,,
26210,きみ,黄身,名,W,2,,,,,○,
26220,きみがよ,君が代,名,W,1,,,,,○,
26230,きみがわるい,気味が悪い,連語,H,2,○,,,,,
26240,きみょう,奇妙,形動,K,2,○,,,,,
26250,きみわるい,気味悪い,形,H,,,,,○,○,
26260,キム,〔カンガルー名〕,名,G,,,,,,○,
26270,ぎむ,義務,名,K,2,◎,,○,○,,○
26280,きむら,木村,名,W,,,,,○,○,
26290,きめる,決める・△極める,下一他,W,1,◎,,○,○,○,○
26300,きも,肝・△胆,名,W,1,,,,,○,
26310,きもち,気持ち,名,H,1,◎,,○,○,○,○
26320,きもの,着物,名,W,1,◎,○,○,○,○,○
26330,ぎもん,疑問,名,K,2,◎,,○,○,○,○
26340,きゃあ,,感,W,1,,,,,○,
26350,きゃく,客,名・接尾,K,1,◎,,○,○,○,○
26360,ぎゃく,逆,名・形動,K,2,◎,,○,○,○,○
26370,きゃくしゃ,客車,名,K,2,,,,,○,
26380,きゃくしょく,脚色,名・ス他,K,3,○,,,,,
26390,きゃくほん,脚本,名,K,2,○,,,,,
26400,きゃくま,客間,名,H,1,○,,,,,
26410,きゃっかん,客観,名,K,3,○,,○,○,,○
26420,きゃっかんてき,客観的,形動,K,2,○,,,,,
26430,キャッチボール,〔和〕catch ball,名,G,1,,,,○,○,
26440,キャベツ,cabbage,名,G,1,○,,,○,○,○
26450,キャラメル,caramel,名,G,1,,,,○,○,
26460,キャンデー,candy,名,G,2,,,,○,○,
26470,キャンプ,camp,名・ス自,G,1,,,,○,○,
26480,キャンプファイヤー,camp fire,名,G,,,,,○,○,
26490,きゅう,九,名,K,1,◎,○,○,○,○,○
26500,きゅう,急,名・形動,K,1,◎,,○,○,○,○
26510,きゅう,旧,名,K,2,○,,○,,,
26520,きゅう,級,名・接尾,K,2,○,,○,,,
26530,きゅう,球,名・接尾,K,2,○,,○,,,○
26540,きゅうか,休暇,名,K,2,○,,○,,,○
26550,きゅうがく,休学,名・ス自,K,2,○,,,,,
26560,きゅうかんちょう,九官鳥,名,K,3,,,,○,○,
26570,ぎゅうぎゅう,,副・形動,W,2,○,,,,,
26580,きゅうきゅうしゃ,救急車,名,K,,,,,○,○,
26590,きゅうぎょう,休業,名・ス自,K,2,○,,○,,,
26600,きゅうくつ,窮屈,名・形動,K,2,○,,○,○,○,
26610,きゅうけい,休憩,名・ス自,K,2,○,,○,○,○,○
26620,きゅうげき,急激,形動,K,3,○,,○,,,
26630,きゅうこう,急行,名・ス自,K,1,◎,○,○,○,○,○
26640,きゅうこう,休講,名・ス自他,K,3,○,,,,,
26650,きゅうこうれっしゃ,急行列車,名,K,2,,,,○,○,
26660,きゅうこん,球根,名,K,2,,,,○,○,
26670,きゅうじ,給仕,名・ス自他,K,2,,,○,,,
26680,きゅうじつ,休日,名,K,2,○,,○,,,○
26690,きゅうしゅう,九州,名,K,2,○,,○,○,,
26700,きゅうしゅう,吸収,名・ス他,K,3,○,,○,,,○
26710,きゅうじゅう,九十,名,K,,,○,○,,,
26720,きゅうしょく,給食,名・ス自,K,1,,,,○,○,
26730,きゅうしょくしつ,給食室,名,K,,,,,,○,
26740,きゅうす,急×須,名,K,2,,,,○,○,
26750,きゅうそく,休息,名・ス自,K,2,○,,,,,
26760,きゅうそく,急速,名・形動,K,2,,,○,,,
26770,ぎゅうっ,,副,W,,,,,,○,
26780,きゅうでん,宮殿,名,K,2,,,○,,,○
26790,ぎゅうにく,牛肉,名,K,1,◎,,○,○,○,○
26800,ぎゅうにゅう,牛乳,名,K,1,◎,○,○,○,○,○
26810,ぎゅうにゅうや,牛乳屋,名,H,,,,,,○,
26820,きゅうはん,急坂,名,K,1,,,,,○,
26830,きゅうびょう,急病,名,K,2,○,,○,,,○
26840,きゅうめいぐ,救命具,名,K,3,,,,○,○,
26850,きゅうめいボート,救命ボート,名,H,,,,,,○,
26860,きゅうよう,急用,名,K,2,○,,○,,,○
26870,きゅうり,〈×胡×瓜〉,名,W,1,○,,,○,○,
26880,きゅうりょう,給料,名,K,2,◎,,○,○,,○
26890,ぎゅっと,,副,W,,,,,,○,
26900,きよい,清い,形,W,1,○,,○,,,
26910,きょう,《今日》,名,W,1,◎,○,○,○,○,○
26920,きょう,教,名,K,2,○,,○,,,
26930,きょう,鏡,名,K,2,○,,,,,
26940,きょう,強,名・接尾,K,2,○,,,,,
26950,きよう,器用,形動,K,2,○,,,○,○,
26960,ぎょう,行,名・接尾,K,1,◎,,○,,○,○
26970,ぎょう,業,名,K,2,,,○,,,○
26980,きょういく,教育,名・ス他,K,2,◎,,○,○,,○
26990,きょういくせいど,教育制度,名,K,,,,○,,,
27000,きょういん,教員,名,K,2,○,,,,,
27010,きょうか,教科,名,K,2,,,○,,,
27020,きょうか,強化,名・ス他,K,3,○,,○,,,
27030,きょうかい,教会,名,K,2,◎,○,○,○,○,○
27040,きょうかい,境界,名,K,2,○,,○,,,
27050,きょうかい,協会,名,K,3,,,○,,,
27060,きょうかしょ,教科書,名,K,1,◎,○,○,○,○,○
27070,きょうぎ,競技,名・ス自,K,2,○,,○,,,
27080,きょうぎ,協議,名・ス他,K,3,,,○,,,
27090,ぎょうぎ,行儀,名,K,1,○,,○,○,○,
27100,きょうぎじょう,競技場,名,K,,,,,○,○,
27110,きょうきゅう,供給,名・ス他,K,3,○,,○,○,,○
27120,きょうぐう,境遇,名,K,3,○,,,,,
27130,きょうくん,教訓,名・ス他,K,2,○,,,,,
27140,きょうげん,狂言,名,K,3,,,,,,○
27150,きょうこう,恐慌,名,K,3,,,○,,,
27160,きょうさん,共産,名,K,3,○,,,,,
27170,きょうさんしゅぎ,共産主義,名,K,3,,,○,,,
27180,きょうし,教師,名,K,2,◎,,○,○,,
27190,ぎょうじ,行司,名,K,1,,,,○,○,
27200,ぎょうじ,行事,名,K,2,○,,○,○,○,○
27210,きょうしつ,教室,名,K,1,◎,○,○,○,○,○
27220,ぎょうしゃ,業者,名,K,3,○,,,,,
27230,きょうじゅ,教授,名・ス他,K,2,○,,○,,,○
27240,きょうしゅく,恐縮,名・ス自,K,3,○,,,,,
27250,ぎょうずい,行水,名・ス自,K,1,,,,,○,
27260,きょうせい,強制,名・ス他,K,3,○,,,,,
27270,きょうせい,強勢,名,K,,,,○,,,
27280,ぎょうせい,行政,名,K,3,○,,○,,,
27290,ぎょうせき,業績,名,K,3,○,,,,,○
27300,きょうそう,競走,名・ス自,K,1,,,○,,○,
27310,きょうそう,競争,名・ス自他,K,1,◎,,○,○,○,○
27320,きょうぞん,共存,名・ス自,K,2,○,,,,,
27330,きょうだい,兄弟,名,K,1,◎,○,○,○,○,○
27340,きょうちょう,強調,名・ス他,K,3,○,,,,,
27350,きょうつう,共通,名・ス自・形動,K,2,○,,○,○,,○
27360,きょうつうご,共通語,名,K,2,○,,,,,
27370,きょうてい,協定,名・ス他,K,3,,,○,,,○
27380,きょうと,京都,名,K,,,,○,○,○,
27390,きょうどう,共同,名・ス自,K,2,○,,○,○,○,○
27400,きょうどう,協同,名・ス自,K,2,,,○,,,
27410,きょうどうさぎょう,共同作業,名,K,,,,○,,,
27420,きょうどうぼきん,共同募金,名,K,2,,,,○,○,
27430,きょうねつ,強熱,名,K,,,,○,,,
27440,きょうはく,脅迫,名・ス他,K,3,○,,,,,
27450,きょうふ,恐怖,名・ス自,K,3,○,,,,,
27460,きょうふう,強風,名,K,2,,,,○,○,
27470,きょうみ,興味,名,K,3,◎,,○,○,○,○
27480,きょうゆうけつごう,共有結合,名,K,,,,○,,,
27490,きょうよう,教養,名,K,3,◎,,○,○,,○
27500,きょうり,郷里,名,K,2,○,,,,,
27510,きょうりゅう,恐竜,名,K,,,,,○,○,
27520,きょうりょく,協力,名・ス自,K,2,◎,,○,○,○,○
27530,きょうりょく,強力,名・形動,K,2,○,,○,○,○,
27540,きょうれつ,強烈,形動,K,3,○,,,,,
27550,ぎょうれつ,行列,名・ス自,K,1,○,,○,○,○,
27560,きょうわ,共和,名,K,2,○,,,,,
27570,きょか,許可,名・ス他,K,2,◎,,○,○,,○
27580,ぎょぎょう,漁業,名,K,2,○,,○,○,○,○
27590,きょく,曲,名,K,1,○,,○,○,○,○
27600,きょく,局,名・接尾,K,2,○,,○,,,○
27610,きょくげい,曲芸,名,K,1,,,,○,○,
27620,きょくせん,曲線,名,K,2,○,,○,○,○,○
27630,きょくばん,極板,名,K,,,,○,,,
27640,きよし,〔固〕,名,W,,,,,,○,
27650,きょじゅう,居住,名・ス自,K,2,,,○,,,
27660,ぎょせん,漁船,名,K,2,○,,,,,
27670,ぎょそん,漁村,名,K,2,○,,○,,,
27680,きょだい,巨大,名,K,3,○,,,,,
27690,ぎょっと,,副・ス自,W,2,○,,,○,○,
27700,きょねん,去年,名,K,1,◎,○,○,○,○,○
27710,きょひ,拒否,名・ス他,K,3,○,,,,,
27720,きよめる,清める,下一他,W,2,,,,,,○
27730,きよらか,清らか,形動,W,2,○,,,○,○,
27740,きょり,距離,名,K,2,◎,,○,○,○,○
27750,きょろきょろ,,副・ス自,W,1,,,,○,○,
27760,ぎょろり,,副,W,1,,,,○,○,
27770,きらい,嫌い,名,W,1,◎,○,○,○,○,○
27780,きらう,嫌う,五他,W,1,◎,,○,○,○,○
27790,きらきら,,副・ス自,W,1,○,,○,○,○,
27800,ぎらぎら,,副・ス自,W,1,,,○,,○,
27810,きらく,気楽,名・形動,K,2,○,,○,,,
27820,きらめく,,五自,W,2,,,,○,○,
27830,きらり,,副,W,1,,,○,,,
27840,きり,×桐,名,W,1,,,,,○,
27850,きり,×錐,名,W,1,,,○,,○,○
27860,きり,霧,名,W,1,◎,,○,○,○,○
27870,きり,切り・△限,名・副助,W,1,○,,○,,○,
27880,ぎり,義理,名,K,3,○,,,○,,
27890,きりあげる,切り上げる,下一他,W,2,,,○,,,
27900,きりお,〔カマキリ名〕,名,W,,,,,,○,
27910,きりかえる,切り換える・切り替える,下一他,W,2,,,○,,,○
27920,きりかぶ,切り株,名,W,1,,,,○,○,
27930,きりがみ,切り紙,名,W,,,,,○,○,
27940,ぎりぎり,,名・副,W,1,,,,○,○,
27950,きりぎりす,〈×螽×斯〉,名,W,1,,,,○,○,
27960,きりくち,切り口,名,W,1,,,,○,○,
27970,ギリシャ,Greece,名,G,,,,,○,,
27980,キリスト,〔葡〕Christo,名,G,2,○,,,○,○,
27990,キリストきょう,キリスト教,名,H,2,○,,○,○,,○
28000,きりだす,切り出す,五他,W,2,,,○,,,
28010,きりつ,規律・紀律,名,K,2,,,○,,,○
28020,きりつ,起立,名・ス自,K,2,,,,○,○,
28030,きりぬく,切り抜く,五他,W,1,,,○,○,○,
28040,きりぬける,切り抜ける,下一自,W,2,,,○,,,
28050,きりゅうさん,希硫酸,名,K,,,,○,,,
28060,きりょく,気力,名,K,3,,,,○,○,
28070,きりん,×麒×麟,名,K,1,,,,○,○,○
28080,きる,切る・△伐る・×斬る・×截る・×鑚る,五他,W,1,◎,,○,○,○,○
28090,きる,着る,上一他,W,1,◎,○,○,○,○,○
28100,きれ,切れ,名・接尾,W,1,◎,,○,○,○,○
28110,きれい,奇麗・×綺麗,形動,K,1,◎,○,○,○,○,○
28120,きれる,切れる,下一自,W,1,◎,,○,○,○,○
28130,キロ,〔仏〕kilo,名,G,1,◎,,○,○,,○
28140,きろく,記録,名・ス他,K,1,◎,,○,○,○,○
28150,キログラム,〔仏〕kilogramme,名,G,1,,,○,,,
28160,キロメートル,〔仏〕kilome′tre,名,G,1,,,○,,,
28170,ぎろん,議論,名・ス他,K,2,○,,,,,
28180,きわ,際,名,W,1,,,,,○,
28190,きわめて,極めて,副,W,2,○,,○,,,○
28200,きをつける,気を付ける,連語,H,2,○,,○,,,
28210,きん,金,名,K,1,◎,○,○,○,○,○
28220,きん,菌,名,K,2,○,,,,,
28230,きん,筋,名,K,,,,○,,,
28240,ぎん,銀,名,K,1,◎,,○,○,○,○
28250,きんいろ,金色,名,H,1,○,,,○,○,
28260,ぎんいろ,銀色,名,H,1,,,,○,○,
28270,きんえん,禁煙・禁×烟,名・ス自,K,3,○,,○,,,○
28280,きんがく,金額,名,K,2,○,,,,,
28290,ぎんがみ,銀紙,名,H,1,,,,,○,
28300,きんがん,近眼,名,K,2,○,,○,,,○
28310,きんき,近×畿,名,K,2,○,,,○,,
28320,きんきゅう,緊急,名・形動,K,3,○,,,,,
28330,きんぎょ,金魚,名,K,1,○,,○,○,○,○
28340,きんこ,金庫,名,K,2,○,,,○,○,
28350,ぎんこう,銀行,名,K,1,◎,○,○,○,○,○
28360,ぎんこういん,銀行員,名,K,,,,○,,,
28370,ぎんざ,銀座,名,K,2,,,○,○,,
28380,きんし,近視,名,K,2,○,,,,,○
28390,きんし,禁止,名・ス他,K,2,◎,,○,○,,○
28400,きんじょ,近所,名,K,1,◎,,○,○,○,○
28410,きんじる,禁じる,上一他,H,2,○,,,,,
28420,きんせん,金銭,名,K,2,○,,,,,
28430,きんぞく,金属,名,K,2,◎,,○,○,○,○
28440,きんぞくこうぎょう,金属工業,名,K,,,,○,,,
28450,きんだい,近代,名,K,3,○,,○,,,○
28460,きんだいてき,近代的,形動,K,,,,○,,,
28470,きんちょう,緊張,名・ス自,K,3,○,,,○,○,
28480,きんにく,筋肉,名,K,2,◎,,○,○,,
28490,きんべん,勤勉,名・形動,K,2,○,,○,,,○
28500,きんぽうげ,金鳳花,名,K,,,,,,○,
28510,きんむ,勤務,名・ス自,K,2,○,,○,,,○
28520,きんもつ,禁物,名,K,3,○,,,,,
28530,きんゆう,金融,名・ス自,K,3,,,○,,,
28540,きんゆうきかん,金融機関,名,K,,,,○,,,
28550,きんよう,金曜,名,K,2,◎,○,○,○,○,
28560,きんようび,金曜日,名,H,,,,○,,,○
28570,きんろう,勤労,名・ス自,K,2,,,○,,,○
28580,く,九,名,K,1,◎,○,○,○,○,○
28590,く,区,名・接尾,K,2,◎,,○,○,,○
28600,く,句,名・接尾,K,2,○,,,,,
28610,ぐあい,具合・△工合,名,H,1,◎,,○,○,○,○
28620,クァック,〔鴨名〕,名,G,,,,,,○,
28630,ぐあっと,,副,W,,,,,,○,
28640,クアラルンプール,Kuala Lumpur,名,G,,,,,○,,
28650,くい,×杭・×杙,名,W,1,,,○,○,○,○
28660,くいころす,食い殺す,五他,W,,,,,,○,
28670,くいしんぼう,食いしん坊,名,H,1,,,,○,○,
28680,くいしんぼねずみ,食いしん△坊鼠,名,H,,,,,,○,
28690,クイズ,〔米〕quiz,名,G,1,○,,,○,○,
28700,くいつく,食いつく,五自,W,1,,,,,○,
28710,くう,食う・×喰う,五他,W,1,○,,○,○,○,○
28720,くう,空,名,K,2,○,,,,,
28730,くうかん,空間,名,K,3,○,,○,,,
28740,くうき,空気,名,K,1,◎,,○,○,○,○
28750,ぐうぐう,,副,W,1,,,○,○,○,
28760,くうぐん,空軍,名,K,2,○,,,,,
28770,くうこう,空港,名,K,2,○,,○,,,○
28780,ぐうすう,偶数,名,K,2,○,,○,○,,○
28790,ぐうぜん,偶然,副・名・形動,K,3,○,,○,○,○,○
28800,くうそう,空想,名・ス他,K,2,○,,,○,○,
28810,くうちゅう,空中,名,K,2,○,,,,,
28820,くうふく,空腹,名,K,2,○,,,,,
28830,クーラー,cooler,名,G,3,,,○,○,○,○
28840,くがつ,九月,名,K,2,,,○,,,
28850,くき,茎,名,W,1,◎,,○,○,○,
28860,くぎ,×釘,名,W,1,○,,○,○,○,○
28870,くぎぬき,×釘抜き,名,W,1,,,,○,○,
28880,くぎる,句切る・区切る,五他,H,1,○,,○,,,○
28890,くくり,△括り,名,W,1,,,,,○,
28900,くぐり,△潜り,名,W,1,,,,,○,
28910,くくる,△括る,五他,W,1,,,○,,○,○
28920,くぐる,△潜る,五自,W,1,,,○,○,○,
28930,くさ,草,名・接頭,W,1,◎,○,○,○,○,○
28940,くさい,臭い,形,W,1,◎,,○,○,○,○
28950,くさき,草木,名,W,1,○,,,,,
28960,くさとり,草取り,名,W,1,,,,○,○,
28970,くさはら,草原,名,W,1,,,,,○,
28980,くさむら,草むら・×叢,名,W,1,,,,○,○,
28990,くさめ,×嚏,名,W,1,,,,,○,
29000,くさり,鎖,名,W,1,○,,○,○,○,○
29010,くさり,腐り,名・接頭,W,1,,,,,,○
29020,くさる,腐る,五自,W,1,◎,,○,○,○,○
29030,くし,×串,名,W,1,,,,○,○,
29040,くし,×櫛,名,W,1,○,,○,○,○,○
29050,くじ,×籖・×鬮,名,W,1,○,,○,○,○,○
29060,くじく,×挫く,五他,W,2,,,○,○,○,
29070,くじゃく,△孔×雀,名,K,1,,,,○,○,
29080,くしゃくしゃ,,形動・副,W,1,○,,,○,○,
29090,くしゃみ,×嚔,名,W,1,○,,○,○,○,○
29100,くじら,鯨,名,W,1,,,,○,○,
29110,くじらぐも,鯨雲,名,W,,,,,,○,
29120,くしん,苦心,名・ス自,K,1,◎,,○,○,○,
29130,くず,×屑,名,W,1,○,,○,○,○,○
29140,くずいれ,×屑入れ,名,W,,,,,○,○,
29150,くずかご,×屑×篭,名,W,2,,,,,○,
29160,くすくす,,副,W,1,,,○,○,○,
29170,ぐずぐず,愚図愚図,副・ス自,W,1,○,,○,○,○,
29180,くすぐったい,×擽ったい,形,W,1,○,,○,○,○,○
29190,くすぐり,×擽り,名,W,1,,,,,○,
29200,くすぐる,×擽る,五他,W,1,,,○,○,○,
29210,くずす,崩す,五他,W,1,○,,○,○,○,○
29220,くすだま,△薬玉,名,W,,,,,○,○,
29230,くすり,薬,名,W,1,◎,,○,○,○,
29240,くすり,,副,W,,,,,○,○,
29250,くすりばこ,薬箱,名,W,,,,,○,○,
29260,くすりや,薬屋,名,W,1,,,○,,,
29270,くすりゆび,薬指,名,W,1,○,,,,,
29280,くずれ,崩れ,名,W,1,,,,,○,
29290,くずれる,崩れる,下一自,W,1,◎,,○,○,○,○
29300,くすんくすん,,副,W,,,,,,○,
29310,くせ,癖・△曲,名,W,1,◎,,○,○,○,○
29320,くせに,,連語,W,,,,○,,,
29330,くそ,×糞,名・感,W,1,,,○,,○,
29340,くだ,管,名,W,1,○,,○,○,○,○
29350,ぐたい,具体,名,K,3,○,,○,,,
29360,ぐたいてき,具体的,形動,K,3,○,,○,○,,○
29370,くだく,砕く,五他,W,1,○,,○,○,○,○
29380,くたくた,,形動,W,2,○,,,○,○,
29390,くだける,砕ける,下一自,W,1,○,,○,○,○,○
29400,ください,下さい,連語,W,,,,,○,○,○
29410,くださる,下さる,五他,W,1,◎,,○,○,○,○
29420,くだす,下す・△降す,五他,W,1,,,,,○,
29430,くだはる,下はる,四他,W,,,,,,○,
29440,くたびれ,〈草×臥れ〉,名,W,1,,,,,○,
29450,くたびれる,〈草×臥れる〉,下一自,W,1,○,,○,○,○,
29460,くだもの,《果物》,名,W,1,◎,○,○,○,○,○
29470,くだものや,《果物》屋,名,W,1,,,,,○,
29480,くだらない,下らない,連語,W,2,○,,○,,,
29490,くだり,下り,名,W,1,◎,,○,○,○,○
29500,くだる,下る・△降る,五自,W,1,◎,,○,○,○,○
29510,くたんと,,副,W,,,,,,○,
29520,くち,口,名,W,1,◎,○,○,○,○,○
29530,くちぐち,口口,名,W,1,,,,,○,
29540,くちぐちに,口口に,副,W,,,,○,,,
29550,くちばし,×嘴,名,W,1,,,○,○,○,
29560,くちびる,唇,名,W,1,◎,,○,○,○,○
29570,くちぶえ,口笛,名,W,1,,,,○,○,
29580,くちべに,口紅,名,W,1,○,,,○,○,
29590,ぐちゃぐちゃ,,副・形動,W,1,,,,○,○,
29600,くつ,靴・×沓,名,W,1,◎,○,○,○,○,○
29610,くつう,苦痛,名,K,2,○,,,,,
29620,クッキー,〔米〕cookie・cooky,名,G,1,,,,○,○,
29630,クッキー,〔犬名〕,名,G,,,,,,○,
29640,くっくっ,,副,W,1,,,,,○,
29650,ぐつぐつ,,副,W,1,,,,○,○,
29660,くつした,靴下,名,W,1,◎,○,○,○,○,○
29670,クッション,cushion,名,G,2,,,,○,○,
29680,ぐっすり,,副,W,1,○,,○,,○,
29690,くっせつ,屈折,名・ス自,K,3,,,○,,,
29700,ぐったり,,副・ス自,W,1,,,,○,○,
29710,くっつく,,五自,W,1,,,○,○,○,○
29720,くっつける,,下一他,W,1,,,,○,○,
29730,ぐっと,,副,W,1,,,○,,○,
29740,くつばこ,靴箱,名,W,,,,,○,○,
29750,くつみがき,靴磨き,名,W,1,,,,○,○,
29760,くつや,靴屋,名,W,1,,,○,○,○,
29770,くどい,,形,W,2,,,,○,○,
29780,くとうてん,句読点,名,K,2,○,,,,,
29790,くどくど,,副,W,2,,,,○,○,
29800,くに,国,名,W,1,◎,,○,○,○,○
29810,くにお,〔固〕,名,W,,,,,,○,
29820,くにぐに,国国,名,W,1,,,○,,,
29830,くにじゅう,国中,名,W,1,,,,,○,
29840,くにゃくにゃ,,形動・副,W,,,,,○,○,
29850,ぐにゃぐにゃ,,副・形動・ス自,W,1,,,,○,○,
29860,くぬぎばやし,×櫟林,名,W,,,,,,○,
29870,くねくね,,副・ス自,W,1,,,,○,○,
29880,くばり,配り,名,W,1,,,,,○,
29890,くばる,配る,五他,W,1,◎,,○,○,○,○
29900,くび,首・×頚,名,W,1,◎,○,○,○,○,○
29910,くびかざり,首飾り・×頚飾り,名,W,1,,,,○,○,
29920,くびわ,首輪,名,W,1,,,,○,○,
29930,くふう,工夫,名・ス他,K,1,◎,,○,○,○,○
29940,くべつ,区別,名・ス他,K,1,◎,,○,○,○,○
29950,くぼち,×窪地,名,H,,,,,,○,
29960,くぼみ,×窪み,名,W,2,,,○,,,
29970,くぼむ,×窪む,五自,W,2,,,,,,○
29980,くま,×熊,名・接頭,W,1,○,,○,○,○,
29990,くまきち,×熊吉,名,K,,,,,,○,
30000,くまくん,×熊君,名,H,,,,,,○,
30010,くまちゃん,×熊ちゃん,名,W,,,,,,○,
30020,くまで,×熊手,名,W,1,,,,○,○,
30030,くみ,組み,名,W,1,◎,,○,○,○,○
30040,くみ,×汲み・酌み,名,W,1,,,,,○,
30050,くみあい,組合,名,W,1,○,,○,,,○
30060,くみあう,組み合う,五自,W,2,,,○,,,
30070,くみあわす,組み合わす,五他,W,1,,,○,,,
30080,くみあわせ,組み合わせ,名,W,2,○,,○,○,○,
30090,くみあわせる,組み合わせる,下一他,W,2,○,,○,,,○
30100,くみこ,〔固〕,名,H,,,,,,○,
30110,くみたてる,組み立てる,下一他,W,1,○,,○,○,○,○
30120,くむ,組む,五自他,W,1,○,,○,○,○,○
30130,くむ,×汲む・酌む,五他,W,1,○,,○,○,○,○
30140,くも,雲,名,W,1,◎,○,○,○,○,○
30150,くも,〈×蜘×蛛〉,名,W,1,○,,,○,○,
30160,くもざる,〈×蜘×蛛〉猿,名,W,,,,,,○,
30170,くもらす,曇らす,五他,W,1,,,,,○,
30180,くもらせる,曇らせる,下一他,W,,,,,○,○,
30190,くもり,曇り,名,W,1,◎,,○,○,○,○
30200,くもりがち,曇り勝ち,名・形動,W,,,,,○,○,
30210,くもりぞら,曇り空,名,W,,,,,○,○,
30220,くもる,曇る,五自,W,1,◎,,○,○,○,○
30230,くやくしょ,区役所,名,K,2,○,,,,,
30240,くやしい,悔しい・〈口惜しい〉,形,W,1,◎,,○,○,○,○
30250,くやしさ,悔しさ,名,W,,,,,,○,
30260,くやしなき,悔し泣き,名,W,,,,,○,○,
30270,くら,蔵・倉・△庫,名,W,1,,,,,○,
30280,くら,×鞍,名,W,1,,,,,○,
30290,ぐら,〔ねずみ名〕,名,W,,,,,,○,
30300,くらい,暗い,形,W,1,◎,○,○,○,○,○
30310,くらい,位,名,W,1,○,,　,,○,
30320,くらい,,副助,W,1,,○,○,○,○,○
30330,ぐらい,,副助,W,,,,○,,,
30340,グライダー,glider,名,G,2,,,,○,○,
30350,グラウンド,ground,名,G,2,,,○,○,○,
30360,ぐらぐら,,副,W,1,○,,,○,○,
30370,くらげ,〈水母〉・〈海月〉,名,W,1,,,,○,○,
30380,くらし,暮らし,名,W,1,○,,,,○,
30390,クラシック,classic,名・形動,G,3,○,,,,,
30400,くらす,暮らす,五自他,W,1,◎,,○,○,○,○
30410,クラス,class,名,G,1,○,,,○,○,○
30420,クラブ,club（同好者の集まり）,名,G,3,○,,,○,○,
30430,グラフ,graph,名,G,1,○,,,○,○,○
30440,クラブかつどう,クラブ活動,名,H,,,,○,○,○,
30450,くらべ,比べ・△競べ,名,W,1,,,,,○,
30460,くらべる,比べる・△較べる・△競べる,下一他,W,1,◎,,○,○,○,○
30470,くらむ,暗む・×眩む,五自,W,1,,,,○,○,
30480,グラム,〔仏〕gramme,名,G,1,◎,,○,○,○,○
30490,くらやみ,暗×闇,名,W,1,,,,,○,
30500,くり,×栗,名,W,1,,,,○,○,○
30510,ぐり,〔ねずみ名〕,名,W,,,,,,○,
30520,クリーニング,cleaning,名,G,2,○,,○,,,○
30530,クリーニングや,クリーニング屋,名,H,,,,○,,,
30540,クリーム,cream,名,G,1,○,,,○,○,
30550,クリームソーダ,cream soda,名,G,,,,,○,○,
30560,グリーン,green,名,G,2,○,,,,,
30570,くりかえす,繰り返す,五自他,W,1,◎,,○,○,○,○
30580,クリクター,〔へび名〕,名,G,,,,,,○,
30590,クリケット,cricket,名,G,,,,○,,,
30600,クリスマス,Christmas・Xmas,名,G,1,○,,○,○,○,○
30610,クリップ,clip,名,G,3,,,,○,○,
30620,グリムきょうだい,グリム兄弟,名,H,,,,,○,○,
30630,くる,来る,カ変自,W,1,◎,○,○,○,○,○
30640,くる,繰る,五他,W,2,,,,,○,
30650,くるい,狂い,名,W,1,,,,,○,
30660,くるう,狂う,五自,W,1,○,,○,○,○,
30670,グループ,group,名,G,2,○,,,○,○,
30680,くるくる,,副・ス自,W,1,,,○,○,○,
30690,ぐるぐる,,副,W,1,,,○,○,○,
30700,くるしい,苦しい,形,W,1,◎,,○,○,○,○
30710,くるしみ,苦しみ,名,W,1,○,,○,,○,
30720,くるしむ,苦しむ,五自,W,1,◎,,○,○,○,○
30730,くるしめる,苦しめる,下一他,W,1,○,,,,,
30740,ぐるっと,,副,W,2,○,,,,○,
30750,くるま,車,名,W,1,◎,○,○,○,○,○
30760,くるみ,〈×胡桃〉,名,W,2,,,,,○,
30770,くるむ,,五他,W,2,○,,,○,○,
30780,くるり,,副,W,1,,,○,,○,
30790,ぐるり,,名,W,1,,,,,○,
30800,くるん,,副,W,,,,,,○,
30810,ぐるんぱ,〔象名〕,名,W,,,,,,○,
30820,くれ,暮れ,名,W,1,○,,○,,○,○
30830,クレーン,crane,名,G,1,,,,○,○,
30840,クレオン,〔仏〕crayon,名,G,,,,,,○,
30850,くれかける,暮れ掛ける,下一自,W,,,,,,○,
30860,くれぐれ,△呉△呉,副,W,2,,,○,,,
30870,クレヨン,〔仏〕crayon,名,G,1,,,,○,○,
30880,くれる,暮れる,下一自,W,1,◎,,○,○,○,○
30890,くれる,△呉れる,下一他,W,1,◎,,○,○,○,○
30900,くろ,黒,名,W,1,◎,○,○,○,○,○
30910,くろい,黒い,形,W,1,◎,○,○,○,○,○
30920,くろう,苦労,名・ス自,K,1,◎,,○,○,○,○
30930,くろうと,《玄人》,名,W,3,○,,,,,○
30940,くろおに,黒鬼,名,W,,,,,,○,
30950,クローバー,clover,名,G,2,,,,○,○,
30960,グローブ,glove,名,G,2,,,,○,○,
30970,くろじ,黒字,名,H,3,○,,,,,
30980,クロスワードパズル,crossword puzzle,名,G,,,,,○,○,
30990,くろねこ,黒猫,名,W,,,,,,○,
31000,くわ,桑,名,W,1,,,,,○,
31010,くわ,×鍬,名,W,1,,,○,,○,
31020,ぐわあん,,副,W,,,,,,○,
31030,くわえる,加える,下一他,W,1,◎,,○,○,○,○
31040,くわえる,×銜える,下一他,W,1,○,,○,○,○,
31050,くわがたむし,×鍬形虫,名,W,,,,,○,○,
31060,くわしい,詳しい・△精しい・△委しい,形,W,1,◎,,○,○,○,○
31070,くわせる,食わせる,下一他,W,,,,,,○,
31080,くわだてる,企てる,下一他,W,2,,,○,○,,
31090,くわわる,加わる,五自,W,1,○,,,○,○,
31100,くん,君,接尾,K,1,◎,,○,○,○,○
31110,くん,訓,名,K,2,○,,,,,
31120,ぐん,軍,名,K,2,○,,○,○,,
31130,ぐん,郡,名,K,2,○,,○,,,
31140,ぐんかん,軍艦,名,K,1,○,,○,,,
31150,くんくん,,副,W,1,,,,,○,
31160,ぐんぐん,,副,W,1,,,○,○,○,
31170,ぐんじ,軍事,名,K,3,○,,,,,
31180,くんしゅ,君主,名,K,3,,,○,,,
31190,ぐんしゅう,群衆,名,K,2,○,,,,,
31200,ぐんしゅう,群集,名・ス自,K,2,○,,,,,
31210,ぐんじん,軍人,名,K,1,○,,○,,,○
31220,ぐんたい,軍隊,名,K,2,○,,○,,,○
31230,ぐんて,軍手,名,H,,,,,○,○,
31240,ぐんび,軍備,名,K,2,○,,,,,
31250,ぐんまけん,群馬県,名,K,,,,,,○,
31260,くんよみ,訓読み,名,H,,,,,,,○
31270,ぐんらく,群落,名,K,3,,,○,,,
31280,くんれん,訓練,名・ス他,K,2,○,,○,○,○,
31290,け,毛,名,W,1,◎,○,○,○,○,○
31300,け,家,接尾,K,2,○,○,○,,,
31310,け,,終助,W,,,,○,,,
31320,げ,,接尾,W,2,,,○,○,,
31330,げ,下,名,K,2,◎,,○,○,,○
31340,けい,計,名,K,2,○,,,,,
31350,けい,刑,名,K,3,○,,,,,
31360,けい,形,接尾,K,,,,○,,,
31370,けい,系,接尾,K,,,,○,,,
31380,げい,芸,名,K,1,○,,○,,○,
31390,けいえい,経営,名・ス他,K,2,○,,○,○,,○
31400,けいえいしゃ,経営者,名,K,,,,○,,,
31410,けいか,経過,名・ス自他,K,2,○,,,,,
31420,けいかい,警戒,名・ス他,K,2,○,,,,,
31430,けいかい,軽快,形動,K,3,○,,,,,
31440,けいかく,計画,名・ス他,K,2,◎,,○,○,○,○
31450,けいかくてき,計画的,形動,K,,,,○,,,
31460,けいかん,警官,名,K,2,◎,,○,○,,○
31470,けいき,景気,名,K,3,◎,,○,○,,○
31480,けいぐ,敬具,名,K,3,○,,,,,
31490,けいけん,経験,名・ス他,K,2,◎,,○,○,○,○
31500,けいこ,×稽古,名・ス他,K,1,○,,○,○,○,
31510,けいこ,〔固〕,名,H,,,,,,○,
31520,けいご,敬語,名,K,2,○,,,○,○,
31530,けいこう,傾向,名,K,3,◎,,○,○,,○
31540,けいこうとう,蛍光灯,名,K,2,○,,○,○,○,○
31550,けいこく,警告,名・ス他,K,3,○,,,,,
31560,けいさい,掲載,名・ス他,K,3,○,,,,,
31570,けいざい,経済,名,K,2,◎,,○,○,,○
31580,けいざいせいちょう,経済成長,名,K,,,,○,,,
31590,けいざいてき,経済的,形動,K,2,○,,○,,,
31600,けいさつ,警察,名,K,1,◎,,○,○,○,○
31610,けいさつしょ,警察署,名,K,1,,,○,,○,
31620,けいさん,計算,名・ス他,K,1,◎,,○,○,○,○
31630,けいじ,掲示,名・ス他,K,1,,,,,○,
31640,けいじ,刑事,名,K,2,○,,,,,
31650,けいしき,形式,名,K,2,◎,,○,○,,○
31660,けいしきてき,形式的,形動,K,2,○,,,,,
31670,けいじばん,掲示板,名,K,1,,,,○,○,
31680,けいしゃ,傾斜,名・ス自,K,2,○,,○,,,○
31690,げいじゅつ,芸術,名,K,2,◎,,○,○,,○
31700,げいじゅつか,芸術家,名,K,,,,○,,,
31710,けいせい,形成,名・ス他,K,3,○,,○,,,
31720,けいぞく,継続,名・ス自他,K,3,○,,,,,
31730,けいそつ,軽率,名・形動,K,3,○,,,,,
31740,けいた,〔固〕,名,K,,,,,,○,
31750,けいたい,形態,名,K,3,,,○,,,○
31760,けいたい,携帯,名・ス他,K,3,○,,,,,○
31770,ケイティー,〔トラクター名〕,名,G,,,,,,○,
31780,けいてき,警笛,名,K,2,,,,,○,
31790,けいと,毛糸,名,W,1,○,,○,○,○,○
31800,けいとう,系統,名,K,3,○,,○,,,○
31810,げいとう,芸当,名,K,2,,,,,○,
31820,げいのう,芸能,名,K,3,○,,,,,
31830,けいば,競馬,名,K,2,○,,,,○,
31840,けいひ,経費,名,K,2,○,,,,,
31850,けいべつ,軽×蔑,名・ス他,K,3,○,,○,○,○,
31860,けいもう,啓×蒙,名・ス他,K,3,,,○,,,
31870,けいやく,契約,名・ス他,K,3,○,,○,,,○
31880,けいゆ,経由,名・ス自,K,3,○,,,,,
31890,けいようし,形容詞,名,K,3,○,,,○,,
31900,けいようどうし,形容動詞,名,K,2,○,,,○,,
31910,けいれき,経歴,名,K,3,○,,,,,
31920,けいれつ,系列,名,K,3,,,○,,,
31930,ケーキ,cake,名,G,1,○,,○,○,○,○
31940,ケース,case,名,G,3,,,,○,○,○
31950,げえっく,,感,W,,,,,,○,
31960,ケーブルカー,cable car,名,G,1,,,,○,○,
31970,ゲーム,game,名,G,2,○,,○,○,○,○
31980,けが,△怪我,名,K,1,◎,,○,○,○,○
31990,げか,外科,名,K,2,○,,,,,○
32000,けがにん,△怪我人,名,K,2,,,,,○,
32010,けがれる,汚れる・×穢れる,下一自,W,2,,,,,,○
32020,けがわ,毛皮,名,W,1,,,,○,○,
32030,げき,劇,名,K,1,◎,,○,○,○,○
32040,げきあそび,劇遊び,名,H,,,,,,○,
32050,げきか,激化,名・ス自他,K,3,,,○,,,
32060,げきじょう,劇場,名,K,2,○,,○,,,○
32070,げきれい,激励,名・ス他,K,3,○,,,,,
32080,げこう,下校,名・ス自,K,1,,,,○,○,
32090,けさ,《今朝》,名,W,1,◎,○,○,○,○,○
32100,けしき,《景色》,名,K,1,◎,,○,○,○,○
32110,けしゴム,消しゴム,名,H,1,◎,,○,○,○,○
32120,げしゃ,下車,名・ス自,K,2,○,,○,,,○
32130,げしゅく,下宿,名・ス自,K,2,◎,,○,○,,○
32140,げじゅん,下旬,名,K,2,○,,,,,○
32150,けしょう,化粧,名・ス自他,K,1,◎,,○,○,○,
32160,けす,消す,五他,W,1,◎,,○,○,○,○
32170,けずる,削る,五他,W,1,◎,,○,○,○,
32180,げた,下△駄,名,K,1,◎,,○,○,○,○
32190,けだもの,△獣,名,W,1,○,,○,,,
32200,げたやさん,下△駄屋さん,名,H,,,,,,○,
32210,けち,,名・形動,W,2,○,,○,○,○,○
32220,けちくさい,けち臭い,形,W,2,,,○,,,
32230,ケチャップ,ketchup,名,G,,,,,○,○,○
32240,けちんぼう,けちん坊,名,H,1,,,○,,,
32250,げつ,月,名・接尾,K,1,,○,○,,,
32260,けつあつ,血圧,名,K,3,○,,,,,
32270,けつい,決意,名・ス自他,K,2,○,,,,,
32280,けつえき,血液,名,K,2,○,,○,,,
32290,けっか,結果,名・ス自他,K,2,◎,,○,○,○,○
32300,けっかく,結核,名,K,2,○,,,,,
32310,けっかん,血管,名,K,2,○,,○,,,○
32320,けっかん,欠陥・×缺陥,名,K,3,,,○,,,○
32330,げっきゅう,月給,名,K,2,○,,○,,,○
32340,けっきょく,結局,名,K,3,◎,,○,○,,○
32350,けっこう,結構,名・形動・副,K,1,◎,,○,○,○,○
32360,けつごう,結合,名・ス自他,K,2,,,○,,,
32370,けっこうです,結構です,感,H,,,,○,,,
32380,けっこん,結婚,名・ス自,K,2,◎,,○,○,○,○
32390,けっこんしき,結婚式,名,K,,,,○,○,○,
32400,けっさく,傑作,名,K,2,○,,,,,
32410,けっさん,決算,名,K,3,○,,,,,○
32420,けっして,決して,副,H,1,◎,,○,○,○,○
32430,げっしゃ,月謝,名,K,2,○,,○,,,○
32440,けっしょう,決勝,名,K,2,○,,○,,,
32450,けっしょう,結晶,名・ス自,K,2,○,,○,,,
32460,けっしょう,血？,名,K,,,,○,,,
32470,げっしょく,月食・月×蝕,名,K,2,○,,,○,○,
32480,けっしん,決心,名・ス自,K,1,◎,,○,○,○,○
32490,けっせき,欠席・×缺席,名・ス自,K,1,◎,,○,○,○,○
32500,けってい,決定,名・ス自他,K,2,◎,,○,○,○,○
32510,けってん,欠点・×缺点,名,K,2,◎,,○,○,○,○
32520,けっとん,,副,W,,,,,,○,
32530,げっぷ,月賦,名,K,3,○,,,,,
32540,げっぷ,,名・副,W,,,,,○,○,
32550,げつまつ,月末,名,K,2,○,,,,,
32560,げつよう,月曜,名,K,1,◎,○,○,○,○,
32570,げつようび,月曜日,名,H,1,,,○,,,○
32580,けつろん,結論,名・ス自,K,2,○,,○,○,,○
32590,けとばす,×蹴飛ばす,五他,W,1,,,○,○,○,
32600,けなす,×貶す,五他,W,2,○,,,,,
32610,けはい,気配,名,W,2,○,,,○,○,
32620,げひん,下品,形動,K,2,○,,,○,○,○
32630,けむい,煙い,形,W,1,○,,○,○,○,
32640,けむし,毛虫,名,W,1,,,,○,○,
32650,けむたい,煙たい,形,W,1,○,,,○,○,
32660,けむり,煙・×烟,名,W,1,◎,,○,○,○,○
32670,けむる,煙る,五自,W,1,○,,,,○,
32680,けもの,獣,名,W,1,○,,○,○,○,
32690,けらい,家来,名,K,1,,,,,○,
32700,げり,下痢,名・ス自,K,2,◎,,○,○,○,
32710,ける,×蹴る・×蹶る,五他,W,1,◎,,○,○,○,○
32720,けれど,,接助・接,W,1,○,,,,○,
32730,けれども,,接助・接,W,1,◎,,○,○,○,○
32740,けわしい,険しい,形,W,1,○,,○,○,○,
32750,けん,軒,接尾,K,1,◎,,○,○,○,○
32760,けん,剣,名,K,1,,,,○,○,
32770,けん,券,名,K,2,○,,○,,,○
32780,けん,県,名,K,2,◎,,○,○,,○
32790,けん,権,名,K,3,○,,○,,,
32800,げん,弦,名,K,3,,,○,,,
32810,げん,現,接頭,K,,,,○,,,
32820,けんい,権威,名,K,3,○,,○,,,
32830,げんいん,原因,名・ス自,K,2,◎,,○,○,○,○
32840,けんか,×喧×嘩,名・ス自,K,1,◎,,○,○,○,○
32850,けんかい,見解,名,K,3,○,,,,,
32860,げんかい,限界,名,K,3,○,,,○,,
32870,けんがく,見学,名・ス他,K,1,○,,○,○,○,○
32880,げんかん,玄関,名,K,1,◎,,○,○,○,○
32890,げんき,元気,名・形動,K,1,◎,○,○,○,○,○
32900,けんきゅう,研究,名・ス他,K,1,◎,,○,○,,○
32910,げんきん,現金,名・形動,K,2,◎,,○,○,,○
32920,げんけいしつ,原形質,名,K,,,,○,,,
32930,けんけつ,献血,名,K,,,,,○,○,
32940,けんけん,,副,W,,,,,○,○,
32950,けんげん,権限,名,K,3,,,○,,,
32960,げんご,言語,名,K,2,◎,,○,○,,
32970,けんこう,健康,名・形動,K,2,◎,,○,○,○,○
32980,げんこう,原稿,名,K,2,○,,○,○,,
32990,けんこうしんだん,健康診断,名,K,,,,,○,○,
33000,げんこうようし,原稿用紙,名,K,2,○,,,,,
33010,けんこくきねんび,建国記念日,名,H,,,,,○,○,
33020,げんこつ,×拳骨,名,K,1,,,,○,○,
33030,げんごろうさん,源五郎さん,名,H,,,,,,○,
33040,けんさ,検査,名・ス他,K,2,◎,,○,○,,○
33050,げんざい,現在,名,K,2,◎,,○,○,,○
33060,げんさく,原作,名,K,2,○,,,,,
33070,けんじ,検事,名,K,3,○,,,,,
33080,けんじ,〔固〕,名,K,,,,,,○,
33090,げんし,原子,名,K,3,○,,○,,,
33100,げんしかく,原子核,名,K,,,,○,,,
33110,げんしじだい,原始時代,名,K,,,,,○,○,
33120,げんしだん,原子団,名,K,,,,○,,,
33130,げんじつ,現実,名,K,3,○,,○,○,○,○
33140,げんしばくだん,原子爆弾,名,K,,,,,○,○,
33150,げんしゅ,厳守,名・ス他,K,3,,,○,,,
33160,けんしゅう,研修,名・ス他,K,3,,,,,,○
33170,げんじゅう,厳重,形動,K,2,○,,,,,
33180,げんじゅうしょ,現住所,名,K,2,○,,,,,
33190,けんしゅうせい,研修生,名,K,,,,○,,,
33200,げんしょ,原書,名,K,3,○,,,,,
33210,けんしょう,懸賞,名,K,1,○,,○,,○,
33220,げんしょう,減少,名・ス自他,K,2,○,,○,,,○
33230,げんしょう,現象,名,K,3,○,,○,,,○
33240,げんじょう,現状,名,K,2,○,,,,,
33250,げんしりょう,原子量,名,K,,,,○,,,
33260,けんすい,懸垂,名・ス自,K,2,,,,○,○,
33270,げんすうぶんれつ,減数分裂,名,K,,,,○,,,
33280,けんせつ,建設,名・ス他,K,3,◎,,○,○,,○
33290,けんぜん,健全,形動,K,2,○,,,,,
33300,げんそ,元素,名,K,3,○,,○,○,,
33310,げんぞう,現像,名・ス他,K,3,,,○,,,○
33320,げんそく,原則,名,K,3,◎,,○,○,,
33330,けんそん,謙×遜,名・ス自,K,2,○,,○,,,○
33340,げんだい,現代,名,K,2,◎,,○,○,,○
33350,げんだいしゃかい,現代社会,名,K,,,,○,,,
33360,けんだま,剣玉・×拳玉,名,H,1,,,,○,○,
33370,けんち,見地,名,K,3,○,,○,,,
33380,げんち,現地,名,K,3,○,,,,,
33390,けんちく,建築,名・ス他,K,2,◎,,○,○,,○
33400,けんちくざいりょう,建築材料,名,K,,,,○,,,
33410,けんちゃん,〔固〕,名,H,,,,,,○,
33420,けんちょう,県庁,名,K,2,○,,,,,
33430,げんちょう,原腸,名,K,,,,○,,,
33440,げんど,限度,名,K,3,○,,○,,,
33450,けんとう,見当,名,K,1,○,,,○,○,
33460,けんとう,検討,名・ス他,K,3,○,,,,,
33470,けんどう,剣道,名,K,3,○,,,○,○,○
33480,げんとう,幻灯,名,K,1,,,,,○,
33490,げんに,現に,副,H,3,○,,,,,
33500,げんば,現場,名,H,3,○,,○,,,
33510,げんばく,原爆,名,K,2,○,,,,,
33520,けんばんハーモニカ,×鍵盤ハーモニカ,名,H,,,,,○,○,
33530,けんびきょう,顕微鏡,名,K,2,,,○,○,○,
33540,けんぶつ,見物,名・ス他,K,1,◎,,○,○,○,○
33550,けんぶつにん,見物人,名,K,1,○,,,,,
33560,けんぽう,憲法,名,K,3,○,,○,○,,○
33570,けんぽうきねんび,憲法記念日,名,H,,,,,○,○,
33580,けんま,研磨,名,K,,,,○,,,
33590,けんめい,賢明,名・形動,K,3,○,,,,,
33600,けんやく,倹約,名・ス他,K,2,,,○,,,○
33610,げんゆ,原油,名,K,2,,,○,,,
33620,けんり,権利,名,K,2,◎,,○,○,,○
33630,げんり,原理,名,K,3,○,,○,,,
33640,げんりょう,原料,名,K,2,○,,○,,,○
33650,けんりょく,権力,名,K,2,○,,○,,,
33660,けんりょくぶんりつ,権力分立,名,K,,,,○,,,
33670,げんろん,言論,名,K,2,○,,,,,
33680,こ,小,接頭,W,1,○,,○,○,○,○
33690,こ,個,接尾,K,1,◎,,○,○,○,○
33700,こ,子・△児,名,W,1,◎,,○,○,○,○
33710,こ,粉,名,W,1,,,○,,,
33720,こ,戸,接尾,K,2,,,○,○,○,
33730,こ,湖,接尾,K,2,○,,,,,
33740,こ,故,接頭,K,3,,,○,,,
33750,ご,御,接頭・接尾,K,1,◎,,○,○,○,○
33760,ご,五,名,K,1,◎,○,○,○,○,○
33770,ご,後,名,K,2,◎,,○,○,,
33780,ご,碁,名,K,2,○,,,,,○
33790,ご,語,名,K,2,◎,,○,○,,○
33800,コアラ,koala,名,G,,,,○,○,○,
33810,こい,濃い,形,W,1,◎,,○,○,○,○
33820,こい,×鯉,名,W,1,○,,,○,○,○
33830,こい,恋,名,W,3,○,,○,○,,○
33840,ごい,語×彙,名,K,3,○,,,,,
33850,こいし,小石,名,W,1,,,,,○,
33860,こいしい,恋しい,形,W,3,○,,,,,
33870,こいする,恋する,サ変他,W,2,○,,,,,
33880,こいつ,,代,W,1,,,,,○,
33890,こいぬ,小犬・子犬,名,W,1,,,,,○,
33900,こいのぼり,×鯉×幟,名,W,1,,,,○,○,○
33910,こいびと,恋人,名,W,3,◎,,○,○,,
33920,コイン,coin,名,G,2,,,,,,○
33930,コインロッカー,coin locker,名,G,,,,,○,○,
33940,こう,,副,W,1,◎,,○,○,○,○
33950,こう,校,名・接尾,K,1,,,○,,○,
33960,こう,高,造,K,2,○,,,,,
33970,こう,光,名,K,2,○,,,,,
33980,こう,港,名,K,2,○,,,,,
33990,こう,項,名,K,3,,,○,,,
34000,こう,好,接頭,K,,,,○,,,
34010,こう,工,接尾,K,,,,○,,,
34020,ごう,号,名・接尾,K,1,○,,○,,○,
34030,ごう,合,名・接尾,K,1,,,,,○,
34040,こうあつ,高圧,名,K,3,,,○,,,
34050,こうあつせん,高圧線,名,K,,,,,○,○,
34060,こうい,好意,名,K,3,○,,,,,
34070,こうい,行為,名,K,3,○,,○,,,○
34080,こういう,,連体,W,,,,○,,,
34090,こういしつ,更衣室,名,K,,,,,○,○,
34100,こういん,工員,名,K,2,○,,○,,,○
34110,ごういん,強引,形動,K,3,○,,,,,
34120,こううん,幸運・好運,名,K,2,○,,,,,
34130,こううんき,耕×耘機,名,K,,,,,○,○,
34140,こうえん,公園,名,K,1,◎,○,○,○,○,○
34150,こうえん,講演,名・ス自,K,2,◎,,○,○,,○
34160,こうえん,公演,名・ス自他,K,3,○,,,,,
34170,こうおん,高温,名,K,2,,,○,,,
34180,こうか,効果,名,K,2,◎,,○,○,,○
34190,こうか,高価,名,K,2,○,,,,,
34200,こうか,高架,名,K,3,,,,,,○
34210,こうか,硬貨,名,K,3,,,,,,○
34220,ごうか,豪華,名・形動,K,3,○,,,,,
34230,こうかい,後悔,名・ス自他,K,1,◎,,○,○,○,○
34240,こうかい,航海,名・ス自,K,2,○,,,,○,
34250,こうかい,公開,名・ス他,K,2,○,,,,,
34260,こうがい,公害,名,K,2,○,,○,○,○,○
34270,こうがい,郊外,名,K,2,◎,,○,○,,○
34280,ごうがい,号外,名,K,2,,,,,○,
34290,ごうかく,合格,名・ス自,K,2,○,,○,,,
34300,こうかん,交換,名・ス他,K,3,○,,○,○,○,○
34310,こうき,後期,名,K,2,○,,,,,
34320,こうぎ,抗議,名・ス自,K,3,○,,,,,
34330,こうぎ,講義,名・ス他,K,3,◎,,○,○,,○
34340,こうきゅう,高級,名,K,3,○,,,,,
34350,こうきょう,公共,名,K,2,○,,○,○,,
34360,こうぎょう,工業,名,K,2,◎,,○,○,,○
34370,こうぎょう,鉱業・×砿業,名,K,2,○,,,○,,
34380,こうぎょうち,工業地,名,K,,,,○,,,
34390,こうぎょうとし,工業都市,名,K,,,,○,,,
34400,こうぐ,工具,名,K,2,,,○,,,
34410,こうくう,航空,名,K,2,○,,○,○,,○
34420,こうくうき,航空機,名,K,3,○,,,,,
34430,こうくうびん,航空便,名,K,2,◎,,○,○,,
34440,こうけい,光景,名,K,2,○,,,,,
34450,こうげい,工芸,名,K,2,○,,○,,,
34460,ごうけい,合計,名・ス他,K,2,◎,,○,○,○,○
34470,こうけいき,好景気,名,K,3,,,○,,,
34480,こうげき,攻撃,名・ス他,K,2,○,,○,○,,
34490,こうげん,高原,名,K,2,○,,,○,○,
34500,こうご,口語,名,K,2,○,,,,,
34510,こうご,交互,名,K,2,○,,○,,,
34520,こうこう,高校,名,K,2,◎,,○,○,○,○
34530,こうこう,孝行,名・ス自,K,2,○,,○,,,
34540,こうごう,皇后,名,K,1,○,,,,○,
34550,ごうごう,×轟×轟,トタル,K,1,,,,,○,
34560,ごうごう,,副,W,1,,,○,,,
34570,こうこうせい,高校生,名,K,2,○,,○,,,
34580,こうごうせい,光合成,名,K,,,,○,,,
34590,こうこく,広告,名・ス他,K,1,◎,,○,○,○,○
34600,こうさ,交差・交×叉,名・ス自,K,2,○,,,,,
34610,こうさ,考査,名・ス他,K,2,,,,,,○
34620,こうさい,交際,名・ス自,K,2,◎,,○,○,,
34630,こうさく,工作,名・ス他,K,1,,,○,○,○,○
34640,こうさく,耕作,名・ス他,K,2,,,○,,,○
34650,こうさてん,交差点・交×叉点,名,K,2,○,,○,○,○,○
34660,こうさん,降参,名・ス自,K,1,,,,○,○,
34670,こうざん,鉱山,名,K,2,○,,○,,,○
34680,こうし,子牛・小牛,名,W,1,,,,,○,
34690,こうし,講師,名,K,3,○,,,○,,
34700,こうじ,工事,名・ス自,K,1,◎,,○,○,○,○
34710,こうしき,公式,名,K,2,○,,○,,,
34720,こうして,,副・接,W,1,○,,,,,
34730,こうしゃ,校舎,名,K,1,○,,,,○,
34740,こうしゅう,公衆,名,K,2,,,○,,,○
34750,ごうしゅう,豪州,名,K,,,,○,,,
34760,こうしゅうでんわ,公衆電話,名,K,,,,○,○,○,
34770,こうしゅうどうとく,公衆道徳,名,K,,,,,○,○,
34780,こうしゅうべんじょ,公衆便所,名,K,,,,,○,○,
34790,こうしょう,交渉,名・ス自,K,3,○,,○,,,○
34800,こうじょう,工場,名,K,1,◎,,○,○,○,○
34810,こうじょう,向上,名・ス自,K,2,○,,○,,,○
34820,ごうじょう,強情,名・形動,K,1,,,,○,○,
34830,こうじょうせん,甲状腺,名,K,,,,○,,,
34840,こうしん,行進,名・ス自,K,2,○,,,○,○,
34850,こうすい,香水,名,K,1,○,,,○,○,
34860,こうずい,洪水,名,K,2,○,,○,○,○,○
34870,こうすいりょう,降水量,名,K,,,,○,,,
34880,こうせい,構成,名・ス他,K,3,○,,○,,,
34890,こうせい,公正,名・形動,K,3,,,○,,,
34900,ごうせい,合成,名・ス他,K,3,○,,○,,,
34910,こうせいしき,構成式,名,K,,,,○,,,
34920,こうせき,鉱石・×砿石,名,K,2,,,○,,,
34930,こうせん,光線,名,K,2,○,,,,,
34940,こうぜん,公然,トタル,K,3,○,,,,,
34950,こうそ,酵素,名,K,3,,,○,,,
34960,こうそう,構想,名・ス他,K,3,○,,,,,
34970,こうぞう,構造,名,K,2,○,,○,,,○
34980,こうそうビル,高層ビル,名,H,,,,,○,○,
34990,こうそく,高速,名,K,3,,,,,,○
35000,こうそくどうろ,高速道路,名,K,2,○,,,○,○,
35010,こうたい,交替・交代,名・ス自,K,2,○,,○,○,○,○
35020,こうたい,抗体,名,K,,,,○,,,
35030,こうたいし,皇太子,名,K,1,,,,,○,
35040,こうち,耕地,名,K,2,,,○,,,○
35050,こうちゃ,紅茶,名,K,2,○,,○,○,○,○
35060,こうちゃん,〔固〕,名,H,,,,,,○,
35070,こうちょう,校長,名,K,1,○,,,,,
35080,こうちょう,好調,名・形動,K,3,○,,,,,
35090,こうちょうしつ,校長室,名,K,,,,,○,○,
35100,こうちょうせんせい,校長先生,名,K,1,,,,○,○,
35110,こうつう,交通,名・ス自,K,1,◎,,○,○,○,○
35120,こうつうあんぜん,交通安全,名,K,,,,,○,○,
35130,こうつうじこ,交通事故,名,K,,,,○,○,○,
35140,こうつうせいり,交通整理,名,K,2,,,,○,○,
35150,こうつうひ,交通費,名,K,2,○,,,,,
35160,こうつうひょうしき,交通標識,名,K,,,,,○,○,
35170,こうてい,校庭,名,K,1,,,,○,○,
35180,こうてい,工程,名,K,3,,,○,,,
35190,こうてい,肯定,名・ス他,K,3,◎,,○,○,,○
35200,こうていペンギン,皇帝ペンギン,名,H,,,,,,○,
35210,こうど,高度,名・形動,K,2,,,○,,,○
35220,こうど,光度,名,K,3,,,○,,,○
35230,こうど,硬度,名,K,3,,,○,,,
35240,こうとう,高等,名,K,2,○,,,,,
35250,こうどう,講堂,名,K,1,○,,,,○,
35260,こうどう,行動,名・ス自,K,2,◎,,○,○,○,○
35270,ごうとう,強盗,名,K,2,○,,,,,
35280,ごうどう,合同,名・ス自他,K,3,○,,,,,
35290,こうとうがっこう,高等学校,名,K,2,○,,○,○,○,
35300,こうにゅう,購入,名・ス他,K,3,○,,,,,
35310,こうのとり,×鸛,名,W,,,,,,○,
35320,こうば,工場,名,H,1,,,○,,,○
35330,こうはい,後輩,名,K,3,○,,,,,
35340,こうばしい,香ばしい・△芳ばしい,形,W,2,,,,,○,
35350,こうはん,後半,名,K,2,○,,,,,
35360,こうばん,交番,名,K,1,◎,,○,○,○,○
35370,こうふ,交付,名・ス他,K,3,○,,,,,
35380,こうふく,幸福,名・形動,K,2,◎,,○,○,○,○
35390,こうふくかん,幸福感,名,K,,,,○,,,
35400,こうぶつ,好物,名,K,2,,,,○,○,
35410,こうぶつ,鉱物,名,K,2,○,,○,○,,○
35420,こうふん,興奮・×昂奮・×亢奮,名・ス自,K,3,○,,○,○,○,
35430,こうべ,神戸,名,W,,,,,○,,
35440,こうへい,公平,名・形動,K,2,◎,,○,○,○,○
35450,こうほ,候補,名,K,2,○,,,,,
35460,こうほう,後方,名,K,2,,,○,,,
35470,こうま,子馬・小馬,名,W,1,,,,,○,
35480,こうみょう,巧妙,形動,K,3,○,,,,,
35490,こうむ,公務,名,K,3,○,,,,,○
35500,こうむいん,公務員,名,K,3,○,,○,,,○
35510,こうもく,項目,名,K,3,○,,,,,
35520,こうもり,〈×蝙×蝠〉,名,W,1,,,,○,○,
35530,こうもん,校門,名,K,1,,,,○,○,
35540,こうよう,紅葉・黄葉,名・ス自,K,2,○,,,○,○,
35550,こうら,甲羅,名,H,2,,,,,○,
35560,こうり,小売り,名,W,2,○,,,,,○
35570,ごうり,合理,名,K,3,○,,○,,,
35580,ごうりか,合理化,名・ス他,K,3,○,,,,,
35590,こうりつ,公立,名,K,2,○,,,,,
35600,こうりつ,効率,名,K,,,,○,,,○
35610,ごうりてき,合理的,形動,K,3,○,,○,,,○
35620,こうりゅう,交流,名・ス自,K,3,,,,,,○
35630,こうりょ,考慮,名・ス他,K,3,○,,,,,
35640,こうりょく,効力,名,K,2,○,,,,,
35650,ごうりょく,合力,名,K,,,,○,,,
35660,ごうれい,号令,名・ス自,K,1,,,,○,○,
35670,こえ,声,名,W,1,◎,,○,○,○,
35680,ごえ,越え,接尾,W,1,,,,,○,
35690,こえだ,小枝,名,W,1,,,,,○,
35700,こえる,肥える,下一自,W,1,,,○,○,○,○
35710,こえる,越える,下一自,W,1,◎,,○,○,○,○
35720,ごーごー,,副,W,,,,,○,○,
35730,コース,course,名,G,2,○,,,,,
35740,ごーすー,,副,W,,,,,,○,
35750,コーチ,coach,名・ス他,G,3,○,,,,,
35760,ごおっと,,副,W,,,,,○,○,
35770,コート,coat,名,G,2,○,,○,○,○,○
35780,コード,cord,名,G,2,○,,,○,○,○
35790,コーヒー,〔蘭〕koffie,名,G,1,◎,○,○,○,○,○
35800,こおり,氷,名,W,1,◎,○,○,○,○,○
35810,こおる,凍る・△氷る,五自,W,1,◎,,○,○,○,○
35820,ゴール,goal,名,G,2,,,,○,○,
35830,こおろぎ,〈×蟋×蟀〉,名,W,1,,,,○,○,
35840,ごーん,,副,W,,,,,○,○,
35850,こーんこーん,,副,W,,,,,,○,
35860,ごかい,誤解,名・ス他,K,2,◎,,○,○,,○
35870,ごがく,語学,名,K,3,○,,,,,
35880,こかげ,木陰・木×蔭,名,W,1,,,,○,○,
35890,こがす,焦がす,五他,W,1,,,,○,○,
35900,こがた,小形・小型,名,W,1,○,,○,,○,
35910,ごがつ,五月,名,K,2,,,○,,,
35920,こがめ,子×亀,名,W,,,,,,○,
35930,こがも,子×鴨,名,W,,,,,,○,
35940,こがらし,木枯らし・×凩,名,W,2,,,,○,○,
35950,ごきげん,御機嫌,名,K,,,,,,○,
35960,こぎって,小切手,名,W,3,○,,○,,,○
35970,こぎつね,小×狐・子×狐,名,W,1,,,,,○,
35980,ごきぶり,,名,W,1,,,,○,○,
35990,こきゅう,呼吸,名・ス自他,K,2,◎,,○,○,○,○
36000,こきゅうきかん,呼吸器官,名,K,,,,○,,,
36010,こきょう,故郷,名,K,2,○,,○,○,,
36020,こく,国,名,K,2,◎,,○,○,,
36030,こぐ,×漕ぐ,五他,W,1,○,,○,○,○,○
36040,ごく,極,副,K,1,○,,○,,○,○
36050,ごく,語句,名,K,2,,,○,,,
36060,こくおう,国王,名,K,2,,,○,,,
36070,こくがい,国外,名,K,2,○,,,,,
36080,こくご,国語,名,K,1,○,,○,○,○,○
36090,ごくごく,,副,W,2,,,,○,○,
36100,こくさい,国際,名,K,2,◎,,○,○,,○
36110,こくさいきょうそうりょく,国際競争力,名,K,,,,○,,,
36120,こくさいてき,国際的,形動,K,,,,,,,○
36130,こくさん,国産,名,K,2,○,,,,,
36140,こくせき,国籍,名,K,3,◎,,○,○,,○
36150,こくてつ,国鉄,名,K,2,◎,,○,○,,
36160,こくでん,国電,名,K,2,○,,,,,
36170,こくど,国土,名,K,2,○,,○,,,
36180,こくない,国内,名,K,2,○,,○,,,○
36190,こくはく,告白,名・ス他,K,3,○,,,,,
36200,こくばん,黒板,名,K,1,◎,○,○,○,○,○
36210,こくばんけし,黒板消し,名,H,,,,,○,○,
36220,こくほう,国宝,名,K,2,○,,○,,,○
36230,こくぼう,国防,名,K,2,○,,,,,
36240,こぐま,子熊・小熊,名,W,1,,,,,○,
36250,こぐまちゃん,,名,W,,,,,,○,
36260,こくみん,国民,名,K,2,◎,,○,○,,○
36270,こくみんしょとく,国民所得,名,K,,,,○,,,
36280,こくめい,国名,名,K,2,○,,,,,
36290,こくもつ,穀物,名,K,2,,,○,○,,○
36300,こくゆう,国有,名,K,2,○,,,,,
36310,ごくらく,極楽,名,K,2,,,,,,○
36320,ごくり,,副,W,2,,,,○,○,
36330,こくりつ,国立,名,K,2,○,,○,,,○
36340,こくれん,国連,名,K,2,○,,,○,,
36350,ごくろう,御苦労,名,K,1,,,○,,,
36360,ごくろうさま,御苦労様,感,H,1,○,,○,○,○,○
36370,ごくんごくん,,副,W,,,,,,○,
36380,こけ,×苔,名,W,1,,,○,○,○,
36390,こげ,焦げ,名,W,1,,,,,○,
36400,こけこっこう,,副,W,,,,,,○,
36410,こけこっこー,,副,W,,,,,○,,
36420,こけし,,名,H,,,,,○,○,
36430,こけもも,×苔桃,名,W,,,,,,○,
36440,こけももやま,×苔桃山,名,W,,,,,,○,
36450,こげる,焦げる,下一自,W,1,○,,○,○,○,○
36460,ごげん,語源・語原,名,K,3,○,,,,,
36470,ここ,×此△処,代,W,1,◎,○,○,○,○,○
36480,ここ,個個・△箇△箇,名,K,3,○,,○,,,
36490,ごご,午後,名,K,1,◎,○,○,○,○,○
36500,ココア,cocoa,名,G,2,,,,○,○,
36510,ここいら,×此△処いら,代,W,1,,,,,○,
36520,こごえじに,凍え死に,名,W,,,,,,○,
36530,こごえる,凍える,下一自,W,1,○,,○,○,○,
36540,ここち,心地,名,W,2,○,,○,○,○,
36550,ここで,,接続,W,,,,○,,,
36560,こごと,小言,名,W,1,,,,○,○,
36570,ここのか,九日,名,W,1,◎,○,○,○,○,○
36580,ここのつ,九つ,名,W,1,◎,○,○,○,○,○
36590,ここら,×此△処ら,代,W,1,,,,,○,
36600,こころ,心,名,W,1,◎,,○,○,○,○
36610,こころえ,心得,名,W,2,○,,,,,○
36620,こころえる,心得る,下一他,W,2,○,,○,,,
36630,こころがけ,心掛け,名,W,1,○,,○,,,
36640,こころがける,心掛ける,下一他,W,1,○,,,,,
36650,こころざす,志す,五自,W,2,○,,,,,
36660,こころづよい,心強い,形,W,2,○,,,,,
36670,こころぼそい,心細い,形,W,1,○,,○,○,○,
36680,こころみ,試み,名,W,2,○,,,,,
36690,こころみる,試みる,上一他,W,2,○,,○,○,,○
36700,こころもち,心持ち,名,W,1,,,○,,○,
36710,こころよい,快い,形,W,2,○,,○,,,
36720,ござ,×茣×蓙・×蓙,名,K,1,,,,○,○,
36730,ございます,御座います,連語,H,1,◎,,○,○,,○
36740,こさえる,,下一他,W,1,,,,,○,
36750,こさめ,小雨,名,W,2,○,,,○,○,
36760,こざる,子猿,名,W,,,,,,○,
36770,ござる,,五自,H,1,,,,,○,
36780,こし,腰,名・接尾,W,1,◎,,○,○,○,○
36790,こじ,孤児,名,K,3,,,○,,,○
36800,ごし,越,接尾,W,,,,○,,,
36810,こしかけ,腰掛け,名,W,1,○,,○,,○,○
36820,こしかける,腰掛ける,下一自,W,1,◎,,○,○,○,
36830,こじき,×乞食,名,K,1,○,,,,○,
36840,ごしごし,,副,W,1,,,,○,○,
36850,ごじゅう,五十,名,K,,,○,○,,,
36860,ごじゅうおん,五十音,名,K,3,○,,,,,
36870,こしょう,×胡×椒,名,K,2,,,○,○,○,○
36880,こしょう,故障,名・ス自,K,2,◎,,○,○,○,○
36890,こしらえる,×拵える,下一他,W,1,○,,○,○,○,○
36900,こじん,個人,名,K,2,○,,○,,,○
36910,こす,越す,五自他,W,1,○,,○,○,○,○
36920,こす,×漉す・×濾す,五他,W,1,,,○,,○,
36930,コスモス,cosmos,名,G,1,,,,,○,
36940,こする,△擦る,五他,W,1,◎,,○,○,○,○
36950,こせい,個性,名,K,3,○,,○,,,○
36960,こせき,戸籍,名,K,3,○,,,,,
36970,ごぜん,午前,名,K,1,◎,○,○,○,○,○
36980,ごぜんちゅう,午前中,名,K,,,,○,,,
36990,こそ,,係助,W,1,,,○,○,○,○
37000,こぞう,小僧,名,H,1,,,,,○,
37010,こそこそ,,副・ス自,W,1,,,,○,○,
37020,ごそごそ,,副・ス自,W,1,,,,○,○,
37030,ごぞんじ,御存じ・御存知,名,H,2,○,,○,,,
37040,こたい,固体,名,K,2,○,,○,○,,○
37050,こたい,個体,名,K,3,,,○,,,
37060,こだい,古代,名,K,2,○,,○,,,
37070,こたえ,答え・△応え,名,W,1,○,○,○,○,○,
37080,こたえあわせ,答え合わせ,名,W,,,,,○,○,
37090,こたえる,答える・△応える,下一自,W,1,◎,○,○,○,○,○
37100,こだかい,小高い,形,W,1,,,○,,,
37110,こたつ,△火×燵・×炬×燵,名,K,1,,,,○,○,○
37120,こだま,木霊・×谺,名,W,1,,,,○,○,
37130,こちこち,,形動,W,1,,,,○,○,
37140,ごちそう,御×馳走,名・ス他,K,1,◎,,○,○,○,○
37150,ごちそうさま,御×馳走様,感,H,1,○,,,○,○,
37160,ごちそうさまでした,御×馳走様でした,感,H,,,,○,○,○,
37170,ごちゃごちゃ,,副・形動・ス自,W,1,,,,○,○,
37180,こちょう,誇張,名・ス他,K,3,○,,,,,
37190,こちょこちょ,,副,W,,,,,○,○,
37200,こちら,,代,W,1,◎,○,○,○,○,○
37210,こつ,骨,名,K,2,○,,,,,
37220,こっか,国家,名,K,2,○,,○,,,○
37230,こっか,国歌,名,K,2,,,○,,,○
37240,こっかい,国会,名,K,2,○,,○,,,
37250,こづかい,小遣い,名,W,1,◎,,○,○,○,
37260,こっかいぎじどう,国会議事堂,名,K,,,,,○,○,
37270,こっき,国旗,名,K,1,○,,○,○,○,○
37280,こっきょう,国境,名,K,2,○,,,,,
37290,コック,〔蘭〕kok,名,G,1,,,,,○,
37300,こっくり,,副・名・ス自,W,1,,,○,,,
37310,こっけい,△滑×稽,名・形動,K,1,,,○,○,○,
37320,ごっこ,,接尾,W,1,,,○,,○,
37330,こっこう,国交,名,K,2,○,,,,,
37340,こつこつ,,副,W,1,○,,○,○,○,
37350,ごっしん,,副,W,,,,,,○,
37360,こっせつ,骨折,名・ス自他,K,3,,,,○,○,
37370,こっそり,,副,W,1,○,,○,○,○,○
37380,こっち,,代,W,1,,○,○,,,○
37390,こづつみ,小包,名,W,1,○,,○,○,○,○
37400,こっつんこ,,副,W,,,,,,○,
37410,こっとん,,副,W,1,,,,,○,
37420,コップ,〔蘭〕kop,名,G,1,◎,○,○,○,○,○
37430,こつん,,副,W,1,,,,○,○,
37440,ごつん,,副,W,1,,,,○,○,
37450,こてい,固定,名・ス自他,K,3,○,,○,,,○
37460,こてん,古典,名,K,3,○,,,○,,
37470,ごてん,御殿,名,K,1,,,,,○,
37480,こと,事,名,W,1,◎,,○,○,○,○
37490,こと,琴,名,W,1,○,,○,,○,
37500,ごと,△毎,接尾,W,1,◎,,○,,,○
37510,こどうぐ,小道具,名,H,,,,,○,○,
37520,ことがら,事柄,名,W,1,○,,,,,
37530,ごとき,,助動,W,,,,○,,,
37540,こどく,孤独,名,K,3,○,,○,,,○
37550,ことこと,,副,W,1,,,,○,○,
37560,ごとごと,,副,W,1,,,,○,○,
37570,ことごとく,×悉く・△尽く,副,W,2,○,,○,,,
37580,ことごとに,事△毎に,連語,W,2,,,○,,,
37590,ことし,《今年》,名,W,1,◎,○,○,○,○,○
37600,ことづける,言付ける・△託ける,下一他,W,2,○,,○,,,○
37610,こととて,,連語,W,,,,○,,,
37620,ことなる,異なる,五自,W,2,○,,○,,,○
37630,ことに,殊に,副,W,2,○,,○,,,
37640,ごとに,,連語,W,,,,○,○,○,○
37650,ことによると,事に△依ると,連語,W,2,○,,,,,
37660,ことば,言葉・△辞・△詞,名,W,1,◎,,○,○,○,○
37670,ことばづかい,言葉遣い,名,W,2,○,,,,,
37680,こども,子供,名,W,1,◎,○,○,○,○,○
37690,ことり,小鳥,名,W,1,○,,,○,○,
37700,ことりことり,,副,W,,,,,,○,
37710,ことわざ,×諺,名,W,2,○,,○,,,○
37720,ことわり,断り,名,W,1,,,,,○,
37730,ことわる,断る,五他,W,1,◎,,○,○,○,○
37740,こな,粉,名,W,1,◎,,○,○,○,○
37750,こなごな,粉粉,形動,W,1,,,,○,○,
37760,こなばこ,粉箱,名,W,,,,,,○,
37770,こなゆき,粉雪,名,W,1,,,,○,○,
37780,こねくる,×捏ねくる,五他,W,1,,,,,○,
37790,こねこ,小猫・子猫,名,W,1,,,,,○,
37800,こねずみ,小×鼠・子×鼠,名,W,1,,,,,○,
37810,こねる,×捏ねる,下一他,W,1,,,○,○,○,
37820,ごねんせい,五年生,名,K,,,,○,,,
37830,この,×此の,連体,W,1,◎,○,○,○,○,○
37840,このあいだ,×此の間,名,W,1,◎,,○,○,○,○
37850,このうえ,×此の上,連語,W,,,,○,,,
37860,このかた,×此の方,名・連語,W,2,,,○,,,
37870,このごろ,×此の×頃,名,W,1,◎,,○,○,○,○
37880,このたび,×此の度,名,W,2,,,○,,,
37890,このつぎ,×此の次,名,W,,,,○,,,
37900,こののち,×此の後,名,W,,,,○,,,
37910,このひと,×此の人,代,W,,,,○,,,
37920,このへん,×此の辺,名,H,,,,○,,,
37930,このほか,×此の外,名,W,,,,○,,,
37940,このまえ,×此の前,名,W,,,,○,,,
37950,このましい,好ましい,形,W,2,○,,,,,
37960,このまま,×此の×侭,名,W,2,,,○,,,
37970,このみ,好み,名,W,2,○,,,,,
37980,このむ,好む,五他,W,2,○,,,,,
37990,このよ,×此の世,名,W,2,,,,,○,
38000,こばむ,拒む,五他,W,3,,,○,,,
38010,こばやし,小林,名,W,,,,,○,,
38020,ごはん,御飯,名,K,1,◎,○,○,○,○,○
38030,ごはんつぶ,御飯粒,名,H,1,,,,,○,
38040,コピー,copy,名・ス他,G,2,○,,,○,○,○
38050,こひつじ,子羊,名,W,,,,,,○,
38060,こびと,小人,名,W,1,,,,○,○,
38070,こぶ,×瘤,名,W,1,,,,○,○,
38080,こぶ,昆布,名,K,2,,,,○,○,
38090,こぶた,小豚・子豚,名,W,1,,,,,○,
38100,こぶたくん,,名,H,,,,,,○,
38110,ごほうび,御褒美,名,K,,,,,○,○,
38120,こぼす,△零す,五他,W,1,○,,○,○,○,○
38130,こぼれる,△零れる・×溢れる,下一自,W,1,○,,○,○,○,○
38140,こま,×齣・×駒,名,W,1,,,,○,○,
38150,こま,〈独楽〉,名,W,1,,,,○,○,
38160,ごま,×胡麻,名,K,1,,,,,○,○
38170,コマーシャル,commercial,名,G,3,,,,○,○,
38180,こまか,細か,形動,W,2,◎,,,○,○,
38190,こまかい,細かい,形,W,1,◎,,○,○,○,○
38200,ごまかし,,名,H,1,,,,,○,
38210,ごまかす,,五他,H,1,○,,○,○,○,
38220,こまどり,×駒鳥,名,W,,,,,,○,
38230,こまる,困る,五自,W,1,◎,,○,○,○,○
38240,ごみ,,名,W,1,◎,,○,○,○,○
38250,こみあう,込み合う,五自,W,1,,,○,,,
38260,こみいった,込み入った,連語,W,,,,,,,○
38270,ごみいれ,ごみ入れ,名,W,,,,,○,○,
38280,ごみばこ,ごみ箱,名,W,,,,○,○,○,
38290,こむ,込む,五自他,W,1,◎,,○,○,○,○
38300,ゴム,〔蘭〕gom,名,G,1,◎,,○,○,○,○
38310,こむぎ,小麦,名,W,1,○,,○,○,○,○
38320,こむぎこ,小麦粉,名,W,2,○,,,,,
38330,こめ,米,名,W,1,◎,,○,○,○,○
38340,こめる,込める・×篭める,下一他,W,1,○,,○,,○,
38350,ごめん,御免,名,K,1,○,,○,○,○,○
38360,ごめんください,御免下さい,感,H,2,○,,○,○,○,○
38370,ごめんなさい,御免なさい,感,H,,,,○,○,○,○
38380,こもりうた,子守歌,名,W,1,,,,○,○,
38390,こもる,×篭もる,五自,W,2,,,,○,○,
38400,こや,小屋,名,W,1,○,,○,○,○,
38410,こやぎ,小〈山羊〉・子〈山羊〉,名,W,1,,,,,○,
38420,こやし,肥やし,名,W,1,,,,,○,○
38430,こやす,肥やす,五他,W,1,,,,,○,
38440,こやま,小山,名,W,1,,,○,,,
38450,こゆう,固有,名,K,3,○,,,,,
38460,こゆき,小雪,名,W,1,,,,○,○,
38470,こゆび,小指,名,W,1,○,,,,,
38480,こよう,雇用・雇×傭,名・ス他,K,3,,,○,,,
38490,こよみ,暦,名,W,1,○,,○,○,○,
38500,こら,,感,W,1,,,○,,○,
38510,こらえる,△堪える,下一他,W,1,○,,○,○,○,
38520,ごらく,娯楽,名,K,2,○,,○,,,○
38530,こらこら,,感,W,,,,,,○,
38540,こらしめる,懲らしめる,下一他,W,2,,,○,○,○,
38550,こらす,凝らす,五他,W,2,,,○,,,
38560,こらっ,,感,W,,,,,,○,○
38570,ごらん,御覧,名,K,1,◎,,○,○,○,○
38580,こりす,子リス,名,H,,,,,,○,
38590,こりつ,孤立,名・ス自,K,3,,,○,,,
38600,ゴリラ,gorilla,名,G,1,,,,○,○,
38610,こりる,懲りる,上一自,W,2,○,,○,○,○,
38620,こる,凝る,五自,W,2,○,,○,○,○,
38630,コルク,cork,名,G,2,,,,,○,
38640,ゴルフ,golf,名,G,3,○,,○,,,
38650,これ,×此れ,代・感,W,1,◎,○,○,○,○,○
38660,これから,,名,W,2,◎,,○,○,○,○
38670,これで,,連語,W,,,,○,○,○,
38680,これまで,,連語,W,1,,,○,,,
38690,ころ,×頃,名,W,1,◎,,○,○,○,○
38700,ごろ,×頃,接尾,W,,,,○,,,
38710,ころがす,転がす,五他,W,1,○,,○,○,○,○
38720,ころがりおちる,,上一自,W,,,,,,○,
38730,ころがる,転がる,五自,W,1,○,,○,○,○,○
38740,ころげる,転げる,下一自,W,1,,,,,○,
38750,ころころ,,副,W,1,,,○,○,○,
38760,ごろごろ,,名・副・ス自,W,1,,,○,○,○,○
38770,ころころころ,,副,W,,,,,,○,
38780,ころす,殺す,五他,W,1,◎,,○,○,○,○
38790,ころちん,〔固〕,名,W,,,,,,○,
38800,コロッケ,〔仏〕croquette,名,G,2,,,,○,○,○
38810,ころぶ,転ぶ,五自,W,1,◎,,○,○,○,○
38820,ころも,衣,名,W,1,,,,,○,
38830,ころもがえ,衣替え,名,W,,,,,○,○,
38840,ころり,,副,W,1,,,○,,○,
38850,ごろり,,副,W,1,,,○,,,
38860,ころりん,,副,W,,,,,,○,
38870,ころん,,副,W,,,,,,○,
38880,こわい,怖い・△恐い,形,W,1,◎,,○,○,○,○
38890,こわがる,怖がる・△恐がる,五自,W,1,○,,,,○,
38900,こわごわ,△恐△恐,副,W,1,,,,○,○,
38910,こわす,壊す・×毀す,五他,W,1,◎,,○,○,○,○
38920,こわれる,壊れる・×毀れる,下一自,W,1,◎,,○,○,○,○
38930,こん,紺,名,K,2,○,,,,,
38940,こん,今,連体,K,2,,,○,,,○
38950,こん,〔きつね名〕,名,W,,,,,,○,
38960,こんかい,今回,名,K,3,○,,,,,
38970,こんぎつね,〔固〕,名,W,,,,,,○,
38980,こんきょ,根拠,名,K,3,○,,○,,,
38990,コンクール,〔仏〕concours,名,G,2,○,,○,○,○,
39000,コンクリート,concrete,名,G,1,○,,○,○,○,○
39010,こんげつ,今月,名,K,1,◎,○,○,○,○,○
39020,こんご,今後,名,K,2,○,,○,,,○
39030,こんごう,混合,名・ス自他,K,2,,,○,,,○
39040,コンサート,concert,名,G,3,,,,,,○
39050,こんざつ,混雑,名・ス自,K,2,○,,○,○,○,○
39060,こんしゅう,今週,名,K,1,◎,○,○,○,○,○
39070,コンセント,←concentric plug,名,G,1,○,,,○,○,○
39080,こんだて,献立,名,H,2,○,,,,,
39090,こんちゅう,昆虫,名,K,2,○,,○,○,○,
39100,コンテナー,container,名,G,,,,,○,○,
39110,こんど,今度,名,K,1,◎,○,○,○,○,○
39120,こんな,,連体,W,1,◎,,○,○,○,○
39130,こんなん,困難,名,K,2,◎,,○,○,,○
39140,こんにち,今日,名,K,1,○,,○,,,
39150,こんにちは,今日は,感,H,1,◎,○,○,○,○,○
39160,こんにゃく,×蒟×蒻・×菎×蒻,名,K,2,,,,,,○
39170,コンパ,←company,名,G,,,,,,,○
39180,コンパス,〔蘭〕kompas,名,G,2,,,,○,○,
39190,こんばん,今晩,名,K,1,◎,○,○,○,○,○
39200,こんばんは,今晩は,感,H,2,◎,○,○,○,○,
39210,こんびたろう,〔人名〕,名,K,,,,,,○,
39220,コンビニ,←convenience store,名,G,,,,,,,○
39230,コンピューター,computer,名,G,3,,,,○,○,○
39240,こんぶ,昆布,名,K,2,○,,,○,○,
39250,ごんぼ,〔ごぼうのこと〕,名,H,,,,,,○,
39260,こんぽん,根本,名,K,2,○,,○,,,○
39270,こんぽんてき,根本的,形動,K,,,,○,,,
39280,こんや,今夜,名,K,1,◎,,○,○,○,○
39290,こんやく,婚約,名・ス自,K,3,○,,○,,,○
39300,こんらん,混乱,名・ス自,K,3,◎,,○,○,,
39310,こんろ,×焜炉,名,K,1,,,,○,○,
39320,さ,,感,W,1,,,○,,,
39330,さ,,間助,W,1,,,○,,○,○
39340,さ,,接尾,W,1,○,,○,○,,○
39350,さ,差,名,K,2,○,,○,○,○,○
39360,さあ,,感,W,1,◎,,○,○,○,○
39370,サーカス,circus,名,G,1,,,,○,○,
39380,サークル,circle,名,G,3,○,,,,,
39390,さあさあ,,感,W,,,,,,○,
39400,ざーざー,,副,W,,,,,,○,
39410,ざーざーざー,,副,W,,,,,,○,
39420,サービス,service,名・ス自他,G,3,○,,○,,,
39430,さい,歳,接尾,K,1,◎,○,○,○,○,○
39440,さい,再,接頭,K,2,,,○,,,
39450,さい,最,名,K,2,○,,○,,,○
39460,さい,×犀,名,K,2,,,,○,○,
39470,さい,際,名,K,2,○,,○,○,,
39480,さい,才,名・接尾,K,3,,,,,○,
39490,ざい,財,名,K,3,,,○,,,
39500,ざい,在,接頭,K,,,,○,,,
39510,ざい,剤,接尾,K,,,,○,,,
39520,さいかい,再開,名・ス自他,K,2,○,,,,,
39530,さいがい,災害,名,K,2,○,,○,○,○,○
39540,ざいがく,在学,名・ス自,K,2,○,,,,,
39550,さいきん,細菌,名,K,2,○,,○,,,
39560,さいきん,最近,名,K,2,◎,,○,○,,○
39570,さいく,細工,名・ス自他,K,1,○,,,,○,
39580,サイクリング,cycling,名・ス自,G,3,,,,○,○,
39590,サイクル,cycle,名,G,,,,○,,,
39600,さいけん,再建,名・ス他,K,2,○,,,,,
39610,さいご,最後,名,K,1,◎,,○,○,○,○
39620,ざいこ,在庫,名,K,2,○,,○,,,
39630,さいこう,最高,名,K,2,○,,○,○,○,○
39640,さいこうさいばんしょ,最高裁判所,名,K,,,,○,,,
39650,さいころ,〈×賽子〉・〈×骰子〉,名,H,1,,,,○,○,
39660,さいさん,採算,名,K,3,○,,,,,
39670,ざいさん,財産,名,K,2,◎,,○,○,,○
39680,さいし,妻子,名,K,2,○,,,,,
39690,さいじつ,祭日,名,K,2,○,,○,○,○,○
39700,さいしゅう,最終,名,K,2,○,,,,,
39710,さいしゅう,採集,名・ス他,K,2,○,,○,○,○,
39720,さいしょ,最初,名,K,1,◎,,○,○,○,○
39730,さいしょう,最小,名,K,2,,,○,,,○
39740,さいじょう,最上,名,K,2,○,,,,,
39750,さいしょく,菜食,名・ス自,K,3,,,○,,,○
39760,さいしん,最新,名,K,2,,,,,,○
39770,さいしんしき,最新式,名,K,,,,,,○,
39780,サイズ,size,名,G,2,,,,○,○,
39790,ざいせい,財政,名,K,3,○,,○,,,○
39800,さいせんばこ,×賽銭箱,名,H,,,,,○,○,
39810,さいそく,催促,名・ス他,K,2,◎,,○,○,,
39820,さいだい,最大,名,K,2,○,,○,,,○
39830,さいだん,裁断,名・ス他,K,3,,,○,,,
39840,さいちゅう,最中,名,K,1,◎,,○,○,○,○
39850,さいてい,最低,名,K,2,○,,,○,○,
39860,さいてん,採点,名・ス他,K,3,○,,,,,
39870,さいとう,△斉×藤,名,K,,,,,○,,
39880,さいなん,災難,名,K,2,,,○,,,
39890,さいのう,才能,名,K,2,◎,,○,○,,○
39900,さいばい,栽培,名・ス他,K,2,○,,○,,,
39910,ざいばつ,財閥,名,K,3,,,○,,,
39920,さいばん,裁判,名・ス他,K,2,◎,,○,○,○,○
39930,さいばんかん,裁判官,名,K,,,,○,,,
39940,さいばんしょ,裁判所,名,K,2,○,,○,,,
39950,さいふ,財布,名,K,1,◎,,○,○,○,○
39960,さいほう,裁縫,名・ス自,K,1,○,,○,○,○,
39970,さいぼう,細胞,名,K,2,○,,○,,,
39980,ざいもく,材木,名,K,1,○,,○,,○,○
39990,さいよう,採用,名・ス他,K,3,○,,,,,
40000,ざいりょう,材料,名,K,1,◎,,○,○,○,○
40010,サイレン,siren,名,G,1,○,,○,○,○,○
40020,さいわい,幸い,名・形動,W,1,○,,○,○,○,○
40030,サイン,sign,名・ス自,G,1,○,,○,○,○,○
40040,さえ,,副助・係助,W,1,,,○,○,○,○
40050,さえぎる,遮る,五他,W,2,○,,,,,
40060,さえずり,×囀り,名,W,1,,,,,○,
40070,さえずる,×囀る,五自,W,1,○,,○,○,○,
40080,さお,×竿・×棹,名・接尾,W,1,○,,○,○,○,○
40090,さおだけ,×竿竹,名,W,1,,,,,○,
40100,さか,坂,名,W,1,◎,,○,○,○,○
40110,さかあがり,逆上がり,名,W,,,,,○,○,
40120,さかい,境・△界,名,W,2,◎,,○,○,○,○
40130,さかえる,栄える,下一自,W,2,○,,,,,
40140,さかさ,逆さ,名,W,1,,,○,,○,○
40150,さかさま,逆様,名・形動,W,1,○,,,○,○,○
40160,さがし,捜し・探し,名,W,1,,,,,○,
40170,さがす,捜す・探す,五他,W,1,◎,,○,○,○,○
40180,さかずき,杯・×盃,名,W,1,○,,○,,○,
40190,さかだち,逆立ち,名,W,1,,,,○,○,
40200,さかだてる,逆立てる,下一他,W,1,,,,,○,
40210,さかな,魚,名,W,1,◎,○,○,○,○,○
40220,さかなうり,魚売り,名,W,,,,,,○,
40230,さかなや,魚屋,名,W,1,,,○,○,○,
40240,さかのぼる,×溯る・×遡る,五自,W,2,○,,,,,
40250,さかみち,坂道,名,W,1,,,,,○,
40260,さかや,酒屋,名,W,1,○,,○,,,
40270,さかり,盛り,名,W,1,,,○,○,○,
40280,さがり,下がり,名,W,1,,,,,○,
40290,さかりば,盛り場,名,W,3,,,○,,,○
40300,さがる,下がる,五自,W,1,◎,,○,○,○,○
40310,さかん,盛ん,形動,W,1,◎,,○,○,○,○
40320,さき,先,名,W,1,◎,,○,○,○,○
40330,さぎ,詐欺,名,K,3,○,,,,,
40340,さぎ,×鷺,名,W,3,,,,,○,
40350,さきおととい,〈一昨昨日〉,名,W,2,,,,,,○
40360,さきほど,先程,名,W,1,○,,○,,,○
40370,さきゅう,砂丘,名,K,3,,,,○,○,
40380,さぎょう,作業,名・ス自,K,2,◎,,○,○,,○
40390,さく,咲く,五自,W,1,◎,,○,○,○,○
40400,さく,裂く・割く,五他,W,1,○,,○,○,○,○
40410,さく,×柵,名,K,1,,,○,○,○,○
40420,さく,作,名,K,2,,,,,○,
40430,さく,昨,名,K,2,○,,○,,,
40440,さく,策,名,K,3,○,,,,,
40450,さくいん,索引,名,K,3,○,,,,,
40460,ざくざく,,名・形動・副,W,1,,,○,,,
40470,さくさん,酢酸・×醋酸,名,K,3,,,○,,,
40480,さくじつ,昨日,名,K,2,○,,○,○,○,○
40490,さくしゃ,作者,名,K,2,◎,,○,○,○,○
40500,さくせい,作製,名・ス他,K,2,○,,,,,
40510,さくせん,作戦,名,K,2,○,,,,,
40520,さくねん,昨年,名,K,2,◎,,○,○,○,○
40530,さくばん,昨晩,名,K,1,○,,○,○,○,○
40540,さくひん,作品,名,K,2,◎,,○,○,○,○
40550,さくぶん,作文,名,K,1,◎,,○,○,○,○
40560,さくもつ,作物,名,K,1,○,,○,,,
40570,さくや,昨夜,名,K,1,○,,○,○,○,
40580,さくら,桜,名,W,1,◎,○,○,○,○,○
40590,さくらんぼ,,名,H,,,,,○,○,
40600,さぐり,探り,名,W,1,,,,,○,
40610,さぐる,探る,五他,W,1,○,,○,○,○,
40620,さけ,酒,名,W,1,◎,,○,○,○,○
40630,さけ,×鮭,名,W,1,○,,,○,○,
40640,さけび,叫び,名,W,1,○,,,,○,
40650,さけびごえ,叫び声,名,W,1,○,,,,○,
40660,さけぶ,叫ぶ,五自,W,1,◎,,○,○,○,○
40670,さける,裂ける,下一自,W,1,○,,○,○,○,
40680,さける,避ける,下一他,W,2,◎,,○,○,○,○
40690,さげる,下げる,下一他,W,1,◎,,○,○,○,○
40700,ささ,×笹,名,W,1,,,,○,○,
40710,ささえる,支える,下一他,W,1,○,,○,○,○,○
40720,ささき,佐佐木,名,H,,,,,○,,
40730,ささやき,囁き,名,W,1,,,,,○,
40740,ささやく,×囁く,五自他,W,1,,,,○,○,
40750,ささる,刺さる,五自,W,1,○,,○,○,○,
40760,さし,差し・指し・△尺,名・接頭・接尾,W,1,,,,,○,
40770,さじ,×匙,名,K,1,◎,,○,○,○,○
40780,さしあげる,差し上げる,下一他,W,1,◎,,○,○,○,○
40790,さしかえる,差し替える,下一他,W,,,,○,,,
40800,さしかかる,差し掛かる,五自,W,1,,,,,○,
40810,ざしき,座敷,名,H,1,○,,○,,○,○
40820,さしこむ,差し込む,五自他,W,1,,,,,○,
40830,さしず,指図,名・ス他,H,1,○,,○,,○,
40840,さしだす,差し出す,五他,W,1,○,,○,,○,
40850,さしつかえ,〈差し支え〉,名,W,2,○,,,,,
40860,さしつかえる,《差し支える》,下一自,W,2,○,,○,,,
40870,さしひき,差し引き,名,W,2,○,,,,,
40880,さしみ,刺身,名,W,2,○,,○,○,○,○
40890,さす,差す・△射す,五自,W,1,◎,,,○,,
40900,さす,刺す・差す・挿す・△注す・△点す,五他,W,1,◎,,○,○,○,○
40910,さす,差す・指す,五他,W,1,◎,,○,○,,○
40920,さすが,〈流石〉・×遉,副・形動,W,1,○,,○,○,○,○
40930,さずける,授ける,下一他,W,2,○,,,,○,
40940,さする,△摩る,五他,W,1,,,,○,○,
40950,ざせき,座席,名,K,1,○,,○,○,○,○
40960,させる,,助動,W,1,,,○,○,○,○
40970,させる,,下一他,W,,,,,○,,
40980,さぞ,×嘸,副,W,1,,,,,○,
40990,さそい,誘い,名,W,1,,,,,○,
41000,さそう,誘う,五他,W,1,◎,,○,○,○,○
41010,さぞかし,×嘸かし,副,W,1,,,,,○,
41020,さだまる,定まる,五自,W,2,,,○,,,○
41030,さだめる,定める,下一他,W,2,○,,○,,,○
41040,ざだんかい,座談会,名,K,2,,,○,,,○
41050,さつ,冊,接尾,K,1,◎,,○,○,○,○
41060,さつ,札,名・接尾,K,1,◎,,○,○,○,○
41070,ざつ,雑,形動・名,K,3,,,○,,,
41080,さつえい,撮影,名・ス他,K,2,○,,○,,,○
41090,さつえいじょ,撮影所,名,K,,,,,,○,
41100,ざつおん,雑音,名,K,2,○,,○,○,○,○
41110,さっか,作家,名,K,2,◎,,○,○,,○
41120,ざっか,雑貨,名,K,2,,,○,,,○
41130,サッカー,soccer,名,G,3,,,○,○,○,○
41140,サッカークラブ,soccer club,名,G,,,,,○,○,
41150,サッカーボール,soccer ball,名,G,,,,,○,○,
41160,さっかく,錯覚,名・ス自,K,3,○,,,,,
41170,さっき,,名,W,1,◎,,○,○,○,○
41180,さっきょく,作曲,名・ス自他,K,2,○,,○,,,○
41190,ざっくばらん,,形動,W,3,,,○,,,○
41200,さっさと,,副,W,1,○,,○,,○,
41210,ざっし,雑誌,名,K,1,◎,○,○,○,○,○
41220,さつじん,殺人,名,K,2,○,,,,,
41230,さっする,察する,サ変他,H,2,○,,,,,
41240,さっそく,早速,副,K,1,◎,,○,○,○,
41250,ざつだん,雑談,名・ス自,K,3,○,,○,,,○
41260,さっちゅうざい,殺虫剤,名,K,2,,,,○,○,
41270,さっと,×颯と,副,H,1,,,○,,○,○
41280,ざっと,,副,W,1,○,,○,,,○
41290,さっぱり,,副・ス自,W,1,○,,○,○,○,
41300,ざっぴ,雑費,名,K,2,,,○,,,○
41310,さっぽろ,札幌,名,H,,,,,○,,
41320,さつまいも,×薩摩芋・〈甘×藷〉,名,W,1,○,,,○,○,
41330,さて,×扠・×扨・×偖,接,W,1,○,,○,,○,○
41340,さては,,接・副,W,2,,,○,,,
41350,さと,里,名,W,1,,,,,○,
41360,さといも,里芋,名,W,1,,,,,○,
41370,さとう,砂糖,名,K,1,◎,○,○,○,○,○
41380,さとう,〔固〕,名,K,,,,,○,○,
41390,さどう,茶道,名,K,3,,,,,,○
41400,さとる,悟る・△覚る,五他,W,2,○,,,,,
41410,さなぎ,×蛹,名,W,2,,,,○,○,
41420,さばく,砂漠・×沙漠,名,K,1,,,○,○,○,○
41430,さび,×錆・×銹,名,W,1,,,○,○,○,○
41440,さび,寂,名,W,3,,,,,○,
41450,さびしい,寂しい・×淋しい,形,W,1,◎,○,○,○,○,○
41460,さびる,×錆びる,上一自,W,1,○,,○,○,○,○
41470,さびれる,寂れる,下一自,W,3,,,,,○,
41480,ざぶざぶ,,副,W,1,,,,○,○,
41490,さぶちゃん,〔固〕,名,H,,,,,,○,
41500,ざぶとん,座布団・座×蒲団,名,K,1,○,,○,○,○,○
41510,ざぶり,,副,W,1,,,,○,○,
41520,サボテン,〈仙人掌〉,名,G,3,,,,○,○,
41530,サボる,,五自,H,3,,,○,,,○
41540,さま,様,名・接尾,W,1,◎,,○,○,○,○
41550,さまざま,様様,名・形動,W,1,○,,○,,,○
41560,さます,冷ます,五他,W,1,○,,○,○,○,○
41570,さます,覚ます・×醒ます,五他,W,1,○,,○,○,○,○
41580,さまたげる,妨げる,下一他,W,3,○,,○,,,
41590,さみしい,△寂しい・×淋しい,形,W,,,,,○,○,
41600,さむい,寒い,形,W,1,◎,○,○,○,○,○
41610,さむけ,寒気,名,W,2,,,○,○,○,○
41620,さむさ,寒さ,名,W,2,○,,,,○,
41630,さむさむさむ,,副,W,,,,,,○,
41640,さむらい,侍,名,W,1,,,,○,○,
41650,さめ,×鮫,名,W,2,,,,○,○,
41660,さめる,冷める,下一自,W,1,○,,○,○,○,○
41670,さめる,覚める,下一自,W,1,◎,,○,○,○,○
41680,さめる,×醒める,下一自,W,3,,,○,,,○
41690,さやさや,,副,W,2,,,,○,○,
41700,さゆう,左右,名・ス他,K,2,○,,○,○,○,○
41710,さよう,作用,名・ス自,K,2,○,,○,,,○
41720,さよう,△然様・左様,形動・副,H,3,,,○,,,
41730,さようてん,作用点,名,K,,,,○,,,
41740,さようなら,,感,H,1,◎,○,○,○,○,○
41750,さよなら,,感,H,1,,,○,,,
41760,さら,皿,名,W,1,◎,,○,○,○,○
41770,さらい,再来,接頭,K,,,,,,,○
41780,さらいげつ,再来月,名,K,2,,,,○,○,
41790,さらいしゅう,再来週,名,K,2,○,,,○,○,
41800,さらいねん,再来年,名,K,2,◎,,○,○,○,
41810,さらう,×浚う（復習する）,五他,W,1,,,○,,○,
41820,さらう,×浚う・×渫う（ドブを）,五他,W,1,,,○,,○,
41830,さらう,×攫う,五他,W,2,,,,,○,
41840,さらえる,,下一他,W,1,,,,,○,
41850,さらさら,,副,W,1,,,○,○,○,
41860,ざらざら,,副・ス自,W,1,,,○,○,○,○
41870,さらしこ,晒し粉,名,W,,,,○,,,
41880,サラダ,salad,名,G,3,○,,○,○,○,○
41890,さらに,更に,副,W,2,○,,○,,,○
41900,サラリーマン,←salaried man,名,G,3,○,,,,,
41910,サリー,〔人名〕,名,G,,,,,,○,
41920,ざりがに,,名,W,,,,,○,○,
41930,さる,猿,名,W,1,◎,○,○,○,○,○
41940,さる,去る,五自他,W,2,○,,,○,○,
41950,ざる,×笊,名,W,1,,,,○,○,
41960,ざる,,助動,W,,,,○,,,
41970,サルバドール,〔人名〕,名,G,,,,,,○,
41980,される,,下一自,W,1,,,○,,○,
41990,さわがしい,騒がしい,形,W,1,○,,○,○,○,
42000,さわぎ,騒ぎ,名,W,1,○,,,,○,
42010,さわぐ,騒ぐ,五自,W,1,◎,,○,○,○,○
42020,ざわざわ,,トス自,W,1,,,,○,○,
42030,さわやか,×爽やか,形動,W,2,○,,,○,○,
42040,さわり,触り,名,W,1,,,,,○,
42050,さわる,触る,五自,W,1,◎,,○,○,○,○
42060,さわる,障る,五自,W,2,○,,○,,,
42070,さん,,接尾,W,1,,,,,,○
42080,さん,三,名,K,1,◎,○,○,○,○,○
42090,さん,山,名,K,2,○,○,○,,,
42100,さん,産,名,K,2,○,,,,,
42110,さん,酸,名,K,2,○,,○,,,
42120,さんいん,山陰,名,K,3,○,,,,,
42130,さんか,参加,名・ス自,K,2,◎,,○,○,○,○
42140,さんか,酸化,名・ス自,K,2,○,,○,,,○
42150,さんかく,三角,名,K,1,◎,○,○,○,○,○
42160,さんかくけい,三角形,名,K,1,○,,,○,○,
42170,さんかくぼうし,三角帽子,名,K,,,,,,○,
42180,さんがつ,三月,名,K,2,,,○,,,
42190,さんかんび,参観日,名,H,,,,,○,○,
42200,さんぎいん,参議院,名,K,2,○,,,,,
42210,さんぎょう,産業,名,K,2,◎,,○,○,,○
42220,ざんぎょう,残業,名・ス自,K,3,,,○,,,○
42230,さんぎょうかくめい,産業革命,名,K,,,,○,,,
42240,サングラス,←sunglasses,名,G,3,,,,○,○,
42250,さんこう,参考,名・ス他,K,2,◎,,○,○,○,○
42260,さんこうしょ,参考書,名,K,2,○,,,,,
42270,ざんこく,残酷・残刻,名・形動,K,3,○,,○,,,
42280,ざんざら,,副,W,,,,,,○,
42290,さんざん,散散,副・形動,K,1,,,○,○,○,
42300,さんじ,〔固〕,名,K,,,,,,○,
42310,さんじゅう,三十,名,K,,,○,○,,,
42320,さんしゅつ,産出,名・ス他,K,3,,,○,,,
42330,さんじゅつ,算術,名,K,,,,○,,,
42340,さんしょう,山×椒,名,K,2,,,,,○,
42350,さんしょう,参照,名・ス他,K,3,○,,○,,,○
42360,さんじょう,三乗,名,K,,,,,,,○
42370,さんすう,算数,名,K,1,,,○,○,○,
42380,さんせい,賛成,名・ス自,K,1,◎,,○,○,○,○
42390,さんそ,酸素,名,K,2,○,,○,,,○
42400,サンタクロース,Santa Claus,名,G,1,,,,○,○,
42410,サンダル,sandal,名,G,2,,,○,○,○,○
42420,さんち,産地,名,K,2,○,,,,,
42430,さんちょう,山頂,名,K,,,,,○,○,
42440,サンドイッチ,sandwich,名,G,2,○,,,○,○,
42450,さんどう,参道,名,K,2,,,,,,○
42460,ざんねん,残念,名,K,1,◎,,○,○,○,○
42470,さんねんせい,三年生,名,K,,,,○,,,
42480,サンパウロ,Sao Paulo,名,G,,,,,○,,
42490,さんばし,桟橋,名,H,2,,,,○,○,
42500,さんぱつ,散髪,名・ス自,K,3,,,○,,,○
42510,さんぶつ,産物,名,K,2,○,,○,,,○
42520,サンボ,〔人名〕,名,G,,,,,,○,
42530,さんぽ,散歩,名・ス自,K,1,◎,,○,○,○,○
42540,さんま,〈秋刀魚〉,名,W,2,,,,○,○,
42550,さんみゃく,山脈,名,K,2,○,,○,,,
42560,さんもん,山門,名,K,3,,,,,,○
42570,さんよう,山陽,名,K,3,○,,,,,
42580,さんりんしゃ,三輪車,名,K,1,,,,○,○,
42590,し,,接助・助動,W,1,,,○,○,○,○
42600,し,四,名,K,1,◎,○,○,○,○,○
42610,し,死,名,K,1,◎,,○,○,○,○
42620,し,詩,名,K,1,◎,,○,○,○,○
42630,し,紙,接尾,K,2,○,○,○,,,
42640,し,氏,代・接尾,K,2,○,,○,,,
42650,し,士,名,K,2,,,○,,,
42660,し,市,名,K,2,◎,,○,○,,○
42670,し,糸,名,K,2,○,,,,,
42680,し,子,名・接尾,K,2,○,,,,,
42690,し,視,接尾,K,3,,,○,,,
42700,じ,時,接尾,K,1,◎,○,○,○,○,○
42710,じ,字,名,K,1,◎,○,○,○,○,○
42720,じ,寺,名,K,2,○,,○,,,
42730,じ,事,名,K,2,○,,,,,
42740,じ,次,接頭・接尾,K,,,,○,,,
42750,しあい,試合・仕合,名,W,1,◎,,○,○,○,○
42760,しあげ,仕上げ,名,W,2,○,,,,,
42770,しあげる,仕上げる,下一他,W,2,○,,○,,,○
42780,しあさって,〈明明後日〉,名,W,2,,,○,,,○
42790,しあわせ,仕合わせ・幸せ,名・形動,W,1,◎,,○,○,○,○
42800,しあわせのせち,,連語,H,,,,,,○,
42810,しい,,感,W,2,,,,○,○,
42820,じい,×爺,名,W,1,,,,,○,
42830,しいく,飼育,名・ス他,K,2,,,○,,,
42840,しいくがかり,飼育係,名,H,,,,,○,○,
42850,じいさま,爺様,名,W,,,,,,○,
42860,しいしいしいしいしいしいしゅ,,副,W,,,,,,○,
42870,シーズン,season,名,G,3,○,,,,,
42880,シーソー,seesaw,名,G,2,,,,○,○,
42890,じいちゃん,〈祖父〉ちゃん,名,W,,,,,,○,
42900,じいちゃん,爺ちゃん,名,W,,,,,,○,
42910,しーっ,,感,W,,,,,○,○,
42920,シーツ,sheet,名,G,1,○,,○,○,○,
42930,しいて,強いて,副,W,2,,,○,,,
42940,シーディー,CD,名,G,,,,,,,○
42950,ジーパン,←jeans pants,名,G,,,,,○,○,
42960,ジープ,〔米〕Jeep,名,G,1,,,,○,○,
42970,しいる,強いる,上一他,W,2,○,,,,,
42980,シール,seal,名,G,,,,,○,○,
42990,しいれ,仕入れ,名,W,2,,,○,,,○
43000,しいれる,仕入れる,下一他,W,2,,,○,,,
43010,しいん,,副,W,1,,,,,○,
43020,しいん,子音,名,K,3,○,,○,,,
43030,じえい,自衛,名・ス自他,K,3,○,,○,,,
43040,ジェイアール,JR,名,G,,,,,,,○
43050,ジェットき,ジェット機,名,H,3,○,,○,○,○,
43060,ジェットコースター,〔和〕jet coaster,名,G,2,,,,○,○,
43070,ジェットりょかくき,ジェット旅客機,名,H,,,,,○,○,
43080,しお,塩,名,W,1,◎,○,○,○,○,○
43090,しお,潮・×汐,名,W,1,○,,○,,○,
43100,しおからい,塩辛い,形,W,1,○,,○,○,○,
43110,しおしお,,副,W,1,,,,○,○,
43120,しおひがり,潮干狩り,名,W,1,,,,○,○,
43130,しおれる,×萎れる,下一自,W,1,,,○,○,○,
43140,しか,,係助,W,1,,,○,○,○,○
43150,しか,×鹿,名,W,1,○,,○,○,○,○
43160,じか,△直,名,K,2,○,,○,,,○
43170,しかい,司会,名・ス自他,K,2,○,,○,,,○
43180,しがい,市外,名,K,2,,,○,,,○
43190,しがい,市街,名,K,2,,,○,,,
43200,しがい,死×骸・×屍×骸,名,K,,,,,○,○,
43210,しがいせん,紫外線,名,K,3,,,○,,,○
43220,しかえし,仕返し,名,W,1,,,○,○,○,
43230,しかく,四角,名,K,1,◎,○,○,○,○,○
43240,しかく,資格,名,K,2,○,,○,,,○
43250,じかく,自覚,名・ス他,K,2,○,,○,,,
43260,しかくい,四角い,形,H,2,◎,,○,○,○,
43270,しかくけい,四角形,名,K,1,,,,○,○,
43280,しかくばる,四角張る,五自,H,,,,,○,○,
43290,しかけ,仕掛け,名,W,1,,,○,,,
43300,しかし,△然し・△併し,接,W,1,◎,,○,○,○,○
43310,しかしながら,△併し×乍ら・△然し×乍ら,接,W,2,○,,,,,
43320,しかた,仕方,名,W,1,◎,,○,○,○,○
43330,しかたがない,仕方がない,連語,W,2,○,,○,,,
43340,しかたない,仕方ない,形,W,2,,,,,○,
43350,しがつ,四月,名,K,2,,,○,,,
43360,しがみつく,,五自,W,1,,,○,○,○,
43370,しかめっつら,しかめっ面,名,W,,,,,○,○,
43380,しかめる,×顰める,下一他,W,1,,,○,○,○,
43390,しかも,△然も・×而も,接,W,2,◎,,○,○,,○
43400,しかる,×叱る・×呵る,五他,W,1,◎,,○,○,○,○
43410,じかん,時間,名,K,1,◎,○,○,○,○,○
43420,じかんひょう,時間表,名,K,,,,○,,,
43430,じかんわり,時間割り,名,H,2,○,,,○,○,
43440,しき,式,名,K,1,◎,,○,○,○,○
43450,しき,敷き,名,W,1,,,,,○,
43460,しき,四季,名,K,2,○,,○,○,○,○
43470,しき,指揮,名・ス他,K,3,○,,,,,
43480,じき,直,名,K,1,○,,○,○,,
43490,じき,時期,名,K,2,○,,○,,,○
43500,じき,時機,名,K,2,○,,,,,
43510,じき,磁気,名,K,2,,,○,,,
43520,じき,磁器,名,K,3,○,,,,,○
43530,しきい,敷居,名,W,1,,,,,○,
43540,しきさい,色彩,名,K,2,○,,○,,,○
43550,しきしゃ,指揮者,名,K,2,,,,○,○,
43560,しきそ,色素,名,K,3,,,○,,,
43570,しきち,敷地,名,H,2,○,,,,,
43580,じきに,直に,副,H,1,,,,,○,
43590,しきゅう,至急,名,K,2,○,,○,,,○
43600,じきゅう,自給,名・ス他,K,3,,,○,,,
43610,じぎょう,事業,名,K,2,○,,○,,,○
43620,しぎょうしき,始業式,名,K,,,,,○,○,
43630,しきり,仕切り,名,W,2,○,,○,,○,○
43640,しきりに,△頻りに,副,W,1,,,○,,○,
43650,しきる,仕切る,五自他,W,2,,,,○,○,
43660,しきん,資金,名,K,3,○,,○,,,○
43670,しく,敷く,五自他,W,1,◎,,○,○,○,○
43680,じく,軸,名,K,2,○,,○,,○,○
43690,ジグ,jig,名,G,,,,○,,,
43700,ジグザグ,zigzag,名,G,3,,,,○,○,
43710,しくしく,,副,W,1,,,○,○,○,
43720,しくじり,,名,W,1,,,,,○,
43730,しくじる,,五自他,W,1,○,,○,,○,
43740,しくみ,仕組み,名,W,2,○,,○,,,○
43750,しけい,死刑,名,K,2,○,,,,,
43760,しげき,刺激・刺×戟,名・ス他,K,3,◎,,○,○,,○
43770,しげた,〔固〕,名,W,,,,,,○,
43780,しげみ,茂み・△繁み,名,W,1,,,,,○,
43790,しげる,茂る・△繁る,五自,W,1,◎,,○,○,○,○
43800,しげる,〔固〕,名,W,,,,,,○,
43810,しけん,試験,名・ス他,K,2,◎,,○,○,○,○
43820,しげん,資源,名,K,2,○,,○,,,○
43830,じけん,事件,名,K,2,◎,,○,○,○,○
43840,しけんかん,試験管,名,K,2,,,○,,,
43850,じこ,自己,名,K,2,○,,○,,,○
43860,じこ,事故,名,K,2,◎,,○,○,○,○
43870,しこく,四国,名,K,2,○,,○,○,,
43880,じこく,時刻,名,K,1,○,,○,○,○,
43890,じごく,地獄,名,K,2,○,,,○,○,○
43900,じこしょうかい,自己紹介,名,K,,,,○,○,○,
43910,しごと,仕事・△為事,名,W,1,◎,○,○,○,○,○
43920,しこみ,仕込み,名,W,2,,,○,,,
43930,しざい,資材,名,K,3,,,○,,,
43940,しさつ,視察,名・ス他,K,2,○,,○,,,○
43950,じさつ,自殺,名・ス自,K,2,○,,,,,
43960,じさま,,名,W,,,,,,○,
43970,しじ,支持,名・ス他,K,3,○,,○,,,○
43980,しじ,指示,名・ス他,K,3,○,,○,,,○
43990,じじつ,事実,名,K,2,◎,,○,○,○,○
44000,ししまい,×獅子舞,名,H,2,,,,○,○,
44010,しじみ,×蜆,名,W,2,,,,○,○,
44020,ししゃ,死者,名,K,2,○,,,,,
44030,じしゃく,磁石,名,K,2,,,○,○,○,○
44040,ししゃごにゅう,四捨五入,名・ス他,K,2,○,,○,,,○
44050,じしゅ,自主,名,K,3,,,○,,,
44060,ししゅう,刺×繍,名・ス他,K,2,○,,○,,,○
44070,しじゅう,始終,名,K,1,○,,○,,○,○
44080,しじゅう,四十,名,K,,,○,○,,,
44090,じしゅう,自習,名・ス自他,K,2,○,,○,○,○,
44100,ししゅつ,支出,名・ス他,K,2,◎,,○,○,,○
44110,じしょ,辞書,名,K,2,◎,,○,○,○,○
44120,じじょ,次女・△二女,名,K,2,○,,,,,
44130,しじょう,市場,名,K,2,○,,○,,,○
44140,じじょう,事情,名,K,2,◎,,○,○,○,○
44150,しじん,詩人,名,K,2,○,,,,,
44160,じしん,地震,名,K,1,◎,,○,○,○,○
44170,じしん,自身,名,K,2,○,,○,,,○
44180,じしん,自信,名,K,2,◎,,○,○,○,○
44190,じしん,磁針,名,K,2,,,○,,,
44200,じしんまんまん,自信満満,名,K,,,,,○,○,
44210,しすう,指数,名,K,3,,,○,,,○
44220,しずか,静か,形動,W,1,◎,○,○,○,○,○
44230,しずく,滴・×雫,名,W,1,○,,○,○,○,○
44240,しずまる,静まる・鎮まる,五自,W,1,○,,○,○,○,
44250,しずみ,沈み,名,W,1,,,,,○,
44260,しずむ,沈む,五自,W,1,◎,,○,○,○,○
44270,しずめる,沈める,下一他,W,1,○,,,,○,○
44280,しずめる,静める・鎮める,下一他,W,1,,,,○,○,
44290,しする,死する,サ変自,H,1,,,,,○,
44300,しせい,姿勢,名,K,1,○,,○,○,○,○
44310,しせつ,施設,名・ス他,K,2,○,,○,,,○
44320,しせん,支線,名,K,2,,,○,,,○
44330,しぜん,自然,名・形動,K,1,◎,,○,○,○,○
44340,しぜんかがく,自然科学,名,K,3,○,,,,,
44350,しぜんかんきょう,自然環境,名,K,,,,○,,,
44360,しぜんどうぶつえん,自然動物園,名,K,,,,,○,○,
44370,しそう,思想,名,K,3,◎,,○,○,,○
44380,じぞう,地蔵,名,K,1,,,,,○,
44390,じぞく,持続,名・ス自他,K,3,,,○,,,
44400,しそん,子孫,名,K,2,○,,○,,,○
44410,した,舌,名,W,1,◎,,○,○,○,○
44420,した,下,名・接頭,W,1,◎,○,○,○,○,○
44430,したい,死体・×屍体,名,K,2,○,,,,,
44440,しだい,次第,名・接尾,K,1,○,,○,,○,
44450,じたい,事態,名,K,3,○,,○,,,
44460,じだい,時代,名,K,2,◎,,○,○,○,○
44470,じだいげき,時代劇,名,K,,,,,○,○,
44480,しだいに,次第に,副,H,,,,○,○,○,○
44490,したうけ,下請け,名,W,,,,○,,,○
44500,したがう,従う,五自,W,1,◎,,○,○,○,○
44510,したがえる,従える,下一他,W,1,,,,,○,
44520,したがき,下書き,名,W,1,○,,,,,
44530,したがって,従って,接,W,2,◎,,○,○,,○
44540,したぎ,下着,名,W,1,◎,,○,○,○,○
44550,したく,支度・仕度,名・ス他,K,1,◎,,○,○,○,○
44560,じたく,自宅,名,K,2,○,,,,,
44570,したしい,親しい,形,W,2,◎,,○,○,○,○
44580,したしみ,親しみ,名,W,2,○,,,,,
44590,したしむ,親しむ,五自,W,2,○,,○,,,
44600,したてや,仕立て屋,名,W,,,,,,○,
44610,したてる,仕立てる,下一他,W,2,○,,,,,
44620,したまち,下町,名,W,3,○,,,,,
44630,したむき,下向き,名,W,1,,,○,,,
44640,しち,七,名,K,1,◎,○,○,○,○,○
44650,じち,自治,名,K,2,○,,,,,
44660,しちがつ,七月,名,K,2,,,○,,,
44670,しちごさん,七五三,名,K,1,,,,○,○,
44680,しちじゅう,七十,名,K,,,○,○,,,
44690,しちふくじん,七福神,名,K,2,,,,○,○,
44700,しちょう,市長,名,K,1,○,,,,,
44710,しちょう,視聴,名,K,,,,,,,○
44720,しつ,室,名,K,1,○,,○,○,○,○
44730,しつ,質,名,K,2,○,,○,,,○
44740,じつ,日,名,K,2,○,○,○,,,
44750,しっかり,△確り・×聢り,副・ス自,W,1,◎,,○,○,○,○
44760,じっかん,実感,名・ス他,K,3,○,,,,,
44770,しつぎょう,失業,名・ス自,K,2,◎,,○,○,,○
44780,じっぐだっぐ,,副,W,,,,,,○,
44790,しっけ,湿気,名,K,2,○,,○,,,○
44800,しつけ,仕付け・×躾,名,W,2,○,,,○,○,
44810,しっけい,失敬,名・ス自他,K,2,,,○,,,○
44820,じっけん,実験,名・ス他,K,1,◎,,○,○,○,○
44830,じつげん,実現,名・ス自他,K,2,◎,,○,○,○,
44840,しつこい,,形,W,2,○,,○,○,○,
44850,じっこう,実行,名・ス他,K,2,◎,,○,○,○,○
44860,じっさい,実際,名,K,1,◎,,○,○,○,
44870,じっし,実施,名・ス他,K,3,○,,,,,
44880,じっしつ,実質,名,K,3,,,○,,,
44890,じっしゅう,実習,名・ス他,K,3,,,○,,,○
44900,じつじょう,実情,名,K,3,○,,,,,
44910,じっせき,実績,名,K,3,○,,,,,
44920,じっせん,実践,名・ス他,K,3,○,,○,,,
44930,しっそ,質素,名・形動,K,2,○,,○,,,
44940,じったい,実態,名,K,3,○,,,,,
44950,しっと,×嫉×妬,名・ス他,K,3,○,,,,,
44960,しつど,湿度,名,K,3,○,,,,,○
44970,じっと,,副,W,1,○,,○,○,○,○
44980,しつない,室内,名,K,2,○,,,,,
44990,じつに,実に,副,H,1,○,,○,,,○
45000,じつは,実は,副,H,2,○,,○,○,○,○
45010,しっぱい,失敗,名・ス自,K,1,◎,,○,○,○,○
45020,しっぴつ,執筆,名・ス自他,K,3,○,,,,,
45030,しっぷ,湿布,名・ス他,K,2,,,,○,○,
45040,じつぶつ,実物,名,K,1,○,,○,,,
45050,しっぽ,〈尻尾〉,名,W,1,○,,○,○,○,○
45060,しつぼう,失望,名・ス自,K,2,○,,○,,,○
45070,しつもん,質問,名・ス自他,K,1,◎,,○,○,○,○
45080,じつよう,実用,名・ス他,K,2,○,,○,,,○
45090,しつりょう,質量,名,K,2,,,○,,,
45100,じつりょく,実力,名,K,2,○,,,○,○,
45110,しつれい,失礼,名・ス自,K,1,◎,,○,○,○,○
45120,じつれい,実例,名,K,2,○,,,,,
45130,しつれいしました,失礼しました,感,H,,,,○,○,○,
45140,しつれいします,失礼します,感,H,,,,,○,○,
45150,して,,連語,W,,,,○,,,
45160,してい,指定,名・ス他,K,2,○,,,,,
45170,してき,指摘,名・ス他,K,3,○,,,,,
45180,してつ,私鉄,名,K,3,○,,○,,,○
45190,してん,支店,名,K,2,○,,○,,,○
45200,してん,支点,名,K,3,,,○,,,
45210,しでん,市電,名,K,2,,,○,,,
45220,じてん,事典,名,K,2,,,○,,,○
45230,じてん,辞典,名,K,2,○,,○,○,○,○
45240,じてんしゃ,自転車,名,K,1,◎,○,○,○,○,○
45250,しどう,指導,名・ス他,K,2,◎,,○,○,,○
45260,じどう,自動,名,K,2,○,,○,,,
45270,じどう,児童,名,K,2,○,,,,,○
45280,じどうかん,児童館,名,K,,,,,○,○,
45290,じどうしゃ,自動車,名,K,1,◎,○,○,○,○,○
45300,じどうしゃくん,自動車君,名,K,,,,,,○,
45310,しどうてき,指導的,形動,K,,,,○,,,
45320,じどうてき,自動的,形動,K,2,,,○,,,
45330,じどうドア,自動ドア,名,H,,,,,○,○,
45340,じどうはんばいき,自動販売機,名,K,,,,,○,○,
45350,しとやか,△淑やか,形動,W,2,○,,,,,
45360,しな,品,名,W,2,○,,○,○,○,
45370,しない,市内,名,K,2,○,,○,,,○
45380,しなう,×撓う,五自,W,2,,,,○,○,
45390,しなびきる,×萎び切る,五自,W,,,,,,○,
45400,しなびる,×萎びる,上一自,W,1,,,○,○,○,
45410,しなもの,品物,名,W,1,◎,,○,○,○,○
45420,しなやか,,形動,W,3,○,,,,,
45430,じならし,地△均し,名,H,1,,,○,,,
45440,じなん,次男・△二男,名,K,2,○,,○,,,
45450,しにくい,△為難い,形,W,,,,,○,○,
45460,しにものぐるい,死に物狂い,名,W,1,,,○,,,
45470,しぬ,死ぬ,五自,W,1,◎,,○,○,○,
45480,じぬし,地主,名,H,2,○,,,,,
45490,しのこす,△為残す・仕残す,五他,W,2,,,,,○,
45500,しば,芝,名,W,1,,,,,○,
45510,しば,×柴,名,W,1,,,,,○,
45520,しはい,支配,名・ス他,K,2,◎,,○,○,,○
45530,しばい,芝居,名,W,1,◎,,○,○,○,○
45540,しばしば,×屡・×屡×屡,副,W,2,○,,○,,,○
45550,しはじめる,△為始める,下一他,W,,,,,,○,
45560,しはつ,始発,名,K,2,○,,,,,
45570,しばふ,《芝生》,名,W,1,○,,○,○,○,○
45580,しはらい,支払い,名,W,2,○,,○,,,○
45590,しはらう,支払う,五他,W,2,○,,,,,
45600,しばらく,△暫く,副,W,1,◎,,○,○,○,
45610,しばり,縛り,名,W,1,,,,,○,
45620,しばりつける,縛り付ける,下一他,W,1,,,,,○,
45630,しばる,縛る,五他,W,1,◎,,○,○,○,○
45640,ジバン,〔葡〕giba～o・juba～o,名,G,1,,,,,○,
45650,じびき,字引,名,H,1,◎,,○,○,○,○
45660,じひびき,地響き,名,H,1,,,○,,,
45670,しびれ,×痺れ,名,W,1,,,,,○,
45680,しびれる,×痺れる,下一自,W,1,○,,○,○,○,
45690,しぶ,渋,名,W,1,,,,,○,
45700,しぶい,渋い,形,W,1,◎,,○,○,○,○
45710,しぶがき,渋×柿,名,W,1,,,,,○,
45720,しぶき,〈飛×沫〉,名,W,1,,,,○,○,
45730,しぶしぶ,渋渋,副,W,2,,,,,○,
45740,じぷた,〔自動車名〕,名,W,,,,,,○,
45750,しぶとい,,形,W,2,,,,○,○,
45760,しぶる,渋る,五自他,W,3,,,○,,○,○
45770,じぶん,自分,名,K,1,◎,,○,○,○,○
45780,じぶん,時分,名,K,1,,,○,,○,
45790,じぶんじしん,自分自身,代,K,1,,,,,○,
45800,しへい,紙幣,名,K,2,,,,,,○
45810,しほう,四方,名,K,1,,,○,,,
45820,しぼう,脂肪,名,K,2,○,,○,,,
45830,しぼう,死亡,名・ス自,K,2,○,,,,,
45840,しぼむ,×凋む・×萎む,五自,W,1,,,,○,○,
45850,しぼり,絞り,名,W,1,,,○,,○,
45860,しぼる,絞る・搾る,五他,W,1,○,,○,○,○,○
45870,しほん,資本,名,K,3,○,,○,○,,○
45880,しほんか,資本家,名,K,2,○,,○,,,
45890,しほんしゅぎ,資本主義,名,K,,,,○,,,
45900,しほんしゅぎしゃかい,資本主義社会,名,K,,,,○,,,
45910,しま,島,名,W,1,◎,,○,○,○,○
45920,しま,×縞,名,W,2,○,,○,,,○
45930,しまい,仕舞い,名,W,1,○,,,○,○,
45940,しまい,姉妹,名,K,2,○,,,,,
45950,しまう,仕舞う,五他,W,1,◎,,○,○,○,○
45960,しまうま,×縞馬,名,W,2,,,,○,○,
45970,しまつ,始末,名,K,1,○,,○,,○,○
45980,しまった,,感,W,1,○,,○,○,○,○
45990,しまもよう,×縞模様,名,H,,,,,○,○,
46000,しまり,締まり,名,W,1,,,,,○,
46010,しまる,閉まる,五自,W,1,◎,,○,○,○,
46020,しまる,締まる,五自,W,1,◎,,○,○,○,
46030,じまん,自慢,名・ス他,K,1,○,,○,○,○,○
46040,しみ,染み,名,W,1,,,○,○,○,
46050,じみ,地味,名・形動,K,2,◎,,○,○,,○
46060,しみじみ,,副,W,2,○,,,,,
46070,しみず,《清水》,名,W,2,,,,○,,
46080,しみる,染みる・×滲みる,上一自,W,1,○,,○,○,○,○
46090,しみん,市民,名,K,2,◎,,○,○,,
46100,しみんかくめい,市民革命,名,K,,,,○,,,
46110,じむ,事務,名,K,2,◎,,○,○,,○
46120,ジム,〔人名〕,名,G,,,,,,○,
46130,じむいん,事務員,名,K,2,○,,○,,,
46140,じむしつ,事務室,名,K,1,○,,,,,
46150,じむしょ,事務所,名,K,1,◎,,○,○,,
46160,しめい,氏名,名,K,2,○,,○,,,○
46170,しめい,指名,名・ス他,K,2,,,○,,,○
46180,しめい,使命,名,K,3,○,,,,,○
46190,しめかざり,〈注連〉飾り,名,W,2,,,,○,○,
46200,しめきる,締め切る,五他,W,1,○,,,,,
46210,しめし,湿し,名,W,1,,,,,○,
46220,じめじめ,,副・ス自,W,1,,,,○,○,
46230,しめす,湿す,五他,W,1,,,,,○,
46240,しめす,示す,五他,W,2,◎,,○,○,○,○
46250,しめっぽい,湿っぽい,形,W,2,○,,,,,
46260,しめり,湿り,名,W,1,,,,,○,
46270,しめる,閉める,下一他,W,1,◎,○,○,○,○,○
46280,しめる,締める,下一他,W,1,◎,,○,○,○,○
46290,しめる,湿る,五自,W,1,○,,○,○,○,○
46300,しめる,占める,下一他,W,2,○,,○,,,○
46310,しめる,,助動,W,3,,,○,,,
46320,じめん,地面,名,K,1,○,,○,○,○,○
46330,しも,下,名,W,1,○,,,,○,○
46340,しも,霜,名,W,1,○,,○,○,○,○
46350,しも,,副助,W,,,,○,,,
46360,しもばしら,霜柱,名,W,1,,,,○,○,
46370,しもやけ,霜焼け,名,W,1,,,,○,○,
46380,しもん,指紋,名,K,3,,,,○,○,
46390,しゃ,車,接尾,K,2,◎,○,○,○,○,○
46400,しゃ,者,名,K,2,○,,○,○,○,○
46410,しゃ,社,名・接尾,K,3,,,,○,,
46420,じゃ,,助動・連語,W,1,,,○,,○,
46430,じゃ,,感,W,,,,,,,○
46440,じゃあ,,接,W,1,○,,○,○,○,
46450,ジャーナリスト,journalist,名,G,3,○,,○,,,
46460,しゃいん,社員,名,K,2,○,,,,,○
46470,しゃか,〔梵〕△釈×迦,名,G,2,,,,○,○,
46480,しゃかい,社会,名,K,1,◎,,○,○,○,○
46490,しゃかいかがく,社会科学,名,K,2,○,,,,,
46500,しゃかいしゅぎ,社会主義,名,K,,,,○,,,
46510,しゃかいてき,社会的,形動,K,,,,○,,,
46520,じゃがいも,じゃが芋・〈馬鈴×薯〉,名,H,1,○,,,○,○,
46530,しゃがむ,,五自,W,1,○,,○,○,○,
46540,ジャカルタ,Djakarta,名,G,,,,,○,,
46550,しゃく,×癪,名,K,1,,,,○,○,
46560,じゃく,弱,名・接頭・接尾,K,2,○,,,,,
46570,しやくしょ,市役所,名,K,2,○,,○,○,○,
46580,じゃぐち,蛇口,名,H,2,,,,○,○,
46590,しゃくとりむし,尺取り虫,名,H,,,,,,○,
46600,ジャケット,jacket,名,G,,,,,○,○,
46610,しゃこ,車庫,名,K,2,○,,○,○,○,○
46620,しゃしょう,車掌,名,K,1,○,,○,○,○,○
46630,しゃしん,写真,名,K,1,◎,○,○,○,○,○
46640,しゃせい,写生,名・ス他,K,1,○,,,○,○,
46650,しゃせつ,社説,名,K,2,○,,,,,
46660,しゃたい,車体,名,K,2,,,○,,,
46670,しゃだん,遮断,名・ス他,K,3,,,○,,,○
46680,しゃちょう,社長,名,K,2,○,,○,,,○
46690,シャツ,shirt,名,G,1,◎,○,○,○,○,○
46700,しゃっきん,借金,名・ス自,K,2,○,,,,,
46710,ジャック,〔鴨名〕,名,G,,,,,,○,
46720,しゃっくり,,名,W,1,○,,○,○,○,
46730,しゃっしゃっ,,副,W,,,,,,○,
46740,シャッター,shutter,名,G,3,,,,○,○,
46750,しゃどう,車道,名,K,1,○,,○,,,○
46760,しゃない,車内,名,K,2,○,,,,,
46770,じゃぶじゃぶ,,副,W,1,,,○,○,○,
46780,しゃぶり,,名,W,1,,,,,○,
46790,しゃぶる,,五他,W,1,,,,○,○,
46800,しゃべり,×喋り,名,W,1,,,,,○,
46810,しゃべる,×喋る,五自,W,1,◎,,○,○,○,○
46820,シャベル,shovel,名,G,2,,,,○,○,○
46830,シャボン,〔葡〕saba～o・〔西〕jabo´n,名,G,1,,,,,○,
46840,シャボンだま,シャボン玉,名,H,1,,,,○,○,
46850,じゃま,邪魔,名・ス他,K,1,◎,,○,○,○,○
46860,ジャム,jam,名,G,1,○,,,○,○,
46870,シャムねこ,シャム猫,名,H,,,,,,○,
46880,しゃめん,斜面,名,K,3,,,○,,,○
46890,じゃらす,,五他,W,1,,,,,○,
46900,じゃり,《砂利》,名,K,1,,,,○,○,
46910,しゃりょう,車両・車×輌,名,K,3,,,○,,,○
46920,しゃりん,車輪,名,K,2,○,,,,,
46930,しゃれ,〈×洒落〉,名,W,2,○,,○,,,○
46940,じゃれる,,下一自,W,1,,,○,○,○,
46950,シャワー,←shower-bath,名,G,2,,,,○,○,○
46960,シャン,〔独〕scho¨n,名,G,1,,,,,○,
46970,じゃんが,,副,W,,,,,,○,
46980,ジャングル,jungle,名,G,2,,,,○,○,
46990,ジャングルジム,jungle gym,名,G,1,,,,○,○,
47000,ジャングルじゅう,ジャングル中,名,H,,,,,,○,
47010,じゃんけん,じゃん×拳,名,H,1,,,,○,○,
47020,じゃんけんぽん,じゃん×拳ぽん,名,H,1,,,,,○,
47030,ジャンパー,jumper,名,G,2,,,,○,○,
47040,ジャンプ,jump,名・ス自,G,1,,,,○,○,
47050,シャンプー,shampoo,名・ス他,G,3,,,,○,○,
47060,ジャンボ,〔人名〕,名,G,,,,,,○,
47070,ジャンボジェットき,ジャンボジェット機,名,H,,,,,○,○,
47080,しゅ,手,名,K,2,,,○,,,
47090,しゅ,主,名,K,2,,,○,,,
47100,しゅ,酒,名,K,2,○,,,,,
47110,しゅ,種,名,K,2,,,○,,,
47120,しゅう,週,名,K,1,◎,○,○,○,○,○
47130,しゅう,州,名・接尾,K,2,○,,,,,
47140,しゅう,周,名・接尾,K,2,,,○,,,
47150,しゅう,宗,接尾,K,,,,○,,,
47160,じゅう,十,名,K,1,◎,○,○,○,○,○
47170,じゅう,重,名・接頭・接尾,K,1,,,○,,○,
47180,じゅう,中,接尾,K,2,,,○,○,,○
47190,じゅう,銃,名,K,2,○,,,,,
47200,じゆう,自由,名・形動,K,1,◎,,○,○,○,○
47210,しゅうい,周囲,名,K,2,○,,○,○,○,○
47220,じゅういさん,獣医さん,名,H,,,,,,○,
47230,じゅういちがつ,十一月,名,K,2,,,○,,,
47240,しゅうかく,収穫,名・ス他,K,2,○,,○,,,○
47250,しゅうがくりょこう,修学旅行,名,K,2,,,,○,○,
47260,じゅうがつ,十月,名,K,2,,,○,,,
47270,しゅうかん,週間,名,K,1,◎,○,○,○,○,○
47280,しゅうかん,習慣,名,K,2,◎,,○,○,○,○
47290,しゅうかん,週刊,名,K,2,○,,,,,
47300,しゅうき,周期,名,K,3,,,○,,,
47310,しゅうぎいん,衆議院,名,K,2,○,,,,,
47320,じゅうきょ,住居,名,K,2,○,,○,,,
47330,しゅうきょう,宗教,名,K,2,◎,,○,○,,○
47340,じゅうぎょういん,従業員,名,K,2,,,○,,,○
47350,しゅうぎょうしき,終業式,名,K,,,,,○,○,
47360,しゅうきりつひょう,周期律表,名,K,,,,○,,,
47370,しゅうきん,集金,名・ス自他,K,2,,,○,,,
47380,しゅうげき,襲撃,名・ス他,K,3,○,,,,,
47390,しゅうごう,集合,名・ス自他,K,2,○,,○,○,○,○
47400,じゅうこうぎょう,重工業,名,K,2,,,○,,,
47410,しゅうごうじかん,集合時間,名,K,,,,,○,○,
47420,じゅうごや,十五夜,名,K,1,,,,,○,
47430,しゅうし,終始,副・ス自,K,2,○,,,,,
47440,しゅうし,収支,名,K,3,○,,,,,
47450,しゅうし,終止,名・ス自,K,3,,,,,,○
47460,しゅうし,修士,名,K,,,,,○,,
47470,じゅうじ,従事,名・ス自,K,2,,,○,,,
47480,じゅうじつ,充実,名・ス自,K,3,○,,,,,
47490,しゅうしゅう,収集・×蒐集,名・ス他,K,3,○,,○,,,
47500,じゆうしゅぎ,自由主義,名,K,,,,○,,,
47510,しゅうしゅく,収縮,名・ス自他,K,3,,,○,,,
47520,じゅうしょ,住所,名,K,2,◎,,○,○,○,○
47530,しゅうしょく,就職,名・ス自,K,2,◎,,○,○,,○
47540,しゅうしょく,修飾,名・ス他,K,3,,,,,,○
47550,しゅうしょくご,修飾語,名,K,3,○,,,○,,
47560,じゅうじろ,十字路,名,K,2,○,,,,,
47570,しゅうしん,就寝,名・ス自,K,3,,,,○,○,
47580,じゅうしん,重心,名,K,2,,,○,,,
47590,ジュース,juice,名,G,2,○,,○,○,○,○
47600,しゅうせい,修正,名・ス他,K,3,○,,○,,,
47610,しゅうぜん,修繕,名・ス他,K,2,,,○,,,
47620,しゅうそ,臭素,名,K,,,,○,,,
47630,じゅうぞく,従属,名・ス自,K,3,,,○,,,
47640,じゅうたい,渋滞,名・ス自,K,3,,,,,,○
47650,じゅうだい,重大,名,K,2,○,,,,,
47660,じゅうたく,住宅,名,K,2,○,,○,,,○
47670,しゅうだん,集団,名,K,3,○,,○,,,○
47680,じゅうたん,×絨×毯・×絨×緞,名,K,3,,,○,○,○,
47690,しゅうちゃく,執着,名・ス自,K,3,○,,,,,
47700,しゅうちゅう,集中,名・ス自他,K,2,○,,○,,,
47710,しゅうてん,終点,名,K,1,○,,○,○,○,○
47720,じゅうてん,重点,名,K,2,○,,○,,,○
47730,じゅうでん,充電,名・ス自,K,3,,,○,,,○
47740,じゅうどう,柔道,名,K,2,○,,○,○,○,○
47750,じゅうにがつ,十二月,名,K,2,,,○,,,
47760,じゅうにし,十二支,名,K,3,,,,○,○,
47770,しゅうにゅう,収入,名,K,2,◎,,○,○,,○
47780,しゅうにん,就任,名・ス自,K,3,○,,,,,
47790,じゅうばこ,重箱,名,H,2,,,,○,○,
47800,しゅうぶん,秋分,名,K,2,,,,,,○
47810,じゅうぶん,十分・充分,副・形動,K,1,◎,,○,○,○,○
47820,しゅうへん,周辺,名,K,3,○,,,,,
47830,しゅうまつ,週末,名,K,2,○,,○,,,
47840,じゅうみん,住民,名,K,2,○,,○,,,
47850,じゅうやく,重役,名,K,3,○,,,,,
47860,じゅうゆ,重油,名,K,2,,,○,,,○
47870,しゅうよう,収容,名・ス他,K,3,○,,,,,
47880,じゅうよう,重要,名,K,2,◎,,○,○,,○
47890,じゅうようせい,重要性,名,K,,,,○,,,
47900,じゅうらい,従来,名,K,3,○,,○,,,○
47910,しゅうり,修理,名・ス他,K,2,◎,,○,○,○,○
47920,しゅうりょう,終了,名・ス自他,K,3,○,,,,,
47930,しゅうりょうしき,終了式,名,K,,,,,○,○,
47940,じゅうりょく,重力,名,K,2,,,○,,,
47950,しゅえい,守衛,名,K,3,○,,,,,
47960,しゅえん,主演,名・ス自,K,2,○,,,,,
47970,しゅかん,主観,名,K,3,○,,○,○,,○
47980,しゅかんてき,主観的,形動,K,2,○,,,,,
47990,しゅぎ,主義,名,K,3,◎,,○,○,,○
48000,じゅきょう,儒教,名,K,3,,,○,,,
48010,じゅぎょう,授業,名・ス自,K,1,◎,,○,○,○,○
48020,じゅぎょうさんかんび,授業参観日,名,K,,,,,○,○,
48030,じゅく,塾,名,K,2,,,,○,○,
48040,じゅくご,熟語,名,K,2,○,,,,,
48050,しゅくじつ,祝日,名,K,2,○,,,○,○,
48060,しゅくしょう,縮小,名・ス自他,K,3,,,○,,,
48070,じゅくす,熟す,五自,H,2,,,○,○,○,
48080,じゅくする,熟する,サ変自,H,1,,,,,○,
48090,しゅくだい,宿題,名,K,1,○,,○,○,○,○
48100,じゅけん,受験,名・ス他,K,2,◎,,○,○,,
48110,しゅご,主語,名,K,3,○,,,○,,○
48120,しゅさい,主催,名・ス他,K,3,○,,,,,
48130,しゅし,種子,名,K,2,,,○,,,
48140,しゅし,趣旨,名,K,3,○,,,,,
48150,しゅじゅ,種種,名,K,2,○,,○,,,
48160,しゅじゅつ,手術,名・ス他,K,2,◎,,○,○,○,○
48170,しゅしょう,首相,名,K,2,○,,○,○,,
48180,しゅしょく,主食,名,K,2,○,,,,,
48190,しゅじん,主人,名,K,1,◎,,○,○,○,○
48200,じゅしん,受信,名・ス自他,K,2,,,,,,○
48210,じゅせい,受精・授精,名・ス自,K,3,,,○,,,
48220,しゅたい,主体,名,K,3,,,○,,,
48230,しゅだい,主題,名,K,3,○,,,,,
48240,しゅだん,手段,名,K,2,◎,,○,○,,○
48250,しゅちょう,主張,名・ス他,K,2,◎,,○,○,,○
48260,しゅつえん,出演,名・ス自,K,2,○,,,,,
48270,しゅっきん,出勤,名・ス自,K,2,○,,,,,
48280,しゅっけつ,出血,名・ス自,K,2,○,,,,,
48290,じゅつご,述語,名,K,3,○,,,○,,○
48300,じゅつご,術語,名,K,3,○,,,,,
48310,しゅっさん,出産,名・ス自他,K,2,○,,,,,
48320,しゅっしゅっ,,副,W,1,,,,,○,
48330,しゅっしょう,出生,名・ス自,K,3,○,,,,,
48340,しゅつじょう,出場,名・ス自,K,2,○,,,,,○
48350,しゅっしん,出身,名,K,3,○,,,,,
48360,しゅっせ,出世,名・ス自,K,2,○,,,,,
48370,しゅっせき,出席,名・ス自,K,2,◎,,○,○,○,○
48380,しゅっちょう,出張,名・ス自,K,2,○,,○,,,○
48390,しゅっぱつ,出発,名・ス自,K,1,◎,,○,○,○,○
48400,しゅっぱん,出版,名・ス他,K,2,◎,,○,○,,○
48410,しゅっぱんしゃ,出版社,名,K,2,○,,,,,
48420,しゅっぴん,出品,名・ス自他,K,2,○,,,,,
48430,しゅと,首都,名,K,2,○,,,,,○
48440,しゅにん,主任,名,K,2,○,,,,,
48450,ジュネーブ,〔仏〕Geneve,名,G,,,,,○,,
48460,シュバイツァー,〔独〕Schweitzer,名,G,,,,,○,○,
48470,ジュバン,〔葡〕giba～o・juba～o,名,G,1,,,○,,,
48480,しゅび,守備,名・ス他,K,2,○,,,,,
48490,しゅふ,主婦,名,K,2,○,,○,,,○
48500,しゅふ,首府,名,K,2,,,○,,,○
48510,しゅみ,趣味,名,K,2,◎,,○,○,○,○
48520,じゅみょう,寿命,名,K,2,○,,○,,,
48530,しゅもく,種目,名,K,2,,,,○,○,
48540,しゅやく,主役,名,K,1,○,,○,,,
48550,しゅよう,主要,名,K,2,○,,○,,,
48560,じゅよう,需要,名,K,3,○,,○,○,,○
48570,じゅようしゃ,需要者,名,K,,,,○,,,
48580,しゅるい,種類,名,K,1,◎,,○,○,○,○
48590,じゅわき,受話器,名,K,2,○,,,,,
48600,じゅん,順,名,K,1,◎,,○,○,○,○
48610,じゅん,準,接頭,K,3,,,○,,,
48620,じゅん,純,接頭・形動,K,3,,,○,,,
48630,しゅんかん,瞬間,名,K,2,○,,○,○,○,
48640,じゅんかん,循環,名・ス自,K,2,○,,○,,,
48650,じゅんきゅう,準急,名,K,2,○,,,,,
48660,じゅんこ,〔固〕,名,H,,,,,,○,
48670,じゅんさ,巡査,名,K,1,◎,,○,○,○,○
48680,じゅんじゅん,順順,名,K,1,○,,,,○,
48690,じゅんじょ,順序,名,K,1,◎,,○,○,○,○
48700,じゅんじょう,純情,名,K,3,○,,,,,
48710,じゅんすい,純粋,名・形動,K,3,○,,○,,,
48720,じゅんちょう,順調,名・形動,K,2,○,,,,,
48730,じゅんに,順に,副,H,2,,,○,,,○
48740,じゅんばん,順番,名,K,1,○,,○,○,○,○
48750,じゅんび,準備,名・ス他,K,1,◎,,○,○,○,○
48760,じゅんびうんどう,準備運動,名,K,,,,,○,○,
48770,しゅんぶん,春分,名,K,2,,,,,,○
48780,しょ,諸,名,K,2,,,○,,,
48790,しょ,所,名・接尾,K,2,,,○,,,○
48800,しょ,書,名,K,,,,○,,,
48810,じょ,女,接頭・接尾,K,2,○,,,,,
48820,じょいやさじょいやさ,,副,W,,,,,,○,
48830,しょう,〈背負う〉,五他,W,1,,,,,○,
48840,しょう,小,名,K,1,○,,○,,○,
48850,しょう,升,名,K,1,,,,,○,
48860,しょう,省,名,K,2,○,,,○,,
48870,しょう,章,名,K,2,○,,○,,,
48880,しょう,賞,名,K,2,○,,,,,○
48890,しよう,仕様,名,H,1,,,○,,,
48900,しよう,使用,名・ス他,K,2,◎,,○,○,○,○
48910,しよう,私用,名,K,3,○,,,,,
48920,じょう,畳,接尾,K,2,○,,○,,,
48930,じょう,城,名,K,2,○,,,,,
48940,じょう,場,名,K,2,○,,○,○,○,
48950,じょう,上,名・接尾,K,2,◎,○,○,○,,○
48960,じょう,錠,名・接尾,K,2,,,○,,,
48970,じょう,状,名,K,3,,,○,,,
48980,じょう,情,名,K,3,○,,,,,
48990,じょう,条,名・接尾,K,3,,,○,,,
49000,しょうう,少雨,名,K,,,,○,,,
49010,じょうえん,上演,名・ス他,K,3,○,,,,,
49020,しょうか,唱歌,名,K,1,,,,,○,
49030,しょうか,消化,名・ス自他,K,2,○,,○,○,○,○
49040,しょうが,生×薑・生×姜,名,K,2,,,,○,○,
49050,しょうかい,紹介,名・ス他,K,1,◎,,○,○,○,○
49060,しょうがい,生涯,名,K,2,○,,,,,
49070,しょうがい,障害・障×碍・障×礙,名,K,3,○,,○,,,○
49080,しょうかき,消火器,名,K,,,,,○,○,
49090,しょうがくきん,奨学金,名,K,3,○,,○,,,○
49100,しょうがくせい,小学生,名,K,1,○,,○,,○,
49110,しょうがつ,正月,名,K,1,◎,○,○,○,○,○
49120,しょうがつかいもん,,名,H,,,,,,○,
49130,しょうがっこう,小学校,名,K,1,◎,○,○,○,○,○
49140,しょうぎ,将棋,名,K,2,○,,○,,,○
49150,じょうき,蒸気,名,K,1,,,○,,,○
49160,じょうぎ,定規,名,K,1,,,,,○,○
49170,しょうぎだおし,将棋倒し,名,H,,,,,○,○,
49180,じょうきゃく,乗客,名,K,2,○,,,,,
49190,じょうきゅう,上級,名,K,1,○,,,○,,
49200,しょうぎょう,商業,名,K,2,◎,,○,○,,○
49210,じょうきょう,上京,名・ス自,K,2,○,,,,,
49220,じょうきょう,情況・状況,名,K,3,○,,,,,
49230,しょうきょく,消極,名,K,3,,,,○,,
49240,しょうきょくてき,消極的,形動,K,3,○,,○,,,○
49250,じょうくう,上空,名,K,2,○,,,,,
49260,しょうぐん,将軍,名,K,2,,,○,,,
49270,じょうげ,上下,名・ス自,K,2,○,,○,,,
49280,じょうけん,条件,名,K,2,◎,,○,○,,○
49290,しょうこ,証拠,名,K,2,○,,○,○,○,○
49300,しょうご,正午,名,K,2,○,,○,○,,
49310,しょうこうぐち,昇降口,名,H,,,,,○,○,
49320,しょうさい,詳細,名・形動,K,3,○,,,,,
49330,しょうさん,硝酸,名,K,3,,,○,,,
49340,しょうじ,障子,名,K,1,○,,○,○,○,○
49350,しょうじき,正直,名・形動,K,1,◎,,○,○,○,○
49360,じょうしき,常識,名,K,2,◎,,○,○,○,○
49370,しょうしゃ,商社,名,K,3,○,,○,,,
49380,じょうしゃ,乗車,名・ス自,K,2,◎,,○,○,○,○
49390,じょうしゃけん,乗車券,名,K,2,○,,,,,
49400,じょうじゅん,上旬,名,K,2,○,,○,,,○
49410,しょうじょ,少女,名,K,1,◎,,○,○,○,○
49420,しょうしょう,少少,名,K,2,○,,○,,,○
49430,しょうじょう,症状,名,K,3,○,,,,,
49440,じょうしょう,上昇,名・ス自,K,3,○,,○,,,
49450,しょうじる,生じる,上一自他,H,2,○,,○,,,○
49460,じょうず,《上手》,名・形動,K,1,◎,○,○,○,○,○
49470,しょうすう,小数,名,K,2,,,,,,○
49480,しょうすう,少数,名,K,2,○,,○,,,
49490,じょうせい,情勢・状勢,名,K,3,○,,,,,
49500,しょうせつ,小説,名,K,2,◎,,○,○,○,○
49510,しょうせつ,小節,名,K,,,,,○,○,
49520,しょうたい,正体,名,K,2,,,,○,○,
49530,しょうたい,招待,名・ス他,K,2,◎,,○,○,○,○
49540,じょうたい,状態,名,K,2,◎,,○,○,,○
49550,しょうだく,承諾,名・ス他,K,3,○,,,,,
49560,じょうだん,冗談,名,K,1,○,,○,○,○,○
49570,しょうち,承知,名・ス他,K,1,◎,,○,○,○,○
49580,じょうちょ,情緒,名,K,3,○,,,,,
49590,しょうちょう,小腸,名,K,2,,,○,,,
49600,しょうちょう,象徴,名・ス他,K,3,○,,○,,,○
49610,しょうてん,商店,名,K,2,○,,○,,,○
49620,しょうてん,焦点,名,K,3,○,,○,,,○
49630,しょうてんがい,商店街,名,K,,,,,○,○,
49640,しょうてんきょり,焦点距離,名,K,,,,○,,,
49650,じょうとう,上等,名,K,1,○,,○,○,○,○
49660,しょうどく,消毒,名・ス他,K,1,○,,○,○,○,○
49670,しょうとつ,衝突,名・ス自,K,1,○,,○,○,○,○
49680,しょうにん,商人,名,K,1,○,,○,,,○
49690,しょうにん,承認,名・ス他,K,3,○,,,,,
49700,しようにん,使用人,名,K,2,○,,,,,
49710,じょうねつ,情熱,名,K,3,○,,,,,
49720,しょうねん,少年,名,K,1,◎,,○,○,○,○
49730,しょうはい,勝敗,名,K,2,○,,,,,
49740,しょうばい,商売,名・ス他,K,1,◎,,○,○,○,○
49750,じょうはつ,蒸発,名・ス自,K,2,○,,○,,,○
49760,しょうひ,消費,名・ス他,K,2,○,,○,○,,○
49770,しょうひせいかつ,消費生活,名,K,,,,○,,,
49780,しょうひん,商品,名,K,2,◎,,○,○,,○
49790,しょうひん,賞品,名,K,2,○,,,,,
49800,じょうひん,上品,形動,K,2,◎,,○,○,○,○
49810,しょうぶ,勝負,名・ス自,K,1,○,,○,○,○,○
49820,じょうぶ,丈夫,形動,K,1,◎,,○,○,○,○
49830,しょうべん,小便,名・ス自,K,1,○,,,○,○,
49840,しょうぼう,消防,名,K,1,○,,○,,○,○
49850,じょうほう,情報,名,K,3,○,,,,,○
49860,しょうぼうし,消防士,名,K,,,,,,○,
49870,しょうぼうじどうしゃ,消防自動車,名,K,1,,,,○,○,
49880,しょうぼうしょ,消防署,名,K,1,,,,○,○,
49890,しょうめい,証明,名・ス他,K,2,◎,,○,○,,○
49900,しょうめい,照明,名・ス他,K,3,○,,,,,
49910,しょうめつ,消滅,名・ス自他,K,3,,,○,,,
49920,しょうめん,正面,名,K,1,○,,○,○,○,○
49930,しょうもう,消耗,名・ス自他,K,3,○,,○,,,○
49940,じょうやく,条約,名,K,2,○,,,○,,
49950,しょうゆ,×醤油,名,K,1,◎,,○,○,○,○
49960,じょうようしゃ,乗用車,名,K,,,,,,○,
49970,しょうらい,将来,名・ス他,K,2,◎,,○,○,,○
49980,しょうらい,招来,名・ス他,K,3,,,,,○,
49990,しょうり,勝利・×捷利,名,K,2,○,,,,,
50000,じょうりく,上陸,名・ス自,K,2,○,,,,,
50010,しょうりゃく,省略,名・ス他,K,3,○,,○,,,○
50020,じょうりゅう,上流,名,K,2,,,,○,○,
50030,じょうりゅう,蒸留,名・ス他,K,3,,,○,,,
50040,しょうりょう,小量,名,K,2,○,,,,,
50050,しょうりょう,少量,名,K,2,○,,○,,,○
50060,しょうれい,奨励,名・ス他,K,3,○,,○,,,
50070,じょうろ,如雨露,名,G,2,,,,○,○,
50080,しょうわ,昭和,名,K,2,◎,,○,○,,○
50090,じょおう,女王,名,K,1,○,,○,,○,
50100,ショーウインドー,show window,名,G,2,,,,○,○,
50110,じょおうさま,女王様,名,H,,,,,○,,
50120,ジョージ,〔猿名〕,名,G,,,,,,○,
50130,じょがい,除外,名・ス他,K,2,○,,,,,
50140,しょき,書記,名,K,2,,,,○,○,
50150,しょきゅう,初級,名,K,3,○,,,○,,
50160,じょきょ,除去,名・ス他,K,3,,,○,,,
50170,じょきょうじゅ,助教授,名,K,2,○,,,,,
50180,しょく,色,名,K,2,○,,○,,,
50190,しょく,職,名,K,2,,,○,,,
50200,しょくいん,職員,名,K,2,○,,○,,,○
50210,しょくいんしつ,職員室,名,K,,,,,○,○,
50220,しょくえん,食塩,名,K,2,,,○,,,○
50230,しょくぎょう,職業,名,K,2,◎,,○,○,○,○
50240,しょくぎょうしゅうだん,職業集団,名,K,,,,○,,,
50250,しょくじ,食事,名・ス自,K,1,◎,○,○,○,○,○
50260,しょくたく,食卓,名,K,1,○,,,,,
50270,しょくどう,食堂,名,K,1,◎,,○,○,○,○
50280,しょくにん,職人,名,K,2,○,,,,,
50290,しょくば,職場,名,H,2,○,,○,,,○
50300,しょくばい,触媒,名,K,3,,,○,,,
50310,しょくひ,食費,名,K,2,○,,,,,
50320,しょくひん,食品,名,K,2,○,,,,,
50330,しょくぶつ,植物,名,K,1,◎,,○,○,○,○
50340,しょくぶつえん,植物園,名,K,2,○,,○,○,○,
50350,しょくぶつたい,植物体,名,K,,,,○,,,
50360,しょくもつ,食物,名,K,2,○,,○,○,○,○
50370,しょくもつれんさ,食物連鎖,名,K,,,,○,,,
50380,しょくよく,食欲・食×慾,名,K,2,○,,○,○,○,○
50390,しょくりょう,食料,名,K,2,○,,○,○,○,○
50400,しょくりょう,食糧,名,K,2,,,○,,,
50410,しょくりょうひん,食料品,名,K,,,,○,,,
50420,しょげる,×悄気る,下一自,W,1,,,○,○,○,
50430,じょこう,徐行,名・ス自,K,3,○,,,,,
50440,しょこく,諸国,名,K,2,○,,,,,
50450,しょさい,書斎,名,K,3,○,,,,,
50460,じょし,女子,名,K,1,○,,○,○,○,○
50470,じょし,助詞,名,K,3,○,,,○,,
50480,じょしゅ,助手,名,K,2,○,,,,,
50490,じょせい,女性,名,K,2,◎,,○,○,○,○
50500,じょせいてき,女性的,形動,K,2,○,,,,,
50510,じょせつしゃ,除雪車,名,K,,,,,○,○,
50520,しょぞく,所属,名・ス自,K,3,○,,,,,
50530,しょち,処置,名・ス他,K,3,○,,○,,,○
50540,じょちゅう,女中,名,K,2,,,○,,,○
50550,しょちょうさん,所長さん,名,H,,,,,,○,
50560,しょっき,食器,名,K,1,○,,,○,○,
50570,ショック,shock,名,G,3,○,,,○,○,
50580,しょっちゅう,,副,W,2,○,,,○,○,
50590,しょっぱい,,形,W,,,,,○,○,
50600,じょどうし,助動詞,名,K,3,○,,,○,,
50610,しょとく,所得,名,K,3,○,,○,,,○
50620,しょばつ,処罰,名・ス他,K,3,○,,,,,
50630,しょぶん,処分,名・ス他,K,2,○,,○,,,○
50640,しょほ,初歩,名,K,3,○,,,,,
50650,しょみん,庶民,名,K,3,○,,,,,
50660,しょむ,庶務,名,K,3,,,○,,,
50670,しょめい,署名,名・ス自,K,3,○,,○,,,○
50680,しょもつ,書物,名,K,2,○,,,,,
50690,しょゆう,所有,名・ス他,K,2,○,,○,,,○
50700,じょゆう,女優,名,K,2,○,,○,,,
50710,しょり,処理,名・ス他,K,3,○,,○,,,○
50720,しょるい,書類,名,K,2,○,,○,,,○
50730,じょろ,,名,K,,,,,○,○,
50740,ジョン,〔犬名〕,名,G,,,,,,○,
50750,しょんぼり,,副・ス自,W,1,,,○,○,○,
50760,しらが,《白髪》,名,W,1,,,,○,○,
50770,じらす,△焦らす,五他,W,2,,,,○,○,
50780,しらずしらず,知らず知らず・〈不知不識〉,連語,W,1,,,○,,,
50790,しらせ,知らせ・△報せ,名,W,1,○,,,○,○,○
50800,しらせる,知らせる・△報せる,下一他,W,1,◎,,○,○,○,○
50810,しらばくれる,,下一自,W,2,,,,○,○,
50820,しらべ,調べ,名,W,1,○,,,,○,
50830,しらべる,調べる,下一他,W,1,◎,,○,○,○,○
50840,しらんかお,知らん顔,名,W,,,,,○,○,
50850,しらんぷり,知らんぷり,名,W,,,,,○,○,
50860,しり,×尻・×臀・△後,名,W,1,○,,○,○,○,○
50870,しりあい,知り合い,名,W,1,◎,,○,○,○,○
50880,シリーズ,series,名,G,2,○,,,,,
50890,しりたがりや,知りたがり屋,名,W,,,,,,○,
50900,しりつ,市立,名,K,2,,,○,,,○
50910,しりつ,私立,名,K,2,○,,○,,,○
50920,しりとり,×尻取り,名,W,1,,,,○,○,
50930,しりもち,×尻×餅,名,W,1,,,,○,○,
50940,しりゅう,支流,名,K,2,,,,○,○,
50950,しりょう,資料,名,K,3,○,,○,,,○
50960,しりょう,飼料,名,K,3,,,○,,,
50970,じりょく,磁力,名,K,3,,,,,,○
50980,しる,知る,五他,W,1,◎,○,○,○,○,○
50990,しる,汁,名,W,1,○,,○,○,○,○
51000,しるし,印・△標・△徴・△験,名,W,1,◎,,○,○,○,○
51010,しるす,記す・△印す・△標す,五他,W,2,○,,○,,,○
51020,シルバーシート,silver seat,名,G,,,,,○,○,
51030,じれったい,△焦れったい,形,W,2,,,,○,○,
51040,しれない,,連語,W,,,,○,,,
51050,しれません,,連語,W,,,,○,,,
51060,しれる,知れる,下一自,W,1,○,,,,○,○
51070,しろ,白,名,W,1,◎,○,○,○,○,○
51080,しろ,城,名,W,1,○,,○,○,○,○
51090,しろい,白い,形,W,1,◎,○,○,○,○,○
51100,しろうさぎ,白×兎,名,W,2,,,,,○,
51110,しろうと,《素人》,名,W,2,○,,○,,,○
51120,しろうま,白馬,名,W,,,,,,○,
51130,しろぎつね,白×狐,名,W,,,,,,○,
51140,しろぐみ,白組,名,W,1,,,,○,○,
51150,じろじろ,,副,W,1,,,,○,○,
51160,しろつめくさ,白つめ草,名,W,,,,,,○,
51170,じろり,,副,W,1,,,,,○,
51180,しわ,×皺・×皴,名,W,1,○,,○,○,○,○
51190,しわがれごえ,×嗄れ声,名,W,,,,,,○,
51200,しわざ,仕業,名,W,2,,,○,○,○,
51210,しん,心・芯,名,K,1,◎,,○,○,○,○
51220,しん,新,名,K,1,○,,○,,○,
51230,しん,真,名,K,2,,,○,,,
51240,しん,心,接尾,K,,,,,○,,
51250,しん,深,名,K,,,,,,○,
51260,じん,人,名,K,1,◎,,○,○,○,○
51270,しんがく,進学,名・ス自,K,3,○,,,,,
51280,じんかく,人格,名,K,2,○,,○,,,
51290,しんがっき,新学期,名,K,2,○,,,,,
51300,シンガポール,Singapore,名,G,,,,,○,,
51310,しんかんせん,新幹線,名,K,2,○,,○,○,○,○
51320,しんきゅう,進級,名・ス自,K,2,,,,○,○,
51330,しんくう,真空,名,K,2,,,○,,,○
51340,しんけい,神経,名,K,2,◎,,○,○,,○
51350,しんげき,新劇,名,K,3,,,,,,○
51360,しんけん,真剣,名・形動,K,2,○,,○,○,○,○
51370,じんけん,人権,名,K,3,,,○,,,
51380,しんこう,進行,名・ス自他,K,1,○,,○,,,
51390,しんこう,信仰,名・ス他,K,2,◎,,○,○,,○
51400,しんごう,信号,名,K,2,◎,,○,○,○,○
51410,じんこう,人口,名,K,2,◎,,○,○,○,○
51420,じんこう,人工,名,K,2,○,,,○,,
51430,じんこうえいせい,人工衛星,名,K,,,,,○,○,
51440,しんごうき,信号機,名,K,,,,,○,○,
51450,じんこうこきゅう,人工呼吸,名,K,,,,,○,○,
51460,じんこうみつど,人口密度,名,K,,,,○,,,
51470,しんこきゅう,深呼吸,名,K,1,,,,○,○,
51480,しんこく,深刻,形動,K,3,○,,,,,
51490,しんこん,新婚,名,K,3,○,,,,,
51500,しんさつ,診察,名・ス他,K,2,○,,○,○,○,○
51510,しんし,紳士,名,K,2,○,,,,,
51520,じんじ,人事,名,K,3,○,,,,,
51530,しんしつ,寝室,名,K,3,○,,○,○,○,○
51540,しんじつ,真実,名,K,2,○,,○,,,○
51550,じんじゃ,神社,名,K,2,◎,,○,○,○,○
51560,しんじゅ,真珠,名,K,2,,,○,○,○,○
51570,じんしゅ,人種,名,K,2,○,,,,,
51580,しんじゅう,心中,名,K,3,○,,,,,
51590,しんしゅつ,進出,名・ス自,K,2,○,,,,,
51600,しんしょく,浸食・浸×蝕,名・ス他,K,,,,○,,,
51610,しんじる,信じる,上一他,H,2,◎,,○,○,○,○
51620,しんじん,新人,名,K,2,○,,,,,
51630,じんしん,人身,名,K,3,,,○,,,
51640,しんすい,親水,名,K,,,,○,,,
51650,しんせい,神聖,名,K,3,,,○,,,
51660,しんせい,申請,名・ス他,K,3,○,,○,,,○
51670,じんせい,人生,名,K,3,◎,,○,○,○,○
51680,しんせき,親×戚,名,K,2,◎,,○,○,○,
51690,しんせつ,親切・深切,名・形動,K,1,◎,○,○,○,○,○
51700,しんせつ,新雪,名,K,,,,,○,○,
51710,しんせん,新鮮,名,K,2,○,,○,○,○,
51720,しんぜん,親善,名,K,2,○,,○,,,○
51730,しんそう,真相,名,K,3,○,,,,,
51740,しんぞう,心臓,名,K,1,◎,,○,○,○,○
51750,しんたい,身体,名,K,2,○,,○,,,○
51760,しんだい,寝台,名,K,2,○,,○,,,○
51770,じんたい,人体,名,K,2,○,,,,,
51780,しんたいけんさ,身体検査,名,K,,,,,○,○,
51790,しんたいそくてい,身体測定,名,K,,,,,○,○,
51800,しんだん,診断,名・ス他,K,3,○,,○,,,○
51810,しんちく,新築,名・ス他,K,2,○,,,,,
51820,しんちゅう,真×鍮,名,K,2,,,○,,,○
51830,しんちょう,身長,名,K,2,◎,,○,○,○,○
51840,しんちょう,慎重,名・形動,K,3,○,,○,,,○
51850,しんと,,副・ス自,W,,,,,,○,
51860,しんど,進度,名,K,3,,,○,,,○
51870,しんとう,神道,名,K,3,○,,○,○,,○
51880,しんどう,振動,名・ス自他,K,2,○,,○,,○,○
51890,しんどう,震動,名,K,,,,○,○,,
51900,しんどうすう,振動数,名,K,,,,○,,,
51910,しんにゅう,侵入,名・ス自,K,3,,,,,,○
51920,しんにゅう,浸入,名・ス自,K,,,,○,,,
51930,しんにゅうせい,新入生,名,K,,,,,○,○,
51940,しんねん,新年,名,K,1,◎,,○,○,○,○
51950,しんねん,信念,名,K,2,,,○,,,
51960,しんぱい,心配,名・ス自他,K,1,◎,,○,○,○,○
51970,しんぱん,審判,名・ス他,K,2,,,○,,,
51980,しんぴ,神秘,名,K,3,○,,,,,
51990,しんぷく,振幅,名,K,,,,○,,,
52000,しんぷさん,神父さん,名,H,,,,,○,○,
52010,じんぶつ,人物,名,K,2,○,,○,,,
52020,しんぶん,新聞,名,K,1,◎,○,○,○,○,○
52030,じんぶんかがく,人文科学,名,K,3,○,,,,,
52040,しんぶんきしゃ,新聞記者,名,K,,,,○,,,
52050,しんぶんしゃ,新聞社,名,K,2,○,,,,,
52060,しんぽ,進歩,名・ス自,K,2,◎,,○,○,○,○
52070,しんぼう,心棒,名,K,1,,,○,,,○
52080,しんぼう,辛抱,名・ス自,K,1,○,,○,○,○,○
52090,しんぽてき,進歩的,形動,K,3,,,○,,,
52100,じんみん,人民,名,K,2,○,,,,,
52110,しんゆう,親友,名,K,2,○,,,○,○,
52120,しんよう,信用,名・ス他,K,2,◎,,○,○,○,○
52130,しんらい,信頼,名・ス他,K,2,○,,○,○,○,○
52140,しんり,真理,名,K,2,○,,○,,,○
52150,しんり,心理,名,K,3,○,,○,,,○
52160,しんりがく,心理学,名,K,,,,○,,,
52170,しんりゃく,侵略・侵×掠,名・ス他,K,3,○,,,,,
52180,しんりょう,診療,名・ス他,K,3,,,○,,,
52190,しんりょうじょ,診療所,名,K,,,,,○,○,
52200,しんりん,森林,名,K,2,○,,○,,,
52210,しんるい,親類,名,K,1,○,,○,○,○,○
52220,じんるい,人類,名,K,2,○,,○,,,
52230,す,巣,名,W,1,○,,○,○,○,○
52240,す,酢・×醋,名,W,1,○,,○,○,○,○
52250,ず,図,名,K,1,◎,,○,○,○,○
52260,すあな,巣穴,名,W,,,,,,○,
52270,すい,酸い,形,W,1,,,○,,○,○
52280,すい,水,名,K,1,,○,○,,,
52290,すいえい,水泳,名・ス自,K,2,◎,,○,○,○,○
52300,すいえいパンツ,水泳パンツ,名,H,,,,,○,○,
52310,すいか,△西×瓜,名,K,1,○,,○,○,○,○
52320,すいがら,吸殼,名,W,1,,,○,,,
52330,すいかわり,△西×瓜割り,名,H,,,,,○,○,
52340,すいぎん,水銀,名,K,2,,,○,,,○
52350,すいこむ,吸い込む,五他,W,1,,,,○,○,
52360,すいさん,水産,名,K,2,○,,○,,,
52370,すいさんか,水酸化,名,K,,,,○,,,
52380,すいさんぶつ,水産物,名,K,,,,○,,,○
52390,すいじ,炊事,名・ス自,K,2,○,,,○,○,
52400,すいしゃ,水車,名,K,1,,,,○,○,
52410,すいじゅん,水準,名,K,3,○,,,,,○
52420,すいじょうき,水蒸気,名,K,2,,,○,○,○,
52430,すいしん,推進,名・ス他,K,3,○,,,,,
52440,スイス,Suisse,名,G,,,,,○,,
52450,すいすい,,副,W,1,,,○,○,○,
52460,すいせい,×彗星,名,K,3,,,,○,○,
52470,すいせん,推薦,名・ス他,K,3,◎,,○,○,,○
52480,すいそ,水素,名,K,2,○,,○,,,○
52490,すいそう,水槽,名,K,1,,,,○,○,
52500,すいそく,推測,名・ス他,K,3,○,,,,,
52510,すいぞくかん,水族館,名,K,2,,,,○,○,
52520,すいそぶんし,水素分子,名,K,,,,○,,,
52530,すいちゅう,水中,名,K,2,,,○,○,○,
52540,すいちょく,垂直,名・形動,K,2,○,,○,,,
52550,すいつく,吸い付く,五自,W,1,,,,○,○,
52560,スイッチ,switch,名・ス他,G,1,○,,○,○,○,○
52570,すいでん,水田,名,K,2,○,,,,,
52580,すいとう,水筒,名,K,1,,,,○,○,
52590,すいどう,水道,名,K,1,◎,,○,○,○,○
52600,すいとる,吸い取る,五他,W,1,,,○,,,
52610,すいばく,水爆,名,K,2,○,,,,,
52620,すいはんき,炊飯器,名,K,,,,,○,○,
52630,ずいひつ,随筆,名,K,3,○,,,,,
52640,すいぶん,水分,名,K,2,○,,○,,,
52650,ずいぶん,随分,副,K,1,◎,,○,○,○,○
52660,すいへい,水平,名・形動,K,1,○,,○,,,○
52670,すいへい,水兵,名,K,3,,,,,○,
52680,すいへいせん,水平線,名,K,2,,,,○,○,
52690,スイミー,〔魚名〕,名,G,,,,,,○,
52700,すいみん,睡眠,名・ス自,K,2,○,,○,○,○,○
52710,すいめん,水面,名,K,2,○,,○,,,
52720,すいよう,水曜,名,K,1,◎,○,○,○,○,
52730,すいようえき,水溶液,名,K,,,,○,,,
52740,すいようび,水曜日,名,H,,,,○,,,○
52750,すいり,水利,名,K,2,,,○,,,
52760,すいり,推理,名・ス他,K,3,○,,,,,
52770,すいりょう,推量,名・ス他,K,3,,,○,,,○
52780,すいりょく,水力,名,K,2,,,○,,,○
52790,すう,吸う,五他,W,1,◎,,○,○,○,○
52800,すう,数,名,K,2,◎,,○,○,,○
52810,すうがく,数学,名,K,2,○,,○,○,,○
52820,すうし,数詞,名,K,3,○,,,,,
52830,すうじ,数字,名,K,1,◎,,○,○,○,
52840,ずうずうしい,△図△図しい,形,W,2,○,,○,○,○,○
52850,スーツ,suit,名,G,3,○,,,,,○
52860,すうっと,,副,W,1,,,,,○,
52870,スーパー,←supermarket,名,G,2,○,,,○,○,
52880,スーパーマーケット,supermarket,名,G,2,,,,○,○,
52890,スーパーマン,superman,名,G,1,,,,,○,
52900,すうはい,崇拝,名・ス他,K,3,○,,,,,
52910,スープ,soup,名,G,2,○,,○,○,○,
52920,スーホ,〔人名〕,名,G,,,,,,○,
52930,すえ,末,名,W,1,○,,○,,○,○
52940,すえこ,末子,名,W,2,○,,,,○,
52950,すえる,据える,下一他,W,2,○,,○,,,
52960,ずが,図画,名,K,1,,,,,○,
52970,スカート,skirt,名,G,1,◎,○,○,○,○,○
52980,スカーフ,scarf,名,G,,,,○,,,○
52990,すかし,透かし,名,W,1,,,,,○,
53000,すかす,△空かす,五他,W,1,,,,,○,
53010,すかす,透かす,五他,W,1,,,,,○,
53020,すがすがしい,△清△清しい,形,W,2,○,,,○,○,
53030,すがた,姿,名,W,1,◎,,○,○,○,○
53040,すがる,×縋る,五自,W,2,,,,○,○,
53050,ずかん,図鑑,名,K,2,,,,○,○,
53060,すき,×鋤,名,W,1,,,○,,,
53070,すき,好き,名,W,1,◎,○,○,○,○,○
53080,すき,透き・×隙,名,W,1,○,,,○,○,
53090,すぎ,杉,名,W,1,○,,,○,○,
53100,すぎ,過ぎ,接尾,W,2,◎,,○,○,,○
53110,スキー,ski,名,G,1,○,,○,○,○,○
53120,スキーじょう,スキー場,名,H,,,,,○,○,
53130,すききらい,好き嫌い,名,W,1,,,,○,○,
53140,すきずき,好き好き,名,W,2,,,○,,,
53150,スキップ,skip,名・ス自,G,2,,,,○,○,
53160,すきとおる,透き通る,五自,W,1,○,,,○,○,
53170,すぎのきやま,杉の木山,名,W,,,,,,○,
53180,すきま,透き間・△空き間・×隙間,名,W,1,○,,○,○,○,○
53190,すきまかぜ,透き間風,名,W,,,,,○,○,
53200,すきやき,すき焼き,名,W,2,○,,○,,,○
53210,すぎる,過ぎる,上一自,W,1,◎,,○,○,○,○
53220,ずきん,頭×巾,名,K,1,,,,,○,
53230,すく,△空く,五自,W,1,◎,,○,○,○,○
53240,すく,透く,五自,W,1,,,○,,○,○
53250,すく,好く,五他,W,1,,,○,,○,○
53260,すく,×梳く,五他,W,2,,,,,○,
53270,すぐ,△直ぐ,副,W,1,◎,○,○,○,○,○
53280,すくい,×掬い,名,W,1,,,,,○,
53290,すくい,救い,名,W,1,○,,,,○,
53300,すくう,×掬う,五他,W,1,○,,○,○,○,
53310,すくう,救う,五他,W,1,○,,○,○,○,○
53320,スクールバス,school bus,名,G,,,,,○,○,
53330,すくすく,,副,W,1,,,,○,○,
53340,すくない,少ない,形,W,1,◎,,○,○,○,○
53350,すくなくとも,少なくとも,副,W,2,○,,○,○,○,○
53360,ずくめ,,接尾,W,2,,,○,,,
53370,スクリーン,screen,名,G,2,,,,○,○,
53380,スクリュー,screw,名,G,3,,,,○,○,
53390,すぐれた,,連語,W,,,,○,,,
53400,すぐれる,優れる・△勝れる,下一自,W,1,○,,○,○,○,○
53410,ずくんずくん,,副,W,,,,,,○,
53420,すげ,菅,名,W,,,,,,○,
53430,ずけい,図形,名,K,2,,,,○,○,
53440,スケート,skate,名,G,1,○,,○,○,○,○
53450,すげがさ,×菅×笠,名,W,3,,,,,○,
53460,スケジュール,〔米〕schedule,名,G,3,○,,○,,,○
53470,ずけずけ,,副,W,2,,,,○,○,
53480,スケッチ,sketch,名・ス他,G,2,,,,○,○,
53490,スケッチブック,sketchbook,名,G,,,,,○,○,
53500,すごい,×凄い,形,W,1,○,,○,○,○,○
53510,ずこう,図工,名,K,,,,,○,○,
53520,ずこうしつ,図工室,名,K,,,,,○,○,
53530,すこし,少し,副,W,1,◎,○,○,○,○,○
53540,すこしずつ,少しずつ,連語,W,,,,○,,○,
53550,すこしも,少しも,副,W,1,○,,,○,○,
53560,すごす,過ごす,五他,W,1,◎,,○,○,○,○
53570,すごすご,,副,W,1,,,○,○,○,
53580,スコップ,〔蘭〕schop,名,G,2,,,,○,○,○
53590,すごろく,△双六,名,K,1,,,,○,○,
53600,すさまじい,×凄まじい,形,W,2,,,,,,○
53610,すし,×寿司・×鮨・×鮓,名,W,1,○,,○,○,○,○
53620,すじ,筋,名・接尾,W,1,◎,,○,○,○,○
53630,すす,×煤,名,W,1,,,○,,○,○
53640,すず,鈴,名,W,1,○,,○,○,○,○
53650,すず,×錫,名,W,2,,,○,,,○
53660,すすき,△薄・×芒,名,W,1,,,,○,○,
53670,すずき,鈴木,名,W,,,,,○,,
53680,すずきとしちか,〔固〕,名,W,,,,,,○,
53690,すすぐ,△濯ぐ・△雪ぐ・×漱ぐ,五他,W,2,,,,○,○,
53700,すすける,×煤ける,下一自,W,1,,,,,○,
53710,すずしい,涼しい,形,W,1,◎,○,○,○,○,○
53720,すすみ,進み,名,W,1,,,,,○,
53730,すずみ,涼み,名,W,1,,,,,○,
53740,すすみでる,進み出る,下一自,W,1,,,,,○,
53750,すすむ,進む,五自,W,1,◎,,○,○,○,○
53760,すずむ,涼む,五自,W,1,○,,,○,○,
53770,すずむし,鈴虫,名,W,1,,,,○,○,
53780,すすめ,勧め・△奨め,名,W,1,,,,,○,
53790,すずめ,×雀,名,W,1,○,,○,○,○,○
53800,すすめる,進める,下一他,W,1,◎,,○,○,○,○
53810,すすめる,勧める・薦める・△奨める,下一他,W,1,◎,,○,○,○,○
53820,すすりなく,×啜り泣く,五自,W,2,,,,○,○,
53830,すする,×啜る,五他,W,1,,,○,○,○,
53840,すそ,×裾,名,W,1,○,,○,○,○,
53850,スター,star,名,G,2,○,,,○,○,
53860,スタート,start,名・ス自,G,2,○,,○,○,○,
53870,スタイル,style,名,G,3,○,,,○,○,
53880,スタジオ,studio,名,G,3,,,,○,○,
53890,すたすた,,副,W,1,,,,○,○,
53900,すだれ,×簾,名,W,1,,,,○,○,
53910,スタンド,stand,名,G,2,,,,○,○,○
53920,スタンプ,stamp,名,G,2,,,,○,○,
53930,ずつ,×宛,接尾,W,1,◎,,○,○,○,○
53940,ずつう,頭痛,名,K,2,○,,○,,,
53950,すっかり,,副,W,1,◎,,○,○,○,○
53960,すっきり,,トス自,W,1,○,,,○,○,
53970,ズック,〔蘭〕doek,名,G,2,,,,○,○,
53980,すっくと,,副,W,1,,,,○,○,
53990,すっくり,,副,W,,,,,,○,
54000,ずっさんずっさん,,副,W,,,,,,○,
54010,すっと,,副,W,1,○,,○,,○,
54020,ずっと,,副,W,1,◎,,○,○,○,○
54030,すっとぶ,素っ飛ぶ,五自,W,,,,,,○,
54040,すっとんとん,,副,W,,,,,,○,
54050,すっぱい,酸っぱい,形,W,1,◎,,○,○,○,○
54060,すっぽかす,,五他,W,3,,,,○,○,
54070,すっぽり,,副,W,2,,,,,○,
54080,ステーキ,steak,名,G,,,,○,,,
54090,ステージ,stage,名,G,3,○,,,○,○,
54100,すてき,素的・素敵,形動,H,1,○,,○,○,○,
54110,ステッカー,sticker,名,G,,,,,○,○,
54120,ステッキ,stick,名,G,1,,,,○,○,
54130,ステップ,step,名,G,3,,,,○,○,
54140,すでに,既に・×已に,副,W,2,○,,○,,,
54150,すてる,捨てる・△棄てる,下一他,W,1,◎,,○,○,○,○
54160,ステレオ,stereo,名,G,2,○,,,○,○,
54170,ステンドグラス,stained glass,名,G,3,,,,○,○,
54180,スト,←strike,名,G,3,,,○,,,
54190,ストーブ,stove,名,G,1,○,,,○,○,
54200,ストップ,stop,名・ス自他,G,1,○,,,○,○,
54210,ストップウォッチ,stopwatch,名,G,3,,,,○,○,
54220,ストライキ,strike,名,G,3,○,,○,○,,
54230,ストレス,stress,名,G,,,,○,,,
54240,ストロー,straw,名,G,2,,,,○,○,
54250,すとん,,副,W,1,,,,,○,
54260,すな,砂・×沙,名,W,1,◎,,○,○,○,○
54270,すなあそび,砂遊び,名,W,1,,,,,○,
54280,すなお,素直,形動,W,1,○,,○,○,○,○
54290,すなどけい,砂《時計》,名,H,2,,,,○,○,
54300,すなば,砂場,名,W,1,,,,○,○,○
54310,すなはま,砂浜,名,W,1,,,,○,○,
54320,すなぼこり,砂×埃,名,W,1,,,,○,○,
54330,すなわち,△即ち・△則ち・×乃ち,接,W,2,◎,,○,○,,○
54340,すね,×臑・×脛,名,W,1,,,,○,○,
54350,すねる,×拗ねる,下一自,W,1,,,,○,○,
54360,すのこ,×簀の子,名,W,3,,,,○,○,
54370,スパイ,spy,名・ス他,G,2,,,,○,○,
54380,スパイク,spike,名,G,,,,,○,○,
54390,スパゲッティー,〔伊〕spaghetti,名,G,,,,,○,○,
54400,すばこ,巣箱,名,W,1,,,,○,○,
54410,すばしこい,,形,W,1,,,,○,○,
54420,すばしっこい,,形,W,,,,○,○,○,
54430,ずばぬける,ずば抜ける,下一自,W,2,,,,○,○,
54440,すばやい,素早い,形,W,1,○,,○,○,○,
54450,すばらしい,素晴らしい,形,W,1,◎,,○,○,○,○
54460,スピーカー,←loudspeaker,名,G,1,○,,○,○,○,○
54470,スピーチ,speech,名,G,3,○,,,,,
54480,スピード,speed,名,G,1,○,,○,○,○,
54490,スプーン,spoon,名,G,1,○,,○,○,○,
54500,ずぶぬれ,ずぶ×濡れ,名,W,1,,,,○,○,
54510,スペイン,Spain,名,G,2,○,,,○,,
54520,スペインご,スペイン語,名,H,2,○,,,○,○,
54530,すべて,△凡て・△総て・△全て,名・副,W,2,◎,,○,○,○,○
54540,すべり,滑り・×辷り,名,W,1,,,,,○,
54550,すべりおりる,滑り降りる,上一自,W,,,,,,○,
54560,すべりだい,滑り台,名,H,1,,,,○,○,○
54570,すべる,滑る・×辷る,五自,W,1,◎,,○,○,○,○
54580,スポーツ,sport,名,G,1,◎,,○,○,○,○
54590,スポットライト,spotlight,名,G,2,,,,○,○,
54600,ズボン,〔仏〕jupon,名,G,1,◎,○,○,○,○,○
54610,スポンジ,sponge,名,G,2,,,,○,○,
54620,スマート,smart,形動,G,3,○,,,○,○,
54630,すまい,住まい,名,W,1,◎,,○,○,○,○
54640,すまう,住まう,五自,W,1,,,,,○,
54650,すまし,澄まし・△清まし,名,W,1,,,,,○,
54660,すましがお,澄まし顔,名,W,,,,,○,○,
54670,すます,済ます,五他,W,1,○,,○,○,○,
54680,すます,澄ます・△清ます,五他,W,1,,,○,○,○,
54690,すませる,済ませる,下一他,W,2,○,,,,,
54700,すまない,済まない,形,W,1,○,,○,,,
54710,すみ,△角・隅,名,W,1,◎,,○,○,○,○
54720,すみ,炭,名,W,1,,,○,,○,○
54730,すみ,墨,名,W,1,○,,○,○,○,
54740,すみ,済み,名,W,1,,,,,○,
54750,ずみ,済み,接尾,W,,,,○,,,
54760,すみえ,墨絵,名,H,2,,,○,,,
54770,すみか,住△処,名,W,1,,,,○,○,
54780,すみつく,住み着く,五自,W,,,,,,○,
54790,すみっこ,隅っこ,名,W,1,,,,○,○,
54800,すみません,済みません,感,W,2,◎,,○,○,○,○
54810,すみれ,×菫,名,W,1,,,,,○,
54820,すむ,住む・×棲む,五自,W,1,◎,○,○,○,○,○
54830,すむ,済む,五自,W,1,◎,,○,○,○,○
54840,すむ,澄む・△清む,五自他,W,1,○,,,○,○,
54850,すもう,《相撲》・〈角力〉,名,W,1,○,,○,○,○,○
54860,スモールさん,,名,H,,,,,,○,
54870,スモック,,名,G,,,,,○,○,
54880,スモッグ,smog,名,G,3,,,,○,○,
54890,すやすや,,副,W,1,,,○,○,○,
54900,すら,,副助,W,2,,,○,,,○
54910,スライド,slide,名,G,2,○,,,○,○,
54920,ずらす,,五他,W,2,○,,○,○,○,
54930,すらすら,,副,W,1,○,,○,○,○,
54940,ずらり,,副,W,1,○,,,○,○,
54950,すり,〈×掏×摸〉・〈×掏児〉,名,W,2,○,,○,,,○
54960,スリッパ,slippers,名,G,1,○,,○,○,○,○
54970,スリップ,slip,名・ス自,G,1,,,,○,○,
54980,すりへる,△摩り減る・×摺り減る,五自,W,1,,,,,,○
54990,すりむく,擦り×剥く,五他,W,1,,,,○,○,
55000,スリル,thrill,名,G,3,,,,○,○,
55010,する,△為る,サ変自他,W,1,◎,○,○,○,○,○
55020,する,刷る,五他,W,1,○,,○,○,○,
55030,する,擦る,五他,W,1,○,,○,○,,
55040,する,×掏る,五他,W,2,,,○,,,
55050,する,×剃る,五他,W,3,,,○,,,
55060,ずる,,五自,W,2,,,,,○,
55070,ずるい,×狡い,形,W,1,◎,,○,○,○,○
55080,ずるける,,下一自他,W,1,,,,,○,
55090,するする,,副,W,1,,,○,,○,
55100,ずるずる,,副,W,1,○,,,○,○,
55110,すると,,接,W,1,◎,,○,○,○,○
55120,するどい,鋭い,形,W,1,◎,,○,○,○,○
55130,するめ,×鯣,名,W,1,,,,,,○
55140,するり,,副,W,1,,,,,○,
55150,すれすれ,擦れ擦れ,形動,W,1,,,,○,○,
55160,すれちがう,擦れ違う,五自,W,1,,,○,○,○,
55170,すれる,擦れる,下一自,W,1,,,,○,○,
55180,ずれる,,下一自,W,2,○,,○,○,○,○
55190,スローモーション,slow motion,名,G,,,,,○,○,
55200,すわり,座り・×坐り,名,W,1,,,,,○,
55210,すわりこむ,座り込む・×坐り込む,五自,W,1,,,,,○,
55220,すわる,座る・×坐る,五自,W,1,◎,○,○,○,○,○
55230,すわれ,,連語,W,,,,,○,○,
55240,ずんずん,,副,W,1,,,○,,,
55250,ずんと,,副,W,2,,,,,○,
55260,すんぽう,寸法,名,K,2,○,,○,,,○
55270,せ,背,名,W,1,○,,○,○,○,○
55280,ぜ,,終助,W,,,,○,,,
55290,せい,精,名,K,1,,,○,,○,
55300,せい,背,名,W,1,◎,,○,○,○,○
55310,せい,正,名,K,2,○,,,,,
55320,せい,姓,名,K,2,○,,,○,,
55330,せい,製,名,K,2,○,,○,,,○
55340,せい,△所為,名,K,2,○,,○,○,○,○
55350,せい,制,名,K,3,,,○,,,○
55360,せい,性,名,K,3,◎,,○,○,,○
55370,せい,生,名・代・接尾,K,3,○,,,,,
55380,せい,世,接尾,K,,,,○,,,
55390,せい,生,接尾,K,,,,○,,,
55400,ぜい,税,名,K,2,○,,,○,,
55410,せいいく,生育,名・ス自他,K,3,,,○,,,
55420,せいおん,清音,名,K,3,○,,,,,
55430,せいか,聖火,名,K,2,,,,○,○,
55440,せいかい,正解,名,K,2,○,,,,,
55450,せいかく,性格,名,K,2,◎,,○,○,○,○
55460,せいかく,正確,名・形動,K,2,◎,,○,○,○,○
55470,せいかつ,生活,名・ス自,K,1,◎,,○,○,○,○
55480,せいかつすいじゅん,生活水準,名,K,,,,○,,,
55490,ぜいかん,税関,名,K,3,○,,○,,,○
55500,せいき,世紀,名,K,3,○,,○,,,○
55510,せいぎ,正義,名,K,2,○,,○,○,○,○
55520,せいきまつ,世紀末,名,K,,,,○,,,
55530,せいきゅう,請求,名・ス他,K,3,○,,○,,,○
55540,ぜいきん,税金,名,K,2,◎,,○,○,,○
55550,せいくらべ,背比べ,名,W,1,,,,○,○,
55560,せいけつ,清潔,名・形動,K,2,○,,○,○,○,
55570,せいけん,政権,名,K,3,○,,,,,
55580,せいげん,制限,名・ス他,K,2,○,,○,,,○
55590,せいこう,成功,名・ス自,K,2,◎,,○,○,○,○
55600,せいざ,星座,名,K,2,,,,○,○,
55610,せいさく,制作,名・ス他,K,2,○,,○,,,
55620,せいさく,製作,名・ス他,K,2,○,,,,,○
55630,せいさく,政策,名,K,3,○,,○,,,
55640,せいさん,生産,名・ス他,K,2,○,,○,○,○,○
55650,せいさんせい,生産性,名,K,,,,○,,,
55660,せいさんぶつ,生産物,名,K,,,,○,,,
55670,せいさんりょう,生産量,名,K,,,,○,,,
55680,せいし,生死,名,K,2,○,,,,,
55690,せいじ,政治,名,K,2,◎,,○,○,,○
55700,せいじか,政治家,名,K,2,○,,○,,,
55710,せいしき,正式,名・形動,K,2,○,,○,,,○
55720,せいじせいど,政治制度,名,K,,,,○,,,
55730,せいじたいせい,政治体制,名,K,,,,○,,,
55740,せいしつ,性質,名,K,1,◎,,○,○,○,○
55750,せいじつ,誠実,名・形動,K,3,○,,○,,,○
55760,せいじてき,政治的,形動,K,,,,○,,,
55770,せいじゅく,成熟,名・ス自,K,3,,,○,,,
55780,せいしゅん,青春,名,K,3,○,,,,,○
55790,せいしょ,清書,名・ス他,K,2,○,,,,,
55800,せいしょ,聖書,名,K,3,,,○,,,○
55810,せいじょう,正常,名・形動,K,3,○,,,○,,
55820,せいしん,精神,名,K,2,◎,,○,○,○,○
55830,せいじん,成人,名・ス自,K,3,○,,,,,
55840,せいしんびょう,精神病,名,K,3,○,,,,,
55850,せいせい,精製,名・ス他,K,3,,,○,,,
55860,せいせい,生成,名,K,,,,○,,,
55870,せいぜい,精精,副,K,2,○,,,,,
55880,せいせき,成績,名,K,1,◎,,○,○,○,○
55890,せいそう,清掃,名・ス他,K,3,,,,○,○,
55900,せいぞう,製造,名・ス他,K,2,◎,,○,○,,○
55910,せいぞん,生存,名・ス自,K,2,○,,○,,,
55920,せいたいけい,生態系,名,K,,,,○,,,
55930,ぜいたく,×贅沢,名・形動,K,1,◎,,○,○,○,○
55940,せいちょう,成長,名・ス自,K,1,◎,,○,○,○,○
55950,せいてい,制定,名・ス他,K,2,,,○,,,
55960,せいてつ,製鉄,名,K,2,○,,○,,,
55970,せいてん,晴天,名,K,2,○,,,,,
55980,せいと,生徒,名,K,1,◎,○,○,○,○,○
55990,せいど,制度,名,K,2,◎,,○,○,,○
56000,せいとう,政党,名,K,2,◎,,○,○,,
56010,せいとう,正当,名・形動,K,2,○,,,,,
56020,せいとん,整×頓,名・ス自他,K,1,,,○,○,○,○
56030,せいねん,青年,名,K,2,◎,,○,○,,○
56040,せいねん,成年,名,K,3,○,,,,,
56050,せいねんがっぴ,生年月日,名,H,2,○,,○,,,○
56060,せいのう,性能,名,K,3,○,,○,,,○
56070,せいのお,,感,W,,,,,,,○
56080,せいび,整備,名・ス自他,K,3,,,○,,,○
56090,せいひん,製品,名,K,2,○,,○,,,○
56100,せいふ,政府,名,K,2,◎,,○,○,,○
56110,せいふく,制服,名,K,2,,,○,○,○,○
56120,せいぶげき,西部劇,名,K,,,,,○,○,
56130,せいぶつ,生物,名,K,2,○,,○,○,○,○
56140,せいぶつたい,生物体,名,K,,,,○,,,
56150,せいぶん,成分,名,K,2,○,,○,,,
56160,せいほうけい,正方形,名,K,2,○,,,○,○,○
56170,せいみつ,精密,名・形動,K,3,,,○,,,○
56180,せいめい,生命,名,K,2,○,,○,○,○,○
56190,せいめい,姓名,名,K,2,○,,,,,
56200,せいめい,声明,名・ス自他,K,3,○,,,,,
56210,せいもん,正門,名,K,2,○,,,,,
56220,せいやく,制約,名・ス他,K,3,,,○,,,
56230,せいよう,西洋,名,K,1,◎,,○,○,,○
56240,せいようしそう,西洋思想,名,K,,,,○,,,
56250,せいようじん,西洋人,名,K,2,○,,,,,
56260,せいり,整理,名・ス他,K,1,◎,,○,○,○,○
56270,せいり,生理,名,K,3,○,,,○,,○
56280,せいりせいとん,整理整×頓,名,K,,,,,○,○,
56290,せいりつ,成立,名・ス自,K,2,○,,○,,,
56300,せいりてき,生理的,形動,K,,,,○,,,
56310,せいりょく,勢力,名,K,2,○,,○,,,○
56320,せいれき,西暦,名,K,2,○,,○,,,○
56330,セーター,sweater,名,G,3,○,,○,○,○,○
56340,セーフ,safe,名,G,1,,,,○,○,
56350,せおう,背負う,五他,W,1,○,,○,○,○,
56360,せかい,世界,名,K,1,◎,,○,○,○,○
56370,せかす,△急かす,五他,W,2,,,,○,○,
56380,せがむ,,五他,W,1,,,,○,○,
56390,せき,×咳,名,W,1,◎,,○,○,○,○
56400,せき,席,名・接尾,K,1,◎,,○,○,○,○
56410,せき,隻,接尾,K,2,○,,○,○,○,
56420,せき,石,名,K,2,○,○,○,,,
56430,せき,積,名,W,3,,,○,,,
56440,せきがいせん,赤外線,名,K,3,,,○,,,○
56450,せきがえ,席替え,名,H,,,,,○,○,
56460,せきじゅうじ,赤十字,名,K,2,○,,,○,○,
56470,せきたてる,△急き立てる,下一他,W,1,,,○,,,
56480,せきたん,石炭,名,K,1,◎,,○,○,○,○
56490,せきちゅう,脊柱,名,K,,,,○,,,
56500,せきついどうぶつ,脊椎動物,名,K,,,,○,,,
56510,せきどう,赤道,名,K,2,○,,○,,,○
56520,せきにん,責任,名,K,2,◎,,○,○,○,○
56530,せきゆ,石油,名,K,2,◎,,○,○,○,○
56540,せく,×咳く,五自,W,1,,,,,○,
56550,せく,△急く,五自,W,1,,,○,,○,
56560,せけん,世間,名,K,2,○,,○,,,○
56570,セシ,〔人名〕,名,G,,,,,,○,
56580,セシちゃん,,名,H,,,,,,○,
56590,ぜせい,是正,名・ス他,K,3,,,○,,,
56600,せだい,世代,名,K,3,○,,,,,
56610,せつ,節,名,K,2,,,○,,,
56620,せつ,説,名,K,3,○,,,,,
56630,ぜつえん,絶縁,名・ス自,K,3,,,○,,,○
56640,ぜつえんたい,絶縁体,名,K,,,,○,,,
56650,せっかいせき,石灰石,名,K,,,,○,,,
56660,せっかく,折角,副,K,1,◎,,○,○,○,○
56670,せっかくしょく,赤褐色,名,K,,,,○,,,
56680,せっかち,,名・形動,W,2,,,,○,○,
56690,せっきょく,積極,名,K,3,,,,○,,
56700,せっきょくてき,積極的,形動,K,3,○,,○,,,○
56710,せっきん,接近,名・ス自,K,3,○,,,○,○,
56720,せっく,節句・節供,名,K,1,,,,,○,○
56730,セックス,sex,名・ス自,G,2,○,,,,,
56740,せっけい,設計,名・ス他,K,3,○,,,,,
56750,せっけん,石×鹸,名,K,1,◎,,○,○,○,○
56760,ゼッケン,←〔独〕Decke,名,G,2,,,,○,○,
56770,せっこう,石×膏,名,K,3,,,○,,,
56780,ぜっこう,絶交,名・ス自,K,3,,,,○,○,
56790,せっし,摂氏,名,K,,,,○,,,○
56800,せっしょく,接触,名・ス自,K,3,○,,○,,,○
56810,せっする,接する,サ変自他,H,2,○,,○,,,
56820,せっせと,,副,W,1,○,,○,○,○,
56830,せつぞく,接続,名・ス自他,K,2,○,,○,,,○
56840,せつぞくし,接続詞,名,K,2,○,,,○,,
56850,ぜったい,絶対,名,K,2,◎,,○,○,○,○
56860,ぜったいおんど,絶対温度,名,K,,,,○,,,
56870,ぜったいてき,絶対的,形動,K,,,,○,,,
56880,せつだん,切断・×截断,名・ス他,K,2,,,○,,,
56890,せっち,設置,名・ス他,K,3,○,,,,,
56900,せっちゃくざい,接着剤,名,K,,,,,○,○,
56910,せつび,設備,名・ス他,K,2,◎,,○,○,,○
56920,せつぶん,節分,名,K,2,,,,○,○,
56930,ぜつぼう,絶望,名・ス自,K,2,○,,○,,,
56940,せつめい,説明,名・ス他,K,1,◎,,○,○,○,○
56950,せつやく,節約,名・ス他,K,2,○,,○,○,○,○
56960,せつりつ,設立,名・ス他,K,3,○,,,,,
56970,せともの,瀬戸物,名,W,2,○,,○,,,○
56980,せな,「背中」,名,W,,,,,,○,
56990,せなか,背中,名,W,1,◎,○,○,○,○,○
57000,ぜに,銭,名,K,1,,,,,○,
57010,せのび,背伸び,名,W,1,,,○,○,○,
57020,せばんごう,背番号,名,H,,,,,○,○,
57030,ぜひ,是非,副,K,1,,,,○,○,○
57040,ぜひ,是非,名・ス他,K,3,◎,,○,○,○,
57050,ぜひとも,是非共,副,H,1,○,,,,,
57060,せびろ,背広,名,W,2,◎,,○,○,○,○
57070,せまい,狭い,形,W,1,◎,,○,○,○,○
57080,せまる,迫る・×逼る,五自他,W,2,○,,○,○,○,○
57090,せみ,×蝉,名,W,1,○,,,○,○,
57100,せめて,,副,W,1,○,,○,○,○,○
57110,せめる,攻める,下一他,W,1,◎,,○,○,○,
57120,せめる,責める,下一他,W,2,◎,,○,○,○,
57130,セメント,cement,名,G,2,○,,○,,,○
57140,ゼリー,jelly,名,G,,,,,○,○,○
57150,せりふ,〈台詞〉・〈科白〉,名,W,2,○,,,○,○,
57160,せる,,助動,W,1,,,○,,,○
57170,セルロイド,celluloid,名,G,1,,,,,○,
57180,セレスト,〔象名〕,名,G,,,,,,○,
57190,ゼロ,〔仏〕ze´ro,名,G,2,◎,,○,○,,○
57200,セロハン,cellophane,名,G,2,,,,○,○,
57210,せわ,世話,名,K,1,◎,,○,○,○,○
57220,せわしい,△忙しい,形,W,1,,,,,○,
57230,せわしない,△忙しない,形,W,3,,,,○,○,
57240,せん,千,名,K,1,◎,○,○,○,○,○
57250,せん,栓,名,K,1,○,,○,○,○,
57260,せん,線,名,K,1,◎,,○,○,○,○
57270,せん,先,名,K,2,,,○,,,○
57280,せん,船,名,K,2,○,,,,,
57290,ぜん,×膳,名・接尾,K,1,,,○,○,○,○
57300,ぜん,全,名,K,2,○,,○,,,○
57310,ぜん,前,名,K,2,◎,,○,○,,○
57320,ぜん,善,名,K,2,○,,,,,
57330,ぜん,禅,名,K,3,,,○,,,○
57340,ぜんあく,善悪,名,K,2,○,,,,,
57350,せんい,繊維,名,K,2,○,,○,,,○
57360,せんいこうぎょう,繊維工業,名,K,,,,○,,,
57370,せんいん,船員,名,K,1,,,,,○,
57380,ぜんいん,全員,名,K,2,○,,○,,,
57390,ぜんかい,全快,名・ス自,K,2,○,,,,,
57400,ぜんき,前期,名,K,2,○,,,,,
57410,せんきょ,選挙,名・ス他,K,2,◎,,○,○,○,○
57420,せんげつ,先月,名,K,1,◎,,○,○,○,○
57430,せんげん,宣言,名・ス他,K,3,○,,,,,
57440,せんご,戦後,名,K,2,○,,○,,,○
57450,ぜんご,前後,名・ス自,K,2,○,,○,,,
57460,せんこう,専攻,名・ス他,K,3,○,,○,○,,○
57470,せんこうはなび,線香花火,名,H,1,,,,,○,
57480,ぜんこく,全国,名,K,1,◎,,○,○,○,
57490,せんざい,洗剤,名,K,2,○,,○,○,○,○
57500,せんし,戦死,名・ス自,K,1,○,,,,,
57510,せんじつ,先日,名,K,2,○,,○,,,○
57520,ぜんじつ,前日,名,K,2,,,,,,○
57530,せんじつはどうも,先日はどうも,感,H,,,,○,,,
57540,せんしゅ,選手,名,K,1,◎,,○,○,○,○
57550,せんしゅう,先週,名,K,1,◎,,○,○,○,○
57560,せんしゅつ,選出,名・ス他,K,2,,,○,,,
57570,せんじょう,洗浄・洗×滌,名・ス他,K,3,,,○,,,○
57580,せんしょくたい,染色体,名,K,,,,○,,,
57590,ぜんしん,全身,名,K,2,○,,,○,○,
57600,ぜんしん,前進,名・ス自,K,2,○,,,,,
57610,せんしんこく,先進国,名,K,,,,○,,,
57620,せんす,扇子,名,K,1,○,,○,○,○,○
57630,せんすいてい,潜水艇,名,K,,,,,○,○,
57640,せんせい,先生,名,K,1,◎,○,○,○,○,○
57650,せんぜん,戦前,名,K,2,○,,○,,,○
57660,ぜんぜん,全然,副,K,2,◎,,○,○,○,○
57670,せんせんげつ,先先月,名,K,2,,,,○,○,
57680,せんせんしゅう,先先週,名,K,,,,,○,○,
57690,せんぞ,先祖,名,K,1,○,,○,○,○,○
57700,せんそう,戦争,名・ス自,K,1,◎,,○,○,○,○
57710,ぜんそくりょく,全速力,名,K,1,,,○,,,
57720,センター,centre・center,名,G,3,○,,○,,,○
57730,せんだい,仙台,名,K,,,,,○,○,
57740,ぜんたい,全体,名,K,1,◎,,○,○,○,○
57750,せんたく,洗濯,名・ス他,K,1,◎,,○,○,○,○
57760,せんたく,選択,名・ス他,K,3,◎,,○,○,,○
57770,せんたくき,洗濯機,名,K,2,○,,○,,○,
57780,せんたくもの,洗濯物,名,H,,,,○,,○,
57790,せんだって,先達て,名,H,1,○,,○,,,
57800,センチ,←centimetre,名,G,1,◎,,○,○,○,○
57810,センチメートル,centimetre,名,G,1,,,○,○,○,
57820,せんちょう,船長,名,K,1,○,,,○,○,
57830,ぜんてい,前提,名,K,3,○,,,,,
57840,ぜんていきかん,前庭器官,名,K,,,,○,,,
57850,せんでん,宣伝,名・ス自他,K,2,○,,○,○,○,○
57860,せんてんてき,先天的,形動,K,3,○,,,,,
57870,せんとう,先頭,名,K,1,○,,○,○,○,
57880,せんとう,戦闘,名・ス自,K,3,○,,,,,
57890,せんどう,船頭,名,K,1,,,,,○,
57900,せんぬき,栓抜き,名,H,,,,,○,○,
57910,せんぱい,先輩,名,K,2,○,,○,,,
57920,せんばづる,千羽鶴,名,H,,,,,○,○,
57930,せんばん,旋盤,名,K,3,,,○,,,
57940,ぜんはん,前半,名,K,2,○,,,,,
57950,ぜんぱん,全般,名,K,3,○,,,,,
57960,ぜんぶ,全部,名,K,1,◎,,○,○,○,○
57970,せんぷうき,扇風機,名,K,2,○,,○,○,○,○
57980,せんべい,×煎×餅,名,K,1,○,,,○,○,
57990,せんぼうちょうりつ,線膨張率,名,K,,,,○,,,
58000,ぜんまい,（植物）,名,W,3,,,,○,○,
58010,ぜんまい,（ばね）,名,W,3,,,○,○,○,○
58020,ぜんめつ,全滅,名・ス自他,K,2,,,○,,,
58030,せんめん,洗面,名・ス自,K,1,○,,,,,
58040,せんめんき,洗面器,名,K,1,○,,○,○,○,
58050,せんめんじょ,洗面所,名,K,2,○,,○,○,○,○
58060,せんもん,専門,名,K,2,◎,,○,○,,○
58070,せんもんか,専門家,名,K,2,○,,,,,
58080,せんりょう,染料,名,K,2,,,○,,,○
58090,せんりょう,占領,名・ス他,K,2,○,,,,,
58100,ぜんりょく,全力,名,K,2,○,,,○,○,
58110,せんろ,線路,名,K,1,○,,○,○,○,○
58120,ぞ,,終助・副助,W,1,,,○,○,○,○
58130,ぞい,沿い,接尾,W,2,○,,○,,,
58140,そいつ,,代,W,1,,,,,○,
58150,そう,沿う・添う・△副う,五自,W,1,○,,○,○,○,○
58160,そう,×艘,接尾,K,1,,,○,○,○,
58170,そう,,副,W,1,◎,○,○,○,○,○
58180,そう,総,接頭,K,2,○,,○,,,
58190,そう,草,名,K,2,○,,,,,
58200,そう,僧,名,K,2,,,○,,,
58210,そう,相,名,W,3,◎,,○,○,,○
58220,そう,層,名・接尾,K,3,,,○,,,
58230,ぞう,象,名,K,1,○,,○,○,○,○
58240,ぞう,像,名,K,2,,,○,,,
58250,そうい,相違,名・ス自,K,3,○,,○,,,○
58260,そういう,,連体,W,,,,○,,,
58270,そうおん,騒音,名,K,3,○,,○,○,○,○
58280,ぞうか,造花,名,K,2,,,,○,○,
58290,ぞうか,増加,名・ス自他,K,2,○,,○,,,○
58300,そうかい,総会,名,K,2,○,,,,,
58310,ぞうがかり,象係,名,H,,,,,,○,
58320,そうがんきょう,双眼鏡,名,K,2,,,,○,○,
58330,そうきん,送金,名・ス自,K,2,○,,,,,
58340,ぞうきん,雑×巾,名,K,1,○,,○,○,○,
58350,そうげん,草原,名,K,2,,,○,,○,
58360,ぞうげん,増減,名・ス自他,K,2,○,,,,,○
58370,そうこ,倉庫,名,K,2,○,,○,○,○,○
58380,そうご,相互,名,K,3,○,,○,,,○
58390,そうごう,総合,名・ス他,K,3,○,,○,○,,○
58400,そうさ,捜査,名・ス他,K,3,○,,,,,
58410,そうさ,操作,名・ス他,K,3,○,,○,,,○
58420,そうさく,創作,名・ス他,K,3,○,,,,,
58430,そうじ,掃除,名・ス他,K,1,◎,,○,○,○,○
58440,そうしき,葬式,名,K,1,◎,,○,○,○,○
58450,そうじき,掃除機,名,K,2,○,,,○,○,
58460,そうしたら,,接,W,,,,,,○,
58470,そうして,,接・連語,W,1,○,,○,,○,○
58480,そうじどうぐ,掃除道具,名,K,,,,,○,○,
58490,そうじゅう,操縦,名・ス他,K,2,,,○,○,○,
58500,ぞうしょう,蔵相,名,K,3,○,,,,,
58510,そうしょく,装飾,名・ス他,K,2,○,,○,,,
58520,そうしん,送信,名・ス自他,K,2,,,,,,○
58530,そうすう,総数,名,K,2,,,○,,,
58540,そうすると,,接,W,1,,,○,,○,
58550,そうせい,走性,名,K,,,,○,,,
58560,ぞうせん,造船,名・ス自,K,2,○,,○,,,○
58570,ぞうせんじょ,造船所,名,K,,,,,○,○,
58580,そうそう,,副・感,W,1,,,○,,,○
58590,そうそう,早早,名,K,2,,,○,,,
58600,そうぞう,想像,名・ス他,K,2,◎,,○,○,○,○
58610,そうぞう,創造,名・ス他,K,3,○,,○,,,○
58620,そうぞうしい,騒騒しい,形,H,2,○,,○,○,○,○
58630,そうだ,,連語,W,1,,,,,,○
58640,そうたい,早退,名・ス自,K,2,,,,○,○,
58650,そうたい,相対,名,K,3,,,,,,○
58660,ぞうだい,増大,名・ス自他,K,3,○,,○,,,
58670,そうだん,相談,名・ス他,K,1,◎,,○,○,○,○
58680,そうち,装置,名・ス他,K,3,○,,○,,,
58690,そうでん,送電,名・ス自,K,3,,,○,,,
58700,そうとう,相当,名・ス自・副・形動,K,2,○,,○,○,○,○
58710,そうどう,騒動,名,K,2,○,,,,,
58720,そうなん,遭難,名・ス自,K,3,,,,○,○,
58730,ぞうに,雑煮,名,H,1,,,○,,○,○
58740,そうば,相場,名,H,3,○,,,,,
58750,そうら,,感,W,,,,,,○,
58760,そうり,総理,名・ス他,K,3,○,,,,,
58770,ぞうり,《草履》,名,K,1,○,,○,○,○,○
58780,そうりだいじん,総理大臣,名,K,1,○,,○,,,○
58790,そうりつ,創立,名・ス他,K,2,○,,,,,
58800,そうりょうじ,総領事,名,K,,,,○,○,,
58810,そうりょうじかん,総領事館,名,K,,,,○,,,
58820,ソウル,,名,G,,,,,○,,
58830,そえ,添え,名,W,1,,,,,○,
58840,そえる,添える・△副える,下一他,W,1,○,,○,○,○,○
58850,ソース,sauce,名,G,1,○,,○,○,○,○
58860,ソーセージ,sausage,名,G,2,,,,○,○,
58870,そく,足,接尾,K,1,○,,○,○,○,
58880,そくおん,促音,名,K,3,○,,,,,
58890,ぞくご,俗語,名,K,3,,,○,,,○
58900,そくしん,促進,名・ス他,K,3,○,,,,,
58910,ぞくする,属する,サ変自,H,2,○,,○,,,
58920,ぞくぞく,続続,副,K,2,○,,,,,
58930,そくたつ,速達,名,K,2,○,,○,○,,○
58940,そくてい,測定,名・ス他,K,2,,,○,,,
58950,そくど,速度,名,K,2,○,,○,○,○,○
58960,そくばく,束縛,名・ス他,K,3,,,○,,,
58970,そくめん,側面,名,K,3,,,○,,,
58980,そくりょう,測量,名・ス他,K,2,,,○,,,○
58990,そくりょく,速力,名,K,2,,,○,,,○
59000,ソケット,socket,名,G,2,,,,○,○,
59010,そこ,×其△処,代,W,1,◎,○,○,○,○,○
59020,そこ,底,名,W,1,◎,,○,○,○,○
59030,そこで,,接,W,1,◎,,○,○,○,○
59040,そこなう,損なう,五他,W,1,,,○,○,○,
59050,そこねる,損ねる,下一他,W,1,,,,,○,
59060,そこら,×其△処ら,代,W,1,,,○,○,○,
59070,そこらじゅう,×其△処ら中,名,H,,,,,,○,
59080,そさい,×蔬菜,名,K,3,,,○,,,
59090,そしき,組織,名・ス他,K,2,◎,,○,○,,○
59100,そしたら,,接,W,1,,,,,○,
59110,そしつ,素質,名,K,2,○,,,,,
59120,そして,,接,W,1,◎,○,,○,○,○
59130,そしょう,訴訟,名・ス自,K,3,○,,,,,
59140,そすい,疎水・×疏水,名,K,3,,,○,,,
59150,そせん,祖先,名,K,2,○,,○,,,
59160,そそぐ,注ぐ・×潅ぐ,五自他,W,2,○,,○,○,○,○
59170,そそっかしい,,形,W,2,○,,,○,○,
59180,そだち,育ち,名,W,1,○,,,,○,
59190,そだつ,育つ,五自,W,1,◎,,○,○,○,○
59200,そだてる,育てる,下一他,W,1,◎,,○,○,○,○
59210,そちら,,代,W,1,◎,○,○,○,○,○
59220,そつえん,卒園,名,K,,,,,○,○,
59230,そつぎょう,卒業,名・ス他,K,1,◎,,○,○,○,○
59240,そつぎょうしき,卒業式,名,K,,,,,○,○,
59250,ソックス,socks,名,G,3,,,,○,○,
59260,そっくり,,副・形動,W,1,○,,○,○,○,○
59270,そっけない,,形,W,3,,,,○,○,
59280,そっち,,代,W,1,,○,○,,,○
59290,そっちょく,率直,形動,K,3,○,,○,○,○,○
59300,そって,沿って,連語,W,,,,,,,○
59310,そっと,,副,W,1,○,,○,○,○,○
59320,ぞっと,,副・ス自,W,1,,,,○,○,
59330,そっぽ,,名,H,1,,,,○,○,
59340,そで,×袖,名,W,1,○,,○,○,○,○
59350,そと,外,名,W,1,◎,,○,○,○,○
59360,そとがわ,外側,名,W,1,○,,,○,○,
59370,そとまわり,外回り,名,W,,,,○,,,
59380,そなえ,供え,名,W,1,,,,,○,
59390,そなえ,備え,名,W,1,,,,,○,
59400,そなえつける,備え付ける,下一他,W,1,○,,,,,
59410,そなえる,供える,下一自他,W,1,,,○,○,○,
59420,そなえる,備える・△具える,下一自他,W,1,○,,○,○,○,○
59430,そなわる,備わる・△具わる,五自,W,1,,,,,○,
59440,その,×其の,連体,W,1,◎,○,○,○,○,○
59450,そのうえ,×其の上,接,W,1,◎,,○,○,○,○
59460,そのうち,,名,W,1,○,,,,○,
59470,そのひと,其の人,連語,W,,,,○,,,
59480,そのほか,,連語,W,2,○,,,,,
59490,そのまま,,名,W,1,○,,,,○,
59500,そば,△側・△傍,名,W,1,◎,○,○,○,○,○
59510,そば,〈×蕎麦〉,名,W,1,○,,○,○,○,○
59520,そびえたつ,×聳え立つ,五自,W,,,,,,○,
59530,そびえる,×聳える,下一自,W,3,○,,○,○,○,
59540,そふ,祖父,名,K,2,○,,,○,○,
59550,ソファー,sofa,名,G,3,,,,○,○,○
59560,ソフトクリーム,soft cream,名,G,,,,,○,○,
59570,そぼ,祖母,名,K,2,○,,,○,○,
59580,そぼく,素朴・素×樸,名,K,3,○,,,,,
59590,そまつ,粗末,形動,K,1,○,,○,○,○,○
59600,そまる,染まる,五自,W,1,,,○,○,○,
59610,そむく,背く,五自,W,2,○,,○,,,
59620,そめ,染め,名,W,1,,,,,○,
59630,そめこ,染め粉,名,W,2,,,,,○,
59640,そめもの,染め物,名,W,2,,,,○,○,
59650,そめる,染める,下一他,W,1,○,,○,○,○,○
59660,そよかぜ,〈微風〉,名,W,1,,,,○,○,
59670,そよそよ,,副,W,1,,,○,,○,
59680,そら,,感,W,1,,,○,,○,
59690,そら,空,名・接頭,W,1,◎,○,○,○,○,○
59700,そらいろ,空色,名,W,1,,,,○,○,
59710,そらす,反らす,五他,W,1,,,,○,○,
59720,そらす,△逸らす,五他,W,2,,,,○,○,
59730,そり,反り,名,W,1,,,,,○,
59740,そり,×橇,名,W,1,,,,○,○,
59750,そり,×剃り,名,W,2,,,,,○,
59760,そる,反る,五自,W,1,,,○,○,○,
59770,そる,×剃る,五他,W,2,◎,,○,○,○,○
59780,それ,,感,W,1,,,○,,○,○
59790,それ,×其れ,代,W,1,◎,○,○,○,○,○
59800,それから,,接,W,1,◎,○,○,○,○,○
59810,それきり,,名,W,1,,,,,○,
59820,それじゃ,,接・感,W,1,,,,,○,
59830,それじゃあ,,接・感,W,,,,,,○,
59840,それぞれ,△夫れ△夫れ・×其れ×其れ,名,W,1,◎,,○,○,○,○
59850,それで,,接,W,1,◎,,○,○,○,○
59860,それでは,,接・感,W,1,○,,○,○,○,○
59870,それでも,,接,W,1,○,,○,,○,○
59880,それと,,接,W,,,,○,,,
59890,それとも,,接,W,1,◎,,○,○,○,○
59900,それなら,,接,W,1,○,,○,,○,
59910,それに,,接,W,1,○,,○,,○,
59920,それはそれは,,副,W,,,,,,○,
59930,それる,△逸れる,下一自,W,1,,,,○,○,
59940,ソれん,ソ連,名,H,2,○,,,○,,
59950,そろい,×揃い,名・接尾,W,1,,,,○,○,
59960,そろう,×揃う,五自,W,1,◎,,○,○,○,○
59970,そろえる,×揃える,下一他,W,1,◎,,○,○,○,○
59980,そろそろ,,副,W,1,○,,○,○,○,○
59990,ぞろぞろ,,副,W,1,,,○,○,○,
60000,そろばん,〈算盤〉・△十露盤,名,H,2,○,,○,○,○,○
60010,そろりそろり,,副,W,,,,,,○,
60020,そわそわ,,副・ス自,W,1,,,,○,○,
60030,そん,損,名・形動,K,1,◎,,○,○,○,○
60040,そん,村,名,K,2,○,,,,,
60050,そんがい,損害,名,K,2,○,,○,○,○,○
60060,そんけい,尊敬,名・ス他,K,2,◎,,○,○,○,○
60070,そんざい,存在,名・ス自,K,3,◎,,○,○,,
60080,ぞんざい,,形動,W,2,○,,,,,
60090,そんしつ,損失,名・ス他,K,2,○,,,,,
60100,そんする,損する,サ変他,H,2,,,,○,○,
60110,ぞんずる,存ずる,サ変他,H,2,○,,,,,
60120,そんちょう,尊重,名・ス他,K,2,○,,○,,,○
60130,そんな,,連体,W,1,◎,,○,○,○,○
60140,そんなら,,接,W,2,,,,,○,
60150,た,,助動,W,1,,,○,○,○,○
60160,た,他,名,K,1,○,,○,,,
60170,た,田,名,W,1,◎,,○,○,○,○
60180,だ,,助動,W,1,,,○,○,○,○
60190,ダース,←dozen,名,G,2,○,,,○,○,
60200,だあれ,,代,W,,,,,,○,
60210,たい,△度い,助動,W,1,,,○,○,○,○
60220,たい,×鯛,名,W,1,○,,,○,○,
60230,タイ,Thai,名,G,2,○,,,○,,
60240,たい,対,名,K,2,○,,○,,,○
60250,たい,隊,名,K,2,,,○,,,
60260,だい,第,名・接頭,K,1,◎,,○,○,○,○
60270,だい,大,名・接頭・接尾,K,1,○,,○,,○,○
60280,だい,代,名・接尾,K,1,○,,○,,○,○
60290,だい,台,名・接尾,K,1,◎,,○,○,○,○
60300,だい,題,名・接尾,K,1,◎,,○,○,○,○
60310,たいいく,体育,名,K,1,,,○,○,○,○
60320,たいいくかん,体育館,名,K,,,,,○,○,
60330,だいいち,第一,名,K,1,○,,○,,○,
60340,だいいちじさんぎょう,第一次産業,名,K,,,,○,,,
60350,たいいん,退院,名・ス自,K,2,○,,○,○,○,○
60360,たいおう,対応,名・ス自,K,3,,,○,,,
60370,たいおん,体温,名,K,2,○,,○,,,○
60380,たいおんけい,体温計,名,K,2,○,,,○,○,
60390,たいか,大家,名,K,3,○,,,,,
60400,たいかい,大会,名,K,2,○,,○,,,
60410,たいがい,大概,名,K,1,,,○,○,○,○
60420,たいがい,体外,名,K,,,,○,,,
60430,だいがいしゃ,大会社,名,K,,,,○,,,
60440,たいかく,体格,名,K,1,○,,○,,○,
60450,たいがく,退学,名・ス自,K,2,○,,,,,
60460,だいがく,大学,名,K,2,◎,○,○,○,○,○
60470,だいがくせい,大学生,名,K,2,○,,○,,,
60480,だいきぎょう,大企業,名,K,,,,○,,,
60490,だいぎし,代議士,名,K,3,,,○,,,
60500,だいきぼ,大規模,名,K,,,,○,,,
60510,だいきゅうじょう,第九条,名,K,,,,○,,,
60520,だいきらい,大嫌い,形動,H,1,,,○,○,○,
60530,たいきん,大金,名,K,1,,,○,,,
60540,だいきん,代金,名,K,2,○,,○,,,
60550,だいく,大工,名,K,1,○,,,,○,
60560,たいぐう,待遇,名・ス他,K,3,○,,○,,,○
60570,たいくつ,退屈,名・ス自,K,1,○,,○,○,○,○
60580,だいくどうぐ,大工道具,名,K,,,,,○,○,
60590,たいぐん,大群,名,K,2,,,,○,○,
60600,たいけい,体系,名,K,3,○,,○,○,,○
60610,たいけん,体験,名・ス他,K,3,○,,,○,○,
60620,たいこ,太鼓,名,K,1,○,,○,○,○,○
60630,たいこう,対抗,名・ス自,K,3,○,,○,,,
60640,だいこん,大根,名,K,1,○,,○,○,○,○
60650,たいざい,滞在,名・ス自,K,3,○,,○,,,○
60660,たいさく,対策,名,K,3,○,,○,,,○
60670,たいし,大使,名,K,2,◎,,○,○,,○
60680,たいじ,退治,名・ス他,K,1,,,○,○,○,
60690,だいじ,大事,名・形動,K,1,◎,,○,○,○,○
60700,たいしかん,大使館,名,K,2,○,,○,,,○
60710,たいした,大した,連体,H,1,○,,○,○,○,○
60720,たいして,大して,副,H,1,◎,,○,○,○,○
60730,たいして,対して,連語,H,,,,,,,○
60740,だいしほん,大資本,名,K,,,,○,,,
60750,たいしゅう,大衆,名,K,3,○,,○,,,
60760,たいじゅう,体重,名,K,2,○,,○,○,○,○
60770,たいしょう,大将,名,K,1,,,○,,○,
60780,たいしょう,大正,名,K,2,○,,○,,,○
60790,たいしょう,対称,名,K,3,,,○,,,○
60800,たいしょう,対象,名,K,3,○,,○,,,○
60810,たいしょう,対照,名・ス他,K,3,○,,,,,○
60820,だいしょう,大小,名,K,1,○,,,,,
60830,だいじょうぶ,大丈夫,形動,K,1,◎,○,○,○,○,○
60840,たいしょく,退職,名・ス自,K,2,,,○,,,○
60850,だいじん,大臣,名,K,1,◎,,○,○,○,○
60860,だいず,大豆,名,K,1,○,,,,,
60870,だいすき,大好き,形動,H,1,,,○,○,○,
60880,たいする,対する,サ変自,H,2,◎,,○,○,,○
60890,たいせい,体制,名,K,3,○,,○,,,
60900,たいせいよう,大西洋,名,K,2,○,,,,,
60910,たいせき,体積,名,K,2,,,○,,,○
60920,たいせつ,大切,形動,K,1,◎,,○,○,○,○
60930,たいせん,大戦,名,K,2,○,,,,,
60940,たいそう,大層,副・形動,K,1,○,,○,,○,○
60950,たいそう,体操,名,K,1,◎,,○,○,○,○
60960,たいそうふく,体操服,名,K,,,,,○,○,
60970,だいたい,大体,名・副,K,1,◎,,○,○,○,○
60980,だいだい,×橙,名,W,1,,,,○,○,
60990,だいだいいろ,×橙色,名,W,,,,,○,○,
61000,たいだん,対談,名・ス自,K,2,○,,,,,
61010,だいたん,大胆,形動,K,2,○,,,,,
61020,たいちょう,隊長,名,K,2,,,,,○,
61030,たいてい,大抵,副,K,1,◎,,○,○,○,○
61040,たいでん,帯電,名,K,,,,○,,,
61050,たいど,態度,名,K,2,◎,,○,○,○,○
61060,たいとう,対等,形動,K,3,○,,,,,
61070,だいとうりょう,大統領,名,K,2,○,,○,,,○
61080,だいどころ,台所,名,H,1,◎,,○,○,○,○
61090,だいとし,大都市,名,K,,,,○,,,
61100,たいない,体内,名,K,2,,,○,,,
61110,だいなし,台無し,名,H,1,○,,○,○,○,
61120,ダイナマイト,dynamite,名,G,2,,,,○,○,
61130,だいに,第二,名,K,,,,○,,,
61140,だいにじせかいたいせん,第二次世界大戦,名,K,,,,○,,,
61150,だいのう,大脳,名,K,3,,,○,,,
61160,だいひょう,代表,名・ス他,K,2,◎,,○,○,○,○
61170,だいひょうしゃ,代表者,名,K,,,,○,,,
61180,だいひょうてき,代表的,形動,K,2,,,○,,,
61190,タイプ,type,名・ス他,G,3,○,,○,○,,
61200,だいぶ,大分,副,K,1,◎,,,○,○,○
61210,だいぶ,大部,名,K,,,,○,,,
61220,たいふう,台風・×颱風,名,K,2,◎,,○,○,○,○
61230,だいぶつさま,大仏様,名,H,,,,,○,○,
61240,だいぶぶん,大部分,名,K,2,○,,○,○,○,
61250,タイプライター,typewriter,名,G,3,○,,○,○,○,○
61260,たいへいよう,太平洋,名,K,1,○,,○,○,○,
61270,たいへん,大変,副・形動・名,K,1,◎,,○,○,○,○
61280,だいべん,大便,名,K,1,○,,,○,○,
61290,たいほ,逮捕,名・ス他,K,3,○,,○,,,
61300,たいほう,大砲,名,K,2,,,○,○,○,
61310,だいめい,題名,名,K,3,○,,,,,
61320,だいめいし,代名詞,名,K,3,○,,,○,,
61330,タイヤ,tire,名,G,1,○,,,○,○,
61340,たいやき,×鯛焼き,名,W,,,,,○,○,
61350,ダイヤモンド,diamond,名,G,2,,,,○,○,
61360,ダイヤル,dial,名,G,3,○,,,○,○,
61370,たいよう,太陽,名,K,1,◎,,○,○,○,○
61380,だいよう,代用,名・ス他,K,2,○,,○,,,
61390,たいようしゅう,大洋州,名,K,,,,,○,,
61400,たいら,平ら,形動・名,W,1,◎,,○,○,○,○
61410,たいらか,平らか,形動,W,1,,,,,○,
61420,だいり,代理,名・ス他,K,2,○,,,,,
61430,たいりく,大陸,名,K,2,○,,○,,,○
61440,たいりつ,対立,名・ス自,K,2,○,,○,,,
61450,たいりょう,大量,名,K,2,○,,○,,,○
61460,たいりょう,大漁,名,K,2,,,,○,○,
61470,たいりょう,大猟,名,K,,,,,,○,
61480,たいりょうしょうひ,大量消費,名,K,,,,○,,,
61490,たいりょく,体力,名,K,2,○,,,,,
61500,タイル,tile,名,G,3,,,,○,○,
61510,たいわん,台湾,名,K,2,○,,,○,,
61520,たうえ,田植え,名,W,1,○,,,○,○,
61530,たえず,絶えず,副,W,2,○,,○,○,○,
61540,たえる,堪える・耐える,下一自,W,2,○,,○,○,○,○
61550,たえる,絶える,下一自,W,2,○,,○,○,○,
61560,たおす,倒す,五他,W,1,◎,,○,○,○,○
61570,タオル,towel,名,G,1,○,,○,○,○,○
61580,たおれる,倒れる,下一自,W,1,◎,,○,○,○,○
61590,たか,×鷹,名,W,1,○,,,○,○,
61600,だか,高,接尾,W,,,,○,,,
61610,だが,,接,W,1,○,,○,,○,
61620,たかい,高い,形,W,1,◎,○,○,○,○,○
61630,たがい,互い,名,W,1,◎,,○,○,○,○
61640,たかさ,高さ,名,W,2,○,,○,,,
61650,たかとび,高跳び・高飛び,名,W,3,,,,○,○,
61660,たかはし,高橋,名,W,,,,,○,,
61670,たかまる,高まる,五自,W,1,○,,○,,,
61680,たかめる,高める,下一他,W,1,○,,○,,,
61690,たがやす,耕す,五他,W,1,○,,○,○,○,○
61700,たかやま,〔固〕,名,W,,,,,,○,
61710,たから,宝・△財,名,W,1,○,,○,○,○,○
61720,だから,,接,W,1,◎,,○,○,○,○
61730,たからもの,宝物,名,W,1,,,,○,○,
61740,たかる,,五自,W,2,,,,○,○,
61750,たがる,,助動,W,1,,,○,,,○
61760,だかん,蛇管,名,K,,,,○,,,
61770,たき,滝,名,W,1,○,,○,○,○,○
61780,だきあげる,抱き上げる,下一他,W,1,,,,,○,
61790,たきぎ,薪,名,W,1,,,○,,○,
61800,だきしめる,抱き締める,下一他,W,1,,,,,○,
61810,だきつく,抱き着く,五自,W,1,,,,,○,
61820,たきび,×焚き火,名,W,1,○,,,○,○,
61830,だきょう,妥協,名・ス自,K,3,○,,,,,
61840,たく,×焚く・炊く・×？く,五他,W,1,◎,,○,○,○,○
61850,たく,宅,名,K,1,○,,,,,
61860,だく,抱く,五他,W,1,◎,,○,○,○,○
61870,たくあん,沢×庵,名,K,1,,,,,○,
61880,だくおん,濁音,名,K,3,○,,,,,
61890,たくさん,沢山,副・形動,K,1,◎,○,○,○,○,○
61900,タクシー,taxi,名,G,2,◎,○,○,○,○,○
61910,たくはい,宅配,名,K,,,,,,,○
61920,たくましい,×逞しい,形,W,2,○,,,○,○,
61930,たくみ,巧み,名・形動,W,2,○,,○,,,○
61940,たぐる,手繰る,五他,W,2,,,○,,,○
61950,たくわえる,蓄える・△貯える,下一他,W,2,○,,○,,,○
61960,たけ,丈,名,W,1,,,○,,○,
61970,たけ,竹,名,W,1,○,,○,○,○,○
61980,たけ,〔人名〕,名,W,,,,,,○,
61990,だけ,△丈,副助,W,1,,○,○,○,○,○
62000,たけお,,名,W,,,,,,○,
62010,だげき,打撃,名,K,3,○,,,,,
62020,たけざいく,竹細工,名,H,1,,,,○,○,
62030,たけし,〔固〕,名,W,,,,,,○,
62040,たけちゃん,,名,W,,,,,,○,
62050,だけつ,妥結,名・ス自,K,3,○,,,,,
62060,だけど,,接,W,1,,,○,○,○,
62070,たけのこ,竹の子・×筍,名,W,1,,,,○,○,○
62080,たけひご,竹ひご,名,W,,,,,○,○,
62090,たけやぶ,竹×薮,名,W,1,,,,○,○,
62100,だけれど,,接,W,2,,,○,,,
62110,だけれども,,接,W,2,,,○,,,
62120,たこ,×凧,名,W,1,,,,○,○,
62130,たこ,×蛸・〈章魚〉,名,W,1,○,,○,○,○,○
62140,たこあげ,×凧揚げ,名,W,1,,,,,○,
62150,たこやき,×蛸焼き,名,W,,,,,○,○,
62160,たし,△度し,助動,W,1,,,,,○,
62170,たし,足し,名,W,1,,,,,○,
62180,だし,出し・〈出汁〉,名,W,1,,,,,○,
62190,だし,《山車》,名,W,2,,,,○,○,
62200,たしか,確か・×慥か,形動・副,W,1,◎,,○,○,○,○
62210,たしかめる,確かめる・×慥かめる,下一他,W,1,◎,,○,○,○,○
62220,たしざん,足し算,名,H,1,○,,,○,○,
62230,たしょう,多少,名,K,2,○,,○,,,○
62240,たす,足す,五他,W,1,◎,,○,○,○,
62250,だす,出す,五自他,W,1,◎,,○,○,○,○
62260,たすう,多数,名,K,2,○,,○,,,
62270,たすうけつ,多数決,名,K,,,,,○,○,
62280,たすうとう,多数党,名,K,,,,○,,,
62290,たすかる,助かる,五自,W,1,○,,○,○,○,○
62300,たすける,助ける・△救ける,下一他,W,1,◎,,○,○,○,○
62310,たずねる,尋ねる・×訊ねる・訪ねる,下一他,W,1,◎,,○,○,○,○
62320,ただ,△唯・×只,名・副・接,W,1,◎,,○,○,○,○
62330,だだ,駄駄,名,W,1,,,,,○,
62340,ただいま,△唯今・×只今,名,W,1,◎,○,○,○,○,○
62350,ただいまあ,,名・感,W,,,,,,○,
62360,たたかい,戦い・闘い,名,W,1,○,,,,○,
62370,たたかう,戦う・闘う,五他,W,1,◎,,○,○,○,○
62380,たたき,×叩き・×敲き,名,W,1,,,,,○,
62390,たたく,×叩く・×敲く,五他,W,1,◎,,○,○,○,○
62400,ただし,但し,接,W,3,○,,○,○,,○
62410,ただしい,正しい,形,W,1,◎,,○,○,○,○
62420,ただす,正す・△質す・×糺す,五他,W,1,,,○,○,○,
62430,ただちに,直ちに,副,W,2,○,,○,,,
62440,だだっこ,駄駄っ子・駄駄っ△児,名,W,1,,,,,○,
62450,ただはち,〔人名〕,名,W,,,,,,○,
62460,たたみ,畳,名,W,1,◎,,○,○,○,○
62470,たたむ,畳む,五他,W,1,◎,,○,○,○,○
62480,ただよう,漂う,五自,W,2,○,,,○,○,
62490,たち,△達,接尾,W,1,◎,,○,○,○,○
62500,たちあがる,立ち上がる,五自,W,1,○,,,,○,
62510,たちいりきんし,立ち入り禁止,名,H,,,,○,,,○
62520,たちこめる,立ち込める,下一自,W,,,,,○,○,
62530,たちさる,立ち去る,五自,W,1,○,,○,,,
62540,たちどまる,立ち止まる,五自,W,1,○,,,○,○,
62550,たちば,立場,名,W,3,◎,,○,○,,○
62560,たちまち,×忽ち,副,W,1,○,,○,○,○,○
62570,だちょう,×駝鳥,名,K,1,,,,○,○,
62580,たちよる,立ち寄る,五自,W,1,○,,,,,
62590,たつ,立つ,五自,W,1,◎,○,○,○,○,○
62600,たつ,建つ,五自,W,1,◎,,○,○,○,○
62610,たつ,経つ,五自,W,1,◎,,○,○,○,
62620,たつ,裁つ,五他,W,2,,,○,,,○
62630,たつ,竜,名,W,2,,,,,,○
62640,たつ,絶つ,五他,W,3,,,○,,,
62650,たっきゅう,卓球,名,K,2,,,○,○,○,○
62660,たっきゅうびん,宅急便,名,K,,,,,,,○
62670,タック,,名,G,,,,,,○,
62680,たっくん,〔人名〕,名,W,,,,,,○,
62690,だっこ,抱っこ,名,W,1,○,,,,○,
62700,たっしゃ,達者,形動,K,1,,,○,,○,
62710,たっする,達する,サ変自他,H,2,○,,○,,,○
62720,だっせん,脱線,名・ス自,K,2,,,○,○,○,
62730,たった,,副,W,1,○,,○,○,○,
62740,だった,,連語,W,,,,○,,,
62750,だったい,脱退,名・ス自,K,3,○,,,,,
62760,たったたった,,副,W,,,,,,○,
62770,たったたったた,,副,W,,,,,,○,
62780,タッチ,touch,名・ス自,G,3,,,,○,○,
62790,たって,,連語,W,2,,,○,,,
62800,だって,,副助・接,W,1,○,,○,○,○,
62810,たっとい,尊い・貴い,形,W,2,,,○,,,
62820,たづな,手綱,名,W,1,,,,,○,
62830,たっぷり,,副,W,1,○,,○,○,○,○
62840,たつまき,竜巻,名,W,2,,,,○,○,
62850,たて,立て,接頭・接尾,W,1,,,○,,,
62860,たて,縦・×竪,名,W,1,◎,,○,○,○,○
62870,たてかえる,立て替える,下一他,W,2,○,,○,,,
62880,たてがき,縦書き,名,W,2,○,,,,,
62890,たてがみ,×鬣,名,W,1,,,,○,○,
62900,たてぶえ,縦笛,名,W,,,,,○,○,
62910,たてまえ,建て前,名,W,3,○,,○,,,
62920,たてもの,建物,名,W,1,◎,,○,○,○,○
62930,たてる,立てる・建てる,下一他・接尾,W,1,◎,,○,○,○,○
62940,だとう,妥当,名・ス自,K,3,○,,,,,
62950,たとえ,×譬え・×喩え,名,W,1,○,,○,,,
62960,たとえ,〈仮令〉・〈縦令〉,副,W,2,◎,,○,○,○,○
62970,たとえば,例えば,副,W,1,◎,,○,○,,○
62980,たとえる,×譬える・×喩える,下一他,W,1,○,,○,○,○,○
62990,たどる,×辿る,五自,W,2,,,○,○,○,
63000,たどん,△炭△団,名,K,1,,,,,○,
63010,たな,棚,名,W,1,◎,,○,○,○,○
63020,たなか,田中,名,W,,,,,○,,
63030,たなばた,《七夕》・棚機,名,W,1,,,○,○,○,○
63040,たなびく,棚引く,五自,W,2,,,,○,○,
63050,たに,谷,名,W,1,◎,,○,○,○,○
63060,たにがわ,谷川,名,W,1,,,,○,○,
63070,たにん,他人,名,K,2,◎,,○,○,○,○
63080,たぬき,×狸,名,W,1,○,,○,○,○,○
63090,たね,種,名,W,1,◎,,○,○,○,○
63100,たねまき,種×蒔き,名,W,1,,,,○,○,
63110,だの,,連語,W,,,,○,,,
63120,たのしい,楽しい,形,W,1,◎,○,○,○,○,○
63130,たのしみ,楽しみ,名,W,1,○,,○,,○,
63140,たのしむ,楽しむ,五他,W,1,◎,,○,○,○,○
63150,たのみ,頼み,名,W,1,○,,,○,○,
63160,たのむ,頼む,五他,W,1,◎,,○,○,○,○
63170,たのもしい,頼もしい,形,W,2,○,,,,,
63180,たば,束,名,W,1,◎,,○,○,○,○
63190,タバコ,〔葡〕tabaco,名,G,1,◎,,○,○,○,○
63200,タバコや,タバコ屋,名,H,,,,○,,,
63210,たばねる,束ねる,下一他,W,1,,,○,○,○,
63220,たび,度,名,W,1,◎,,○,○,○,○
63230,たび,旅,名,W,1,○,,○,○,○,○
63240,たび,《足袋》,名,W,1,,,○,,○,○
63250,たびたび,度度,副,W,1,◎,,○,○,○,○
63260,たびびと,旅人,名,W,1,,,,,○,
63270,だぶだぶ,,副・ス自・形動,W,2,○,,,○,○,
63280,たぶん,多分,名・副,K,1,◎,,○,○,○,○
63290,たべすぎ,食べ過ぎ,名,W,1,,,,○,○,
63300,たべもの,食べ物,名,W,1,◎,,○,○,○,○
63310,たべる,食べる,下一他,W,1,◎,○,○,○,○,○
63320,たほう,他方,名,K,3,,,○,,,
63330,たぼう,多忙,名,K,3,○,,,,,
63340,たま,,副,W,1,◎,,○,,,○
63350,たま,玉・△珠・球,名,W,1,◎,,○,○,○,○
63360,たま,〔猫名〕,名,W,1,,,,,○,
63370,たまいれ,玉入れ,名,W,,,,,○,○,
63380,だまかし,騙かし,名,W,,,,,,○,
63390,だまかす,×騙かす,五他,W,1,,,,,○,
63400,たまげる,△魂△消る,下一自,W,1,,,,,○,
63410,たまご,卵・玉子,名,W,1,◎,○,○,○,○,○
63420,たまころがし,玉転がし,名,W,,,,,○,○,
63430,だまし,×騙し,名,W,1,,,,,○,
63440,たましい,魂・△霊,名,W,1,○,,,,○,
63450,だます,×騙す,五他,W,1,◎,,○,○,○,○
63460,たまたま,,副,W,2,○,,○,○,○,○
63470,たまてばこ,玉手箱,名,W,1,,,,,○,
63480,たまどめ,玉止め,名,W,,,,,○,○,
63490,たまに,,副,W,,,,,○,○,○
63500,たまねぎ,玉×葱,名,W,1,○,,,○,○,
63510,たまむすび,玉結び,名,W,,,,,○,○,
63520,たまらない,,連語,W,1,○,,○,,○,
63530,たまる,×溜まる・△堪る,五自,W,1,◎,,○,○,○,○
63540,だまる,黙る,五自,W,1,◎,,○,○,○,○
63550,ダム,dam,名,G,1,○,,,○,○,
63560,ため,△為,名,W,1,◎,,○,○,○,○
63570,ため,×溜め,名,W,1,,,,,○,
63580,だめ,駄目,名,H,1,◎,○,○,○,○,○
63590,ためいき,×溜め息,名,W,1,○,,○,○,○,
63600,ためし,試し・△験し,名,W,1,○,,,○,○,
63610,ためす,試す・△験す,五他,W,1,◎,,○,○,○,○
63620,ためらう,〈×躊×躇〉う,五自,W,3,○,,,○,○,
63630,ためる,×溜める,下一他,W,1,◎,,○,○,○,○
63640,ためる,△貯める,下一他,W,,,,,,○,
63650,ためん,他面,名,K,3,,,○,,,
63660,たもつ,保つ,五他,W,2,○,,○,○,,○
63670,たもと,×袂,名,W,1,,,,,○,
63680,たやすい,,形,W,2,○,,○,,,○
63690,たより,便り,名,W,1,○,,○,,○,○
63700,たより,頼り,名,W,2,,,○,○,○,
63710,たよる,頼る・△便る,五他,W,2,◎,,○,○,○,○
63720,たら,,係助,W,,,,○,○,,○
63730,たらあ,〔人名〕,名,W,,,,,,○,
63740,たらい,×盥,名,W,1,,,○,○,○,
63750,だらけ,,接尾,W,1,○,,○,,○,○
63760,だらける,,下一自,W,2,,,,○,○,
63770,だらし,,名,W,,,,○,,,
63780,だらしない,,形,W,3,○,,,○,○,
63790,たらす,垂らす,五他,W,1,,,○,○,○,○
63800,たらず,,接尾,W,,,,○,,,
63810,だらだら,,副,W,1,,,,○,○,
63820,タラップ,〔蘭〕trap,名,G,3,,,,○,○,
63830,たり,,助動・副助,W,3,,,○,○,,○
63840,ダリア,dahlia,名,G,1,,,,○,○,
63850,たりょう,多量,名・形動,K,2,○,,○,,,○
63860,たりる,足りる,上一自,W,1,◎,,○,○,○,○
63870,たる,足る,五自,W,1,○,,○,,,
63880,たる,×樽,名,W,1,,,,○,○,
63890,たる,,助動,W,,,,○,,,
63900,だるい,,形,W,1,,,○,○,○,
63910,だるま,〔梵〕△達磨,名,G,1,,,,○,○,
63920,だるまちゃん,△達磨ちゃん,名,H,,,,,,○,
63930,たるむ,×弛む,五自,W,2,,,,○,○,
63940,たれ,垂れ,名・接尾,W,1,,,,,○,
63950,だれ,×誰,代,W,1,◎,○,○,○,○,○
63960,だれか,×誰か,連語,W,2,◎,,,○,○,
63970,だれひとり,×誰一人,連語,W,,,,,,○,
63980,たれる,垂れる,下一自他,W,1,,,○,○,○,○
63990,だれる,,下一自,W,2,,,○,○,○,
64000,たろ,〔人名〕,名,K,,,,,,○,
64010,たろう,〔人名〕,名,K,,,,,,○,
64020,だろう,,連語,W,1,,,○,,○,○
64030,たわし,△束子,名,W,1,,,,○,○,
64040,たわむ,×撓む,五自,W,2,,,,○,○,
64050,たわむれる,戯れる,下一自,W,2,,,○,,,
64060,たわら,俵,名,W,1,,,○,,○,
64070,たん,単,接頭,K,,,,○,,,
64080,だん,段,名・接尾,K,1,○,,○,,○,○
64090,だん,団,名,K,2,,,○,,,
64100,だん,壇,名,K,2,,,○,,,
64110,たんい,単位,名,K,3,○,,○,○,,○
64120,たんいつ,単一,名,K,3,,,○,,,
64130,たんいめんせき,単位面積,名,K,,,,○,,,
64140,たんえき,胆液,名,K,,,,○,,,
64150,たんか,短歌,名,K,2,○,,,○,,
64160,たんか,担架,名,K,3,,,○,○,○,○
64170,たんか,単価,名,K,3,,,○,,,○
64180,タンカー,tanker,名,G,3,,,,○,○,
64190,だんかい,段階,名,K,3,○,,○,○,,○
64200,たんき,短気,名・形動,K,1,○,,○,,,○
64210,たんき,短期,名,K,3,○,,○,,,○
64220,タンク,tank,名,G,1,,,,○,○,
64230,だんけつ,団結,名・ス自,K,2,○,,,,,
64240,たんけん,探検・探険,名・ス他,K,2,○,,,,,
64250,たんけんたい,探検隊,名,K,,,,,○,○,
64260,たんご,単語,名,K,3,◎,,○,○,,○
64270,だんご,団子,名,H,1,,,,○,○,
64280,たんこう,炭坑,名,K,3,○,,,○,○,
64290,たんざく,短冊・短△尺,名,K,3,,,,,○,
64300,たんさん,炭酸,名,K,3,,,○,,,
64310,だんし,男子,名,K,1,○,,○,○,○,○
64320,たんしゅく,短縮,名・ス他,K,3,○,,○,,,○
64330,たんじゅん,単純,名・形動,K,3,○,,○,,,○
64340,たんしょ,短所,名,K,2,○,,○,○,○,○
64350,だんじょ,男女,名,K,2,○,,○,,,
64360,たんじょう,誕生,名・ス自,K,1,◎,,○,○,○,
64370,たんじょうかい,誕生会,名,K,1,,,,○,○,
64380,たんじょうび,誕生日,名,H,1,◎,,○,○,○,○
64390,たんす,×箪×笥,名,K,1,◎,,○,○,○,○
64400,ダンス,dance,名,G,1,○,,○,○,○,○
64410,だんすい,断水,名・ス自他,K,3,,,,○,○,
64420,たんすいかぶつ,炭水化物,名,K,,,,○,,,
64430,たんすいしゃ,炭水車,名,K,,,,,,○,
64440,たんすう,単数,名,K,3,,,,○,,
64450,だんせい,男性,名,K,2,◎,,○,○,○,○
64460,だんせいてき,男性的,形動,K,2,○,,,,,
64470,たんせん,単線,名,K,,,,○,,,○
64480,だんぜん,断然,副・トタル,K,3,,,,○,○,
64490,たんそ,炭素,名,K,2,○,,○,,,
64500,たんそげんし,炭素原子,名,K,,,,○,,,
64510,たんたい,単体,名,K,,,,○,,,
64520,だんたい,団体,名,K,2,◎,,○,○,,○
64530,だんだん,段段,名・副,K,1,◎,,○,○,○,○
64540,だんだんばたけ,段段畑,名,H,1,,,,○,○,
64550,だんち,団地,名,K,2,○,,,○,○,
64560,たんちょう,単調,名・形動,K,3,○,,,,,
64570,たんてい,探偵,名・ス他,K,2,,,,○,○,
64580,だんてい,断定,名・ス他,K,3,○,,,,,
64590,たんでん,炭田,名,K,2,,,○,,,
64600,たんとう,担当,名・ス他,K,3,○,,○,,,○
64610,だんな,〔梵〕×旦×那・×檀×那,名,G,1,,,,,○,
64620,たんなる,単なる,連体,H,2,○,,,,,
64630,たんに,単に,副,H,3,○,,,,,
64640,たんにん,担任,名・ス他,K,1,,,,○,○,
64650,たんぱくしつ,×蛋白質,名,K,2,○,,○,,,
64660,タンバリン,tambourine,名,G,3,,,,○,○,
64670,ダンプカー,←dump truck,名,G,3,,,,○,○,
64680,たんぼ,田×圃,名,H,1,○,,○,○,○,○
64690,だんぼう,暖房・×煖房,名,K,2,○,,○,,,○
64700,だんボール,段ボール,名,H,,,,,○,○,
64710,たんぽぽ,〈×蒲公英〉,名,W,1,,,,○,○,
64720,だんろ,暖炉・×煖炉,名,K,2,,,,○,○,
64730,ち,地,名,K,1,○,,○,,○,○
64740,ち,血,名,W,1,◎,,○,○,○,○
64750,ちい,地位,名,K,2,○,,○,,,
64760,ちいき,地域,名,K,3,○,,○,,,
64770,ちいきしゃかい,地域社会,名,K,,,,○,,,
64780,ちいきてき,地域的,形動,K,,,,○,,,
64790,ちいさい,小さい,形,W,1,◎,○,○,○,○,○
64800,ちいさな,小さな,連体,W,2,◎,○,○,○,○,○
64810,チーズ,cheese,名,G,1,○,,○,○,○,○
64820,チーム,team,名,G,2,○,,○,○,○,
64830,ちえ,知恵・×智×慧,名,K,1,○,,○,○,○,○
64840,ちか,地下,名,K,2,○,,○,○,○,○
64850,ちかい,近い,形,W,1,◎,○,○,○,○,○
64860,ちがい,違い,名,W,1,◎,,○,○,○,○
64870,ちがいない,違いない,連語,W,2,○,,○,,,
64880,ちかう,誓う,五他,W,2,○,,,○,○,
64890,ちがう,違う,五自,W,1,◎,,○,○,○,○
64900,ちがえる,違える,下一他,W,1,,,○,,○,
64910,ちかがい,地下街,名,K,,,,,○,○,
64920,ちかく,近く,名,W,1,◎,○,○,○,○,○
64930,ちかごろ,近×頃,名,W,1,○,,○,,,○
64940,ちかしつ,地下室,名,K,1,,,,,○,
64950,ちかづく,近付く,五自,W,1,◎,,○,○,○,○
64960,ちかづける,近付ける,下一他,W,1,○,,,○,○,
64970,ちかてつ,地下鉄,名,K,1,◎,○,○,○,○,○
64980,ちかどう,地下道,名,K,2,○,,,,,
64990,ちかみち,近道,名,W,1,○,,,○,○,
65000,ちかよる,近寄る,五自,W,1,◎,,○,○,○,
65010,ちから,力,名,W,1,◎,○,○,○,○,○
65020,ちからいっぱい,力一杯,副,H,2,,,,,○,
65030,ちからこぶ,力×瘤,名,W,2,,,,○,○,
65040,ちからたろう,〔人名〕,名,H,,,,,,○,
65050,ちからづよい,力強い,形,W,2,○,,,,,
65060,ちからもち,力持ち,名,W,1,,,,○,○,
65070,ちきゅう,地球,名,K,1,◎,,○,○,○,○
65080,ちきゅうぎ,地球儀,名,K,2,,,,○,○,
65090,ちぎる,千切る,五他,W,1,○,,○,○,○,
65100,ちぎれる,千切れる,下一自,W,1,,,,,○,
65110,ちくおんき,蓄音器,名,K,1,,,○,,○,
65120,ちくせき,蓄積,名・ス自他,K,3,○,,,,,
65130,ちくちく,,副,W,1,,,,○,○,
65140,ちくりざくり,,副,W,,,,,,○,
65150,ちくわ,竹輪,名,H,1,,,,○,○,
65160,ちけい,地形,名,K,2,○,,○,,,
65170,チケット,ticket,名,G,3,,,,,,○
65180,ちこく,遅刻,名・ス自,K,1,○,,○,○,○,○
65190,ちじ,知事,名,K,2,○,,,,,
65200,ちしき,知識,名,K,2,◎,,○,○,,○
65210,ちじょう,地上,名,K,1,○,,○,○,○,
65220,ちじん,知人,名,K,2,○,,,,,
65230,ちず,地図,名,K,1,◎,,○,○,○,○
65240,ちそう,×馳走,名・ス他,K,1,,,,,○,
65250,ちたい,地帯,名,K,3,○,,○,,,
65260,ちち,父,名,W,1,◎,,○,○,○,○
65270,ちち,乳,名,W,1,○,,○,,○,○
65280,ちちおや,父親,名,W,1,○,,,,,
65290,ちぢまる,縮まる,五自,W,1,○,,,○,○,○
65300,ちぢみ,縮み,名,W,1,,,○,,,
65310,ちぢむ,縮む,五自,W,1,○,,○,○,○,○
65320,ちぢめる,縮める,下一他,W,1,○,,○,○,○,○
65330,ちちゅう,地中,名,K,2,,,○,,,
65340,ちぢれる,縮れる,下一自,W,1,,,○,○,○,
65350,ちっく,〔固〕,名,W,,,,,,○,
65360,ちっくたっく,,副,W,,,,,,○,
65370,ちつじょ,秩序,名,K,3,○,,○,○,,
65380,ちっそ,窒素,名,K,2,,,○,,,
65390,ちっそひりょう,窒素肥料,名,K,,,,○,,,
65400,ちっちゃい,小っちゃい,形,W,,,,,,○,
65410,ちっちゃな,,連体,W,,,,,,○,
65420,ちっとも,,副,W,1,◎,,○,○,○,
65430,ちっぽけ,,名,W,1,,,,,○,
65440,ちてき,知的,形動,K,2,○,,,,,
65450,ちのう,知能・×智能,名,K,3,○,,,,,
65460,ちび,,名,W,1,,,,,○,
65470,ちびくろ・ウーフ,〔人名〕,名,H,,,,,,○,
65480,ちびくろ・サンボ,,名,H,,,,,,○,
65490,ちびくろ・ムーフ,〔人名〕,名,H,,,,,,○,
65500,ちびくん,,名,H,,,,,,○,
65510,ちびっこ,,名,W,1,,,,,○,
65520,ちぶさ,乳房,名,W,1,,,,,○,
65530,ちへいせん,地平線,名,K,2,,,,○,○,
65540,ちほう,地方,名,K,2,◎,,○,○,○,
65550,ちほうこうきょうだんたい,地方公共団体,名,K,,,,○,,,
65560,ちほうじち,地方自治,名,K,,,,○,,,
65570,チム,〔人名〕,名,G,,,,,,○,
65580,ちめい,地名,名,K,2,○,,,,,
65590,ちゃ,茶,名,K,1,◎,○,○,○,○,○
65600,ちゃあんと,,副,W,,,,,,○,
65610,チャイム,chime,名,G,3,,,,○,○,
65620,ちゃいろ,茶色,名,H,1,◎,○,○,○,○,○
65630,ちゃいろい,茶色い,形,H,,,,,○,,
65640,ちゃく,着,名・接尾,K,1,○,,○,○,○,○
65650,ちゃくしゅ,着手,名・ス自,K,2,○,,,,,
65660,ちゃくしょく,着色,名・ス自,K,2,○,,,,,
65670,ちゃくせき,着席,名・ス自,K,2,○,,,○,○,
65680,ちゃくちゃく,着着,副,K,3,○,,,,,
65690,ちゃくりく,着陸,名・ス自,K,2,○,,,○,○,
65700,チャック,chuck,名,G,1,,,,○,○,
65710,ちゃつみ,茶摘み,名,H,2,,,,○,○,
65720,ちゃのま,茶の間,名,H,1,○,,,,,
65730,ちゃのゆ,茶の湯,名,H,3,,,,,,○
65740,ちゃぷりん,,副,W,,,,,,○,
65750,ちゃま,,接尾,W,2,◎,,,○,○,
65760,ちゃめ,茶目,名・形動,H,1,,,,,○,
65770,ちゃわん,茶×碗,名,K,1,◎,○,○,○,○,○
65780,ちゃん,,接尾,W,1,,,○,,,○
65790,チャンス,chance,名,G,3,○,,,○,○,
65800,ちゃんちゃん,,副,W,,,,,,○,
65810,ちゃんと,,副・ス自,W,1,◎,,○,○,○,○
65820,チャンネル,channel,名,G,1,,,,○,○,
65830,ちゃんばら,,名,W,2,,,,○,○,
65840,チャンピオン,champion,名,G,3,,,,○,○,
65850,ちゅう,中,名,K,1,◎,○,○,○,,○
65860,ちゅう,中,接尾,K,2,○,,,,,
65870,ちゅう,注,名,K,3,○,,,,,
65880,ちゅうい,注意,名・ス自,K,1,◎,,○,○,○,○
65890,ちゅういぶかい,注意深い,形,H,2,○,,,,,
65900,ちゅうおう,中央,名,K,2,◎,,○,○,○,○
65910,ちゅうか,中華,名,K,2,,,,,,○
65920,ちゅうがえり,宙返り,名,H,1,,,○,○,○,
65930,ちゅうがく,中学,名,K,2,○,,,,,
65940,ちゅうがくせい,中学生,名,K,1,○,,○,,,
65950,ちゅうがっこう,中学校,名,K,1,◎,,○,○,○,○
65960,ちゅうかん,中間,名,K,2,○,,,,,
65970,ちゅうぎ,忠義,名,K,3,,,○,,,
65980,ちゅうきゅう,中級,名,K,2,○,,,○,,
65990,ちゅうくらい,中位,名,H,,,,,,○,
66000,ちゅうこく,忠告,名・ス他,K,2,○,,,,,
66010,ちゅうごく,中国,名,K,2,○,,○,○,,○
66020,ちゅうごくご,中国語,名,K,2,○,,,,,
66030,ちゅうごくじん,中国人,名,K,2,○,,○,,,
66040,ちゅうし,中止,名・ス他,K,2,◎,,○,○,○,○
66050,ちゅうじつ,忠実,名・形動,K,2,○,,,,,
66060,ちゅうしゃ,注射,名・ス他,K,1,◎,,○,○,○,○
66070,ちゅうしゃ,駐車,名・ス自,K,3,○,,,○,,○
66080,ちゅうしゃじょう,駐車場,名,K,2,○,,○,○,○,
66090,ちゅうじゅん,中旬,名,K,2,○,,,,,○
66100,ちゅうしょう,中傷,名・ス他,K,3,○,,,,,
66110,ちゅうしょうきぎょう,中小企業,名,K,3,,,○,,,
66120,ちゅうしょうてき,抽象的,形動,K,2,○,,○,○,,
66130,ちゅうしょく,昼食・中食,名,K,2,○,,,,,
66140,ちゅうしん,中心,名,K,1,◎,,○,○,○,○
66150,ちゅうすう,中枢,名,K,3,,,○,,,
66160,ちゅうせい,中世,名,K,3,○,,○,,,
66170,ちゅうせい,中性,名,K,3,,,○,,,
66180,ちゅうぞう,鋳造,名・ス他,K,3,,,○,,,
66190,ちゅうちゅう,,副,W,1,,,,,○,
66200,ちゅうちゅう,（機関車名）,名,W,,,,,,○,
66210,ちゅうちょ,×躊×躇,名・ス自,K,3,,,○,,,
66220,ちゅうと,中途,名,K,1,○,,,,,
66230,ちゅうどく,中毒,名・ス自,K,2,○,,,,,
66240,ちゅうとはんぱ,中途半端,名・形動,H,1,,,,○,○,
66250,ちゅうねん,中年,名,K,3,○,,,,,○
66260,チューブ,tube,名,G,2,,,,○,○,
66270,ちゅうぶ,中部,名,K,2,,,,○,,
66280,ちゅうふく,中腹,名,K,3,,,,○,○,
66290,ちゅうもく,注目,名・ス自他,K,2,○,,○,,,
66300,ちゅうもん,注文・×註文,名・ス他,K,1,◎,,○,○,○,○
66310,ちゅうりつ,中立,名,K,2,○,,,,,
66320,チューリップ,tulip,名,G,1,○,,,○,○,
66330,ちゅうりゅう,中流,名,K,2,,,,○,○,
66340,ちゅうわ,中和,名・ス自他,K,3,○,,○,,,
66350,ちょ,著,名,K,3,○,,,,,
66360,ちょう,町,名,K,1,○,,○,,,○
66370,ちょう,×蝶,名,K,1,○,,○,○,○,○
66380,ちょう,長,名,K,2,○,,○,○,,○
66390,ちょう,鳥,名,K,2,○,,,,,
66400,ちょう,腸,名,K,2,○,,,,,○
66410,ちょう,超,接頭・接尾,K,3,,,○,,,
66420,ちょう,庁,名,K,3,○,,,,,
66430,ちょう,兆,名,K,3,○,,,,○,
66440,ちょう,丁,名・接尾,K,3,,,○,○,○,
66450,ちょう,調,接尾,K,,,,○,,,
66460,ちょういん,調印,名・ス自,K,3,○,,,,,
66470,ちょうおん,長音,名,K,3,○,,,,,
66480,ちょうか,超過,名・ス自,K,3,○,,,,,
66490,ちょうかい,朝会,名,K,2,,,,○,○,
66500,ちょうかい,聴解,名,K,,,,,,,○
66510,ちょうかん,朝刊,名,K,2,○,,,,,
66520,ちょうき,長期,名,K,2,○,,,,,○
66530,ちょうきょう,調教,名,K,,,,,○,○,
66540,ちょうこく,彫刻,名・ス他,K,3,○,,○,○,○,
66550,ちょうこくか,彫刻家,名,K,,,,○,,,
66560,ちょうこくとう,彫刻刀,名,K,,,,,○,○,
66570,ちょうさ,調査,名・ス他,K,2,○,,○,,,○
66580,ちょうし,調子,名,K,1,◎,,○,○,○,○
66590,ちょうじゃ,長者,名,K,3,,,,,○,
66600,ちょうしょ,長所,名,K,2,◎,,○,○,○,
66610,ちょうじょ,長女,名,K,2,○,,○,,,
66620,ちょうじょう,頂上,名,K,1,○,,○,○,○,
66630,ちょうしょく,朝食,名,K,2,○,,○,○,○,○
66640,ちょうしんき,聴診器,名,K,3,,,,○,○,
66650,ちょうせい,調整,名・ス他,K,3,○,,○,,,
66660,ちょうせつ,調節,名・ス他,K,3,○,,○,,,
66670,ちょうせん,朝鮮,名,K,2,○,,,○,,○
66680,ちょうだい,頂×戴,名・ス他,K,1,○,,○,○,○,○
66690,ちょうちょ,×蝶×蝶,名,K,1,,,,○,○,
66700,ちょうちょう,×蝶×蝶,名,K,1,,,○,,○,
66710,ちょうちん,△提△灯,名,K,1,,,,○,○,
66720,ちょうてん,頂点,名,K,3,,,,○,○,
66730,ちょうど,丁度・〈×恰度〉,副,K,1,◎,○,○,○,○,○
66740,ちょうとっきゅう,超特急,名,K,,,,○,,,
66750,ちょうないかい,町内会,名,K,,,,○,,,
66760,ちょうなん,長男,名,K,2,○,,○,,,
66770,ちょうふくやま,,名,H,,,,,,○,
66780,ちょうほう,重宝,名・形動・ス他,K,2,○,,,,,
66790,ちょうほうけい,長方形,名,K,2,○,,,○,○,
66800,ちょうみりょう,調味料,名,K,3,○,,,○,○,
66810,ちょうめ,丁目,名・接尾,H,2,◎,,○,○,,
66820,ちょうめん,帳面,名,K,1,,,○,○,○,
66830,ちょうりいん,調理員,名,K,,,,,,○,
66840,ちょうれい,朝礼,名,K,2,,,,○,○,
66850,ちょうわ,調和,名・ス自,K,2,○,,○,,,
66860,チョーク,chalk,名,G,1,○,,○,○,○,○
66870,ちよがみ,千代紙,名,W,1,,,,○,○,
66880,ちょきちょき,,副,W,1,,,,○,○,
66890,ちょきん,貯金,名・ス自他,K,1,◎,,○,○,○,○
66900,ちょくせつ,直接,名・ス自・形動,K,2,◎,,○,○,○,○
66910,ちょくせん,直線,名,K,2,○,,○,○,○,○
66920,ちょくりゅう,直流,名・ス自,K,3,,,,,,○
66930,ちょこちょこ,,副・ス自,W,1,,,○,○,○,
66940,ちょこまか,,副,W,,,,,○,○,
66950,チョコレート,chocolate,名,G,1,○,,○,○,○,
66960,ちょこん,,副,W,,,,,,○,
66970,ちょしゃ,著者,名,K,2,○,,,,,
66980,ちょしょ,著書,名,K,2,○,,,,,
66990,ちょすいち,貯水池,名,K,2,,,,○,○,
67000,ちょちく,貯蓄,名・ス他,K,3,○,,○,,,
67010,ちょっかく,直角,名,K,2,○,,○,○,○,
67020,ちょっかくさんかくけい,直角三角形,名,K,,,,,○,○,
67030,チョッキ,←〔葡〕jaque,名,G,1,,,○,○,○,
67040,ちょっけい,直径,名,K,2,○,,○,,,○
67050,ちょっと,〈一寸〉・△鳥渡,副,W,1,◎,○,○,○,○,○
67060,ちょろちょろ,,副・ス自,W,1,,,○,○,○,
67070,ちらかす,散らかす,五他,W,1,○,,,○,○,
67080,ちらかる,散らかる,五自,W,1,,,,○,○,
67090,ちらし,散らし,名,W,1,,,,○,○,
67100,ちらす,散らす,五他,W,1,○,,○,○,○,
67110,ちらちら,,副・ス自,W,1,,,○,○,○,
67120,ちらばる,散らばる,五自,W,1,,,○,○,○,
67130,ちり,×塵,名,W,1,,,○,,○,○
67140,ちり,地理,名,K,2,◎,,○,○,,○
67150,ちりがみ,×塵紙,名,W,1,○,,,○,○,
67160,ちりぢり,散り散り,名,W,1,,,○,,,
67170,ちりとり,×塵取り,名,W,1,,,,○,○,
67180,ちりはじめる,,下一自,W,,,,,,○,
67190,ちりょう,治療,名・ス他,K,3,○,,,○,○,
67200,ちる,散る,五自,W,1,◎,,○,○,○,○
67210,ちろう,,名,K,,,,,,○,
67220,ちん,賃,名,K,2,,,○,,,
67230,ちんぎん,賃金・賃銀,名,K,2,○,,○,,,○
67240,ちんちん,,名・副,W,1,,,,,○,
67250,ちんどんや,ちんどん屋,名,W,1,,,,○,○,
67260,チンパンジー,chimpanzee,名,G,,,,,○,○,
67270,ちんぼつ,沈没,名・ス自,K,2,○,,,○,○,
67280,ちんもく,沈黙,名・ス自,K,3,○,,,,,
67290,ちんれつ,陳列,名・ス他,K,2,○,,,,,
67300,ツアー,tour,名,G,,,,,,,○
67310,つい,,副,W,1,,,○,○,○,
67320,つい,対,名,K,2,,,○,○,○,
67330,ついか,追加,名・ス他,K,3,○,,,,,
67340,ついせき,追跡,名・ス他,K,3,,,,○,○,
67350,ついたち,《一日》・×朔,名,W,1,◎,○,○,○,○,○
67360,ついたて,△衝立,名,W,1,,,○,○,○,
67370,ついて,就いて,連語,W,2,,,,,,○
67380,ついで,△序で,名,W,1,◎,,○,○,○,○
67390,ついで,次いで,連語,W,2,,,○,,,
67400,ついとつ,追突,名・ス自,K,3,,,,○,○,
67410,ついに,△終に・△遂に・×竟に,副,W,1,◎,,○,○,○,○
67420,ついばむ,×啄む,五他,W,3,,,,○,○,
67430,ついほう,追放,名・ス他,K,3,○,,,,,
67440,ついやす,費やす,五他,W,2,○,,,,,
67450,ついらく,墜落,名・ス自,K,2,○,,○,○,○,
67460,つう,通,名・形動・接尾,K,2,,,○,,,
67470,つうか,通過,名・ス自,K,2,◎,,○,○,○,
67480,つうか,通貨,名,K,3,,,,○,,
67490,つうがく,通学,名・ス自,K,2,◎,,○,○,○,○
67500,つうきん,通勤,名・ス自,K,2,○,,○,,,○
67510,つうこう,通行,名・ス自,K,2,○,,○,○,○,○
67520,つうこうどめ,通行止め,名,H,,,,,○,○,
67530,つうじょう,通常,名,K,2,○,,○,,,○
67540,つうじる,通じる,上一自,H,2,○,,○,○,○,○
67550,つうしん,通信,名・ス自,K,2,○,,○,○,○,○
67560,つうち,通知,名・ス他,K,2,○,,○,○,○,○
67570,ツーピース,←two-piece dress,名,G,3,,,○,,,
67580,つうやく,通訳,名・ス他,K,2,○,,○,○,,○
67590,つうよう,通用,名・ス自,K,2,○,,○,,,
67600,つうろ,通路,名,K,2,,,○,○,○,○
67610,つえ,×杖,名,W,1,○,,○,○,○,○
67620,つかい,使い・遣い,名,W,1,○,,○,○,○,
67630,つかいかた,使い方・遣い方,名,W,1,,,,,○,
67640,つかいこむ,使い込む・遣い込む,五他,W,2,,,○,,,
67650,つかいわける,使い分ける,下一他,W,,,,○,,,
67660,つかう,使う・遣う,五他,W,1,◎,○,○,○,○,○
67670,つかえ,△支え・×閊え,名,W,1,,,,,○,
67680,つかえる,△支える・×閊える,下一自,W,1,,,○,,○,
67690,つかえる,仕える・△事える,下一自,W,1,,,○,○,,
67700,つかつか,,副,W,1,,,,○,○,
67710,つかまえる,捕まえる・×掴まえる,下一他,W,1,◎,,○,○,○,○
67720,つかまる,捕まる・×掴まる,五自,W,1,○,,○,○,○,
67730,つかみ,×掴み・×攫み,名,W,1,,,,,○,
67740,つかむ,×掴む・×攫む,五他,W,1,◎,,○,○,○,○
67750,つかる,△浸かる・漬かる,五自,W,1,,,,○,○,
67760,つかれ,疲れ,名,W,1,○,,○,,○,
67770,つかれる,疲れる,下一自,W,1,◎,,○,○,○,○
67780,つき,月,名,W,1,◎,○,○,○,○,○
67790,つき,付き,名,W,1,,,○,,○,
67800,つき,突き,名・接頭,W,1,,,,,○,
67810,つぎ,次,名,W,1,◎,○,○,○,○,○
67820,つぎ,継ぎ,名・接尾,W,1,,,○,,○,
67830,つきあい,付き合い,名,W,2,○,,,,,
67840,つきあう,付き合う,五自,W,2,○,,○,○,○,○
67850,つきあげる,突き上げる,下一他,W,1,,,,,○,
67860,つきあたり,突き当たり,名,W,1,,,○,○,○,○
67870,つきあたる,突き当たる,五自,W,1,○,,○,,,
67880,つぎこむ,△注ぎ込む,五他,W,1,,,○,,,
67890,つきそい,付き添い,名,W,1,,,,○,○,○
67900,つきそう,付き添う,五自,W,1,,,○,,,○
67910,つきだす,突き出す,五他,W,1,,,○,,○,○
67920,つぎつぎ,次次,名,W,1,○,,○,○,○,○
67930,つきつける,突き付ける,下一他,W,2,,,○,,,
67940,つきでた,突き出た,連語,W,,,,○,,,
67950,つきでる,突き出る,下一自,W,,,,,,,○
67960,つきとばす,突き飛ばす,五他,W,1,,,○,○,○,
67970,つきのぼうや,〔人名〕,名,W,,,,,,○,
67980,つきのわぐま,月の輪熊,名,W,,,,,,○,
67990,つぎはぎ,継ぎ△接ぎ,名,W,,,,,○,○,
68000,つきひ,月日,名,W,1,○,,○,,○,
68010,つきみ,月見,名,W,1,,,,,,○
68020,つぎめ,継ぎ目,名,W,1,,,○,,,○
68030,つきやぶる,突き破る,五他,W,1,,,,○,○,
68040,つきる,尽きる,上一自,W,2,○,,,,,○
68050,つく,付く・△附く,五自,W,1,◎,,○,○,○,○
68060,つく,△点く,五自,W,1,,,○,○,○,○
68070,つく,着く,五自,W,1,◎,,○,○,○,○
68080,つく,△吐く,五他,W,1,,,,,○,
68090,つく,突く,五他,W,1,◎,,○,○,○,○
68100,つく,×搗く,五他,W,1,,,,,○,
68110,つく,就く,五自,W,2,◎,,○,○,○,○
68120,つぐ,次ぐ,五自,W,1,○,,○,,○,
68130,つぐ,△注ぐ,五他,W,1,,,○,○,○,
68140,つぐ,継ぐ,五他,W,1,,,○,○,○,
68150,つぐ,接ぐ,五他,W,2,,,○,,,
68160,つくえ,机,名,W,1,◎,○,○,○,○,○
68170,つくし,〈土筆〉,名,W,1,,,,○,○,
68180,つくす,尽くす,五他,W,2,○,,○,○,○,○
68190,つくづく,△熟,副,W,1,○,,○,,,
68200,つくり,作り・造り,名,W,1,,,,,○,
68210,つくり,×旁,名,W,2,○,,,,,○
68220,つくりあげる,作り上げる・造り上げる,下一他,W,1,○,,,,,
68230,つくりかた,作り方,名,W,1,,,,○,○,
68240,つくりだす,作り出す・造り出す,五他,W,2,,,○,,,
68250,つくりはじめる,,下一他,W,,,,,,○,
68260,つくる,作る・造る,五他,W,1,◎,○,○,○,○,○
68270,つげぐち,告げ口,名,W,2,,,,○,○,
68280,つけくわえる,付け加える,下一他,W,2,○,,○,,,○
68290,つけな,漬け菜,名,W,2,,,,,○,
68300,つけひげ,付け×髭,名,W,,,,,,○,
68310,つけもの,漬物,名,W,1,◎,,○,○,○,○
68320,つける,付ける・△附ける,下一他,W,1,◎,,○,○,○,○
68330,つける,着ける,下一他,W,1,◎,,○,○,○,○
68340,つける,漬ける,下一他,W,1,○,,○,○,○,
68350,つける,点ける,下一他,W,,,,○,,,
68360,つげる,告げる,下一他,W,2,○,,,,,
68370,っこ,,接尾,W,,,,○,,,
68380,つごう,都合,名・ス他,K,1,◎,,○,○,○,○
68390,つじ,×辻,名,W,1,,,,,○,
68400,づたい,伝,接尾,W,,,,○,,,
68410,つたう,伝う,五自,W,1,○,,○,○,○,
68420,つたえ,伝え,名,W,1,,,,,○,
68430,つたえる,伝える,下一他,W,1,◎,,○,○,○,○
68440,つたわる,伝わる,五自,W,1,○,,○,○,○,○
68450,つち,土,名,W,1,◎,,○,○,○,○
68460,つち,×槌,名,W,1,,,,,○,
68470,つつ,筒,名,W,1,○,,○,○,○,○
68480,つつ,,接助,W,2,,,○,,,○
68490,つっかいぼう,つっかい棒,名,H,,,,,○,○,
68500,つづき,続き,名,W,1,○,,○,○,○,○
68510,つっきる,突っ切る,五他,W,2,,,,,○,
68520,つつく,,五他,W,1,○,,○,○,○,○
68530,つづく,続く,五自,W,1,◎,,○,○,○,○
68540,つづける,続ける,下一他,W,1,◎,,○,○,○,○
68550,つっこむ,突っ込む,五自他,W,1,○,,○,○,○,
68560,つつじ,〈×躑×躅〉,名,W,1,,,,○,○,
68570,つつしむ,慎む・謹む,五他,W,3,○,,○,,,○
68580,つったつ,突っ立つ,五自,W,1,,,,,○,
68590,つっぱる,突っ張る,五他,W,1,,,,○,○,
68600,つつみ,包み,名,W,1,○,,,○,○,
68610,つつみ,堤,名,W,1,,,,,○,
68620,つつみがみ,包み紙,名,W,1,,,,○,○,
68630,つつむ,包む,五他,W,1,◎,,○,○,○,○
68640,つづら,〈×葛×篭〉,名,W,2,,,,,○,
68650,つづり,×綴り,名,W,2,,,○,,,○
68660,って,,接助・格助・連語,W,,,,○,,,
68670,つとまる,勤まる,五自,W,1,,,○,,,
68680,つとめ,務め,名,W,1,○,,,○,○,
68690,つとめ,勤め,名,W,1,○,,○,○,○,○
68700,つとめさき,勤め先,名,W,1,○,,,,,
68710,つとめる,努める,下一他,W,1,◎,,○,○,○,○
68720,つとめる,務める,下一他,W,1,,,,,,○
68730,つとめる,勤める,下一他,W,1,◎,,○,○,○,○
68740,つな,綱,名,W,1,○,,○,○,○,○
68750,つながり,×繋がり,名,W,1,○,,,,,
68760,つながる,×繋がる,五自,W,1,○,,○,○,○,
68770,つなぎ,×繋ぎ,名,W,1,,,,,○,
68780,つなぐ,×繋ぐ,五他,W,1,◎,,○,○,○,○
68790,つなげる,×繋げる,下一他,W,,,,,○,○,
68800,つなひき,綱引き・綱×曳き,名,W,1,,,,○,○,
68810,つなみ,津波・津△浪・〈海×嘯〉,名,W,2,○,,,○,○,○
68820,つなわたり,綱渡り,名,W,2,,,,○,○,
68830,つね,常,名,W,2,◎,,○,○,,○
68840,つねた,〔固〕,名,W,,,,,,○,
68850,つねる,抓る,五他,W,,,,,○,○,
68860,つの,角,名,W,1,,,○,○,○,
68870,つのぶえ,角笛,名,W,2,,,,○,○,
68880,つば,×唾,名,W,1,○,,○,○,○,○
68890,つばき,×唾,名,W,1,,,,○,○,
68900,つばき,×椿,名,W,1,,,,,○,
68910,つばきやま,,名,W,,,,,,○,
68920,つばくろ,×燕,名,W,1,,,,,○,
68930,つばさ,翼,名,W,1,○,,○,○,○,○
68940,つばめ,×燕,名,W,1,○,,,○,○,
68950,つぶ,粒,名,W,1,◎,,○,○,○,○
68960,つぶし,×潰し,名,W,1,,,,,○,
68970,つぶす,×潰す,五他,W,1,○,,○,○,○,○
68980,つぶつぶ,粒粒,副,W,,,,,,○,
68990,つぶやく,×呟く,五自,W,1,○,,○,○,○,
69000,つぶる,×瞑る,五他,W,1,○,,○,○,○,
69010,つぶれる,×潰れる,下一自,W,1,◎,,○,○,○,○
69020,つべこべ,,副,W,,,,,○,○,
69030,つぼ,×壷,名,W,1,○,,,○,○,
69040,っぽい,,接尾,W,,,,○,,,
69050,つぼみ,×蕾・×莟,名,W,1,○,,○,○,○,○
69060,つぼむ,×蕾む,五自,W,1,,,,○,○,
69070,つぼめる,×窄める,下一他,W,2,,,,○,○,
69080,つま,妻,名,W,1,◎,,○,○,○,○
69090,つまさき,×爪先,名,W,1,,,○,○,○,
69100,つまずく,×躓く,五自,W,1,○,,○,○,○,○
69110,つまみ,△摘み・△撮み,名,W,1,,,○,,○,○
69120,つまみぐい,△摘み食い,名,W,1,,,,○,○,
69130,つまむ,△摘む・△撮む・×抓む,五他,W,1,○,,○,○,○,○
69140,つまらない,,連語,W,1,◎,,○,○,○,○
69150,つまり,,名・副,W,2,◎,,○,○,○,○
69160,つまる,詰まる,五自,W,1,○,,○,○,○,○
69170,つみ,摘み,名,W,1,,,,,○,
69180,つみ,罪,名,W,2,◎,,○,○,○,○
69190,つみあげる,積み上げる,下一他,W,1,,,,○,○,
69200,つみかさねる,積み重ねる,下一他,W,1,,,,○,○,
69210,つみき,積み木,名,W,1,,,,○,○,○
69220,つみとる,摘み取る,五他,W,,,,,,○,
69230,つみに,積み荷,名,W,2,,,,○,○,
69240,つむ,積む,五自他,W,1,◎,,○,○,○,○
69250,つむ,摘む,五他,W,1,,,○,○,○,
69260,つむ,錘・〈紡錘〉,名,W,,,,,,○,
69270,つむぐ,紡ぐ,五他,W,3,,,,,○,
69280,つむじ,〈旋毛〉,名,W,3,,,,○,○,
69290,つむり,△頭,名,W,1,,,,,○,
69300,つむる,×瞑る,五他,W,1,,,,○,○,
69310,つめ,×爪,名,W,1,◎,,○,○,○,○
69320,つめ,詰め,名,W,1,,,○,,,○
69330,づめ,詰め,接尾,W,,,,○,,○,
69340,つめきり,×爪切り,名,W,2,,,,○,○,
69350,つめたい,冷たい,形,W,1,◎,○,○,○,○,○
69360,つめる,詰める,下一自他,W,1,◎,,○,○,○,○
69370,つもり,積もり,名,W,1,◎,,○,○,○,○
69380,つもる,積もる,五自他,W,1,○,,○,○,○,○
69390,つや,×艶,名,W,2,○,,○,○,○,○
69400,つやつや,,副,W,2,,,,○,○,
69410,つゆ,露,名,W,1,○,,○,○,○,
69420,つゆ,《梅雨》,名,W,1,◎,,○,○,○,○
69430,つゆ,露,副,W,3,,,○,,○,
69440,つよい,強い,形,W,1,◎,○,○,○,○,○
69450,つよがり,強がり,名,W,,,,,○,○,
69460,つよき,強気,名,H,3,○,,,,,
69470,つよさ,強さ,名,W,2,○,,○,,,
69480,つよまる,強まる,五自,W,1,○,,,,○,
69490,つよめる,強める,下一他,W,1,○,,○,○,○,
69500,つらい,△辛い,形,W,1,◎,,○,○,○,○
69510,づらい,△辛い,接尾,W,,,,○,,,
69520,つらなる,連なる・△列なる,五自,W,2,,,○,,,
69530,つらぬく,貫く,五他,W,2,○,,,,,
69540,つらねる,連ねる・△列ねる,下一他,W,2,○,,,,,
69550,つらら,〈氷柱〉,名,W,1,,,,○,○,
69560,つられる,,連語,W,,,,,○,○,
69570,つり,釣り,名,W,1,○,,○,○,○,○
69580,つりあい,釣り合い,名,W,1,,,○,,,○
69590,つりあう,釣り合う,五自,W,1,○,,○,○,○,○
69600,つりあげる,×吊り上げる・釣り上げる,下一他,W,1,,,,○,○,
69610,つりかわ,×吊革,名,W,1,,,,○,○,
69620,つりさげる,吊り下げる・釣り下げる,下一他,W,,,,,○,○,
69630,つりせん,釣銭,名,H,2,,,,,,○
69640,つりばし,×吊橋・釣橋,名,W,2,,,,○,○,
69650,つりぼり,釣堀,名,W,2,,,,○,○,
69660,つる,×吊る,五自他,W,1,○,,○,○,○,○
69670,つる,釣る,五他,W,1,○,,○,○,○,○
69680,つる,×蔓,名,W,1,,,○,○,○,
69690,つる,×鶴,名,W,1,○,,,○,○,○
69700,つるす,×吊るす,五他,W,1,○,,○,○,○,○
69710,つるつる,,副,W,1,,,,○,○,
69720,つれ,連れ,名,W,1,○,,,,○,
69730,つれだつ,連れ立つ,五自,W,1,,,○,,,
69740,つれて,連れて,連語,W,,,,○,,,○
69750,つれていく,,連語,W,,,,○,,,○
69760,つれてくる,,連語,W,,,,○,,,○
69770,つれる,連れる,下一自他,W,1,◎,,○,○,○,○
69780,つれる,釣れる,下一自,W,,,,,,○,
69790,つんつんつばき,,名,W,,,,,,○,
69800,つんぼ,×聾,名,W,1,,,○,,○,
69810,て,,接助・終助,W,1,,,○,○,○,○
69820,て,手,名・接頭・接尾,W,1,◎,○,○,○,○,○
69830,で,,格助・接助・助動,W,1,,,○,○,○,○
69840,で,出,名,W,1,,,,,○,
69850,で,,接,W,2,◎,,○,○,,
69860,であう,出合う・出会う,五自,W,1,○,,○,○,○,
69870,てあげる,,連語,W,,,,,,,○
69880,てあし,手足,名,W,1,○,,,,,
69890,てあて,手当,名,W,1,○,,○,○,○,○
69900,てあらい,手洗い,名,W,1,○,,○,,,○
69910,てある,,連語,W,,,,,,,○
69920,である,,連語,W,1,,,,,○,
69930,てい,低,接頭,K,2,○,,,,,
69940,ていあん,提案,名・ス他,K,3,○,,,,,
69950,ティーバッグ,tea bag,名,G,,,,,○,○,
69960,ていいん,定員,名,K,2,○,,,,,
69970,ていえん,庭園,名,K,3,,,,○,○,
69980,ていおん,低温,名,K,2,,,○,,,
69990,ていか,定価,名,K,2,○,,,,,○
70000,ていか,低下,名・ス自,K,3,○,,○,,,○
70010,ていき,定期,名,K,2,○,,○,,,○
70020,ていきけん,定期券,名,K,2,○,,,○,○,
70030,ていきゅうび,定休日,名,H,3,○,,,,,
70040,ていきょう,提供,名・ス他,K,3,○,,,○,,
70050,ていく,,連語,W,,,,,,,○
70060,ていこう,抵抗,名・ス自,K,3,○,,○,,,○
70070,ていさい,体裁,名,K,2,○,,○,○,○,○
70080,ていし,停止,名・ス自他,K,2,○,,○,,,○
70090,ていしゃ,停車,名・ス自,K,2,○,,○,,,○
70100,ていしゃじょう,停車場,名,K,1,,,○,,,
70110,ていしゅつ,提出,名・ス他,K,3,○,,○,,,○
70120,ていしょく,定食,名,K,3,○,,,,,
70130,ディスク,disk,名,G,,,,,,,○
70140,ていせい,訂正,名・ス他,K,3,◎,,○,○,,○
70150,ていちゃく,定着,名・ス自他,K,3,,,○,,,
70160,ティッシュペーパー,tissue paper,名,G,,,,,○,○,
70170,ティッチ,〔人名〕,名,G,,,,,,○,
70180,ていでん,停電,名・ス自,K,1,○,,○,○,○,○
70190,ていど,程度,名,K,2,◎,,○,○,○,○
70200,ていねい,丁寧・×叮×嚀,名・形動,K,1,◎,,○,○,○,○
70210,ティファニーちゃん,,名,H,,,,,,○,
70220,ていぼう,堤防,名,K,1,,,,○,○,
70230,でいり,出入り,名,W,1,○,,○,,,
70240,でいりぐち,出入り口,名,W,1,○,,○,,,
70250,ていりゅうじょ,停留所,名,K,1,○,,○,○,○,○
70260,ている,,連語,W,,,,,,,○
70270,ていれ,手入れ,名,W,2,○,,○,○,○,○
70280,デート,〔米〕date,名・ス自,G,3,○,,,,,
70290,テープ,tape,名,G,1,○,,○,○,○,○
70300,テーブル,table,名,G,1,◎,,○,○,○,○
70310,テーブルクロス,table cloth,名,G,,,,○,,,
70320,テープレコーダー,tape recorder,名,G,3,○,,○,○,○,○
70330,テーマ,〔独〕Thema,名,G,3,○,,,,,
70340,ておく,,連語,W,,,,,,,○
70350,ておくれ,手遅れ・手後れ,名,W,2,,,○,,,
70360,ておけ,手×桶,名,W,1,,,,○,○,
70370,てがかり,手掛かり・手懸かり,名,W,2,○,,,,,
70380,でかける,出掛ける,下一自,W,1,◎,,○,○,○,○
70390,てかず,手数,名,W,1,,,○,,,
70400,てがた,手形,名,W,3,,,,○,○,
70410,てがみ,手紙,名,W,1,◎,○,○,○,○,○
70420,てから,,連語,W,,,,○,,,○
70430,てがら,手柄,名,W,1,,,○,○,○,
70440,てがる,手軽,形動,W,2,○,,○,,,
70450,てき,敵,名,K,1,◎,,○,○,○,○
70460,てき,的,接尾,K,3,◎,,○,○,,○
70470,てき,滴,接尾,K,3,,,○,,,
70480,でき,出来,名,W,1,,,○,○,○,
70490,できあがり,出来上がり,名,W,1,○,,,,,
70500,できあがる,出来上がる,五自,W,1,○,,○,○,○,
70510,てきおう,適応,名・ス自,K,3,,,○,,,
70520,てきか,,名,K,,,,○,,,
70530,てきぎ,適宜,副・形動,K,3,○,,,,,
70540,できごと,出来事,名,W,1,○,,,○,○,
70550,テキスト,text,名,G,3,○,,,,,
70560,てきする,適する,サ変自,H,2,○,,○,○,○,
70570,てきせつ,適切,名・形動,K,3,○,,,,,
70580,できたて,出来立て,名,W,,,,,○,○,
70590,てきとう,適当,形動,K,2,◎,,○,○,○,○
70600,てきぱき,,副・ス自,W,2,,,,○,○,
70610,てきよう,適用,名・ス他,K,3,○,,○,,,
70620,できる,出来る,上一自,W,1,◎,○,○,○,○,○
70630,できるだけ,出来るだけ,連語,W,2,○,,○,,,
70640,てぎわ,手際,名,W,2,○,,,,,
70650,でぐち,出口,名,W,1,◎,○,○,○,○,○
70660,てくてく,,副,W,2,,,,○,○,
70670,てくび,手首,名,W,1,○,,,○,○,
70680,てくる,,連語,W,,,,,,,○
70690,てくれる,,連語,W,,,,,,,○
70700,てこ,×梃子・×梃,名,W,2,,,○,○,○,○
70710,てこずる,,五自,W,2,,,,○,○,
70720,でこぼこ,《凸凹》,名,W,1,○,,○,○,○,
70730,でこぼこみち,《凸凹》道,名,W,,,,,,○,
70740,デコレーションケーキ,〔和〕decoration cake,名,G,3,,,,○,○,
70750,てごろ,手×頃,名,W,2,,,,○,○,
70760,てごわい,手△強い,形,W,2,,,,○,○,
70770,デザート,dessert,名,G,3,,,,○,○,
70780,デザイン,design,名・ス他,G,3,○,,,○,○,
70790,てさき,手先,名,W,2,,,○,,,○
70800,てさぐり,手探り,名,W,1,,,,○,○,
70810,てさげ,手提げ,名,W,1,,,,○,○,
70820,てざわり,手触り,名,W,2,,,○,,,
70830,でし,弟子,名,K,2,○,,,,,
70840,てじな,手品,名,W,1,○,,,○,○,
70850,てしまう,,連語,W,,,,,,,○
70860,でしゃばり,,名,W,1,,,,,○,
70870,でしゃばる,,五自,W,1,,,,○,○,
70880,てじゅん,手順,名,H,3,,,○,,,○
70890,です,,助動,W,1,,,○,○,○,○
70900,てすう,手数,名,H,2,○,,○,,,
70910,てすうりょう,手数料,名,H,,,,○,,,○
70920,ですから,,接,W,1,◎,,○,○,○,○
70930,テスト,test,名・ス他,G,1,○,,○,○,○,
70940,てすり,手×摺,名,W,1,,,○,,○,○
70950,でぞめしき,出初め式,名,H,,,,,○,○,
70960,てだすけ,手助け,名,W,2,,,○,○,○,
70970,でたらめ,出×鱈目,名・形動,W,1,○,,○,○,○,
70980,てちがい,手違い,名,W,2,,,○,,,
70990,てちょう,手帳・手×帖,名,H,1,○,,○,○,○,○
71000,てつ,鉄,名,K,1,◎,,○,○,○,○
71010,でっかい,,形,W,1,,,,,○,
71020,てつがく,哲学,名,K,3,○,,○,○,,○
71030,てづかみ,手×掴み,名,W,2,,,,○,○,
71040,てっかん,鉄管,名,K,2,,,○,,,
71050,てつき,手つき,名,W,1,,,,○,○,
71060,てっきょう,鉄橋,名,K,1,○,,○,○,○,○
71070,てっきり,,副,W,2,,,,○,○,
71080,てっきん,鉄筋,名,K,2,,,○,,,
71090,てづくり,手作り,名,W,2,,,,○,○,
71100,てっこう,鉄鉱,名,K,2,,,○,,,
71110,てっこう,鉄鋼,名,K,,,,○,,,
71120,てつざい,鉄材,名,K,,,,○,,,
71130,てつせい,鉄製,名,K,,,,○,,,
71140,てつだい,〈手伝い〉,名,W,1,○,,,○,○,
71150,てつだう,《手伝う》,五自他,W,1,◎,,○,○,○,○
71160,てつづき,手続き,名,W,2,○,,○,,,○
71170,てってい,徹底,名・ス自,K,3,○,,○,,,○
71180,てっていてき,徹底的,形動,K,2,○,,○,,,
71190,てつどう,鉄道,名,K,1,◎,,○,○,○,○
71200,でっぱり,出っ張り,名,W,,,,,○,○,
71210,でっぱる,出っ張る,五自,W,1,,,,,○,
71220,てっぱん,鉄板,名,K,2,,,○,,,
71230,てつびん,鉄瓶,名,K,1,,,○,,,
71240,てっぺん,△天辺,名,K,1,,,,○,○,
71250,てつぼう,鉄棒,名,K,1,,,,○,○,
71260,てっぽう,鉄砲,名,K,1,○,,○,○,○,○
71270,てつや,徹夜,名・ス自,K,3,○,,,,,
71280,テトラポット,tetrapot,名,G,,,,,○,○,
71290,テニス,tennis,名,G,2,◎,,○,○,○,○
71300,てにもつ,手荷物,名,H,2,,,○,,,○
71310,てぬぐい,手×拭,名,W,1,○,,○,○,○,○
71320,てのひら,△掌,名,W,1,○,,,,○,
71330,ては,,連語,W,,,,○,,,
71340,てば,,連語,W,,,,○,,,
71350,では,,接,W,1,◎,,○,○,○,○
71360,デパート,←department store,名,G,1,◎,○,○,○,○,○
71370,てはい,手配,名,H,3,,,○,,,○
71380,てはず,手×筈,名,W,3,,,○,,,○
71390,てばなす,手放す,五他,W,2,,,○,,,
71400,ではまた,,連語,W,,,,○,,,
71410,てばやい,手早い・手速い,形,W,1,,,○,,,
71420,でばり,出張り,名,W,1,,,,,○,
71430,でばる,出張る,五自,W,1,,,,,○,
71440,てびき,手引き,名,W,2,○,,○,,,
71450,てびょうし,手拍子,名,H,1,,,,○,○,
71460,てぶくろ,手袋,名,W,1,◎,○,○,○,○,○
71470,デフレ,←deflation,名,G,3,,,○,,,○
71480,てほん,手本,名,H,1,○,,○,○,○,○
71490,てま,手間,名,W,2,,,○,,,○
71500,てまえ,手前,名,W,2,○,,○,○,○,○
71510,でまえ,出前,名,W,2,,,,○,○,
71520,でまかせ,出任せ,名・形動,W,2,,,,○,○,
71530,てまね,手〈真似〉,名,W,1,,,○,,,
71540,てまねき,手招き,名,W,1,,,○,○,○,
71550,てまり,手×鞠・手×毬,名,W,1,,,,,○,
71560,でむかえ,出迎え,名,W,1,○,,,○,○,
71570,でむかえる,出迎える,下一他,W,1,,,○,,,
71580,ても,,接助・連語,W,1,,,○,○,,○
71590,でも,,係助・副助・接助・接,W,1,◎,,○,○,○,○
71600,でも,,接,W,,,,○,,○,
71610,てもと,手元・手△許,名,W,2,○,,,,,
71620,てもらう,,連語,W,,,,,,,○
71630,てら,寺,名,W,1,◎,,○,○,○,○
71640,てらしあわせる,照らし合わせる,下一他,W,2,,,○,,,
71650,てらす,照らす,五他,W,1,◎,,○,○,○,○
71660,テラス,terrace,名,G,3,,,○,,,○
71670,てり,照り,名,W,1,,,,,○,
71680,デリー,delhi,名,G,,,,,○,,
71690,てる,照る,五自,W,1,◎,,○,○,○,○
71700,てる,（ている）,連語,W,1,,,,,○,
71710,でる,出る,下一自,W,1,◎,○,○,○,○,○
71720,てるちゃん,,名,W,,,,,,○,
71730,てるてるぼうず,照る照る坊主,名,H,1,,,,○,○,
71740,てれくさい,照れ臭い,形,W,2,,,,○,○,
71750,テレビ,←television,名,G,1,◎,○,○,○,○,○
71760,テレビきょく,テレビ局,名,H,,,,,○,○,
71770,てれる,照れる,下一自,W,2,,,,○,○,
71780,てわけ,手分け,名,W,1,,,○,○,○,
71790,てん,天,名,K,1,○,,○,○,○,○
71800,てん,点,名・接尾,K,1,◎,,○,○,○,○
71810,てん,店,名,K,2,○,○,○,○,○,
71820,てん,展,接尾,K,,,,○,,,
71830,でんあつ,電圧,名,K,3,,,○,,,○
71840,でんい,電位,名,K,,,,○,,,
71850,てんいん,店員,名,K,2,○,,○,,,○
71860,でんえん,田園,名,K,3,○,,,,,
71870,てんか,天下,名,K,2,,,,,○,
71880,でんか,殿下,名,K,1,,,,,○,
71890,でんか,電荷,名,K,,,,○,,,
71900,てんかい,展開,名・ス自他,K,3,○,,,,,
71910,でんかい,電界,名,K,,,,○,,,
71920,てんき,天気,名,K,1,◎,○,○,○,○,○
71930,でんき,電気,名,K,1,◎,○,○,○,○,○
71940,てんきあめ,天気雨,名,H,,,,,○,○,
71950,でんききかんしゃ,電気機関車,名,K,,,,,,○,
71960,でんきスタンド,電気スタンド,名,H,,,,○,,,
71970,でんきそうじき,電気掃除機,名,K,,,,○,,,
71980,でんきてき,電気的,形動,K,,,,○,,,
71990,でんきぶんかい,電気分解,名,K,,,,○,,,
72000,でんきゅう,電球,名,K,1,○,,,○,○,
72010,てんきよほう,天気予報,名,K,1,,,○,○,○,
72020,でんきりょくせん,電気力線,名,K,,,,○,,,
72030,てんきん,転勤,名・ス自,K,3,,,○,,,
72040,てんぐ,天×狗,名,K,2,,,,○,○,○
72050,てんぐちゃん,天狗ちゃん,名,H,,,,,,○,
72060,てんけい,典型,名,K,3,○,,,,,
72070,てんけいてき,典型的,形動,K,,,,○,,,
72080,てんけん,点検,名・ス他,K,3,,,○,,,○
72090,でんげん,電源,名,K,3,,,○,,,○
72100,てんこう,天候,名,K,2,○,,,,,
72110,てんこう,転向,名・ス自,K,3,,,○,,,
72120,でんこうばん,電光板,名,K,,,,,○,○,
72130,てんごく,天国,名,K,1,○,,,○,○,○
72140,でんごんばん,伝言板,名,K,,,,,○,○,
72150,てんさい,天才,名,K,2,○,,○,,,○
72160,てんさい,天災,名,K,3,○,,,,,
72170,てんし,天使,名,K,1,,,○,○,○,○
72180,てんじ,点字,名,K,3,,,,○,○,
72190,でんし,電子,名,K,3,○,,○,○,,○
72200,でんしはいち,電子配置,名,K,,,,○,,,
72210,でんしゃ,電車,名,K,1,◎,○,○,○,○,○
72220,てんじょう,天井,名,K,1,◎,,○,○,○,○
72230,でんしライター,電子ライター,名,H,,,,,,○,
72240,でんしんばしら,電信柱,名,H,1,,,,○,○,
72250,てんすう,点数,名,K,1,○,,○,○,○,○
72260,でんせつ,伝説,名,K,2,○,,,○,○,
72270,てんせん,点線,名,K,1,,,,○,○,
72280,でんせん,電線,名,K,1,○,,,,○,○
72290,でんせん,伝染,名・ス自,K,2,○,,○,,,
72300,でんせんびょう,伝染病,名,K,2,,,,○,○,
72310,でんたく,電卓,名,K,,,,,○,○,○
72320,でんち,電池,名,K,2,○,,,○,○,○
72330,でんちゅう,電柱,名,K,1,○,,,,,○
72340,てんてき,点滴,名,K,3,,,,,,○
72350,てんてこまい,天手古舞,名,W,2,,,,○,○,
72360,でんでんむし,でんでん虫,名,W,1,,,,○,○,
72370,テント,tent,名,G,1,○,,○,○,○,○
72380,でんと,,副,W,,,,,○,○,
72390,でんとう,電灯,名,K,1,◎,,○,○,○,○
72400,でんとう,伝統,名,K,3,○,,○,,,○
72410,でんとうてき,伝統的,形動,K,,,,○,,,
72420,てんとうむし,天道虫,名,H,1,,,,○,○,
72430,てんねん,天然,名,K,3,○,,○,,,○
72440,てんのう,天皇,名,K,1,◎,,○,○,,○
72450,てんのうたんじょうび,天皇誕生日,名,H,1,,,,○,○,
72460,でんぱ,電波,名,K,2,○,,,○,○,
72470,てんびん,天×秤,名,K,2,,,○,,,○
72480,てんぷく,転覆・×顛覆,名・ス自他,K,2,,,,○,○,
72490,テンプラ,〔葡〕tempero,名,G,1,○,,○,○,○,○
72500,でんぷん,×澱粉,名,K,2,,,○,,,
72510,テンポ,〔伊〕tempo,名,G,3,○,,,,,
72520,でんぽう,電報,名,K,1,◎,,○,○,○,○
72530,てんぼうだい,展望台,名,K,,,,,○,○,
72540,てんまり,,名,W,,,,,,○,
72550,てんもんがく,天文学,名,K,,,,○,,,○
72560,てんもんだい,天文台,名,K,2,,,,○,○,
72570,てんらんかい,展覧会,名,K,1,○,,○,○,○,○
72580,でんりゅう,電流,名,K,2,○,,○,,,
72590,でんりょく,電力,名,K,2,○,,,,,
72600,でんわ,電話,名,K,1,◎,○,○,○,○,○
72610,でんわちょう,電話帳,名,K,2,○,,○,,,
72620,でんわばんごう,電話番号,名,K,,,,○,,,
72630,でんわボックス,電話ボックス,名,H,1,,,,○,○,
72640,と,,格助・接助,W,1,,,○,○,○,○
72650,と,戸,名,W,1,◎,,○,○,○,○
72660,と,都,名,K,2,○,,○,○,,
72670,と,,接,W,,,,○,,,
72680,ど,,接助,W,1,,,,,○,
72690,ど,土,名,K,1,,○,,,,
72700,ど,度,名・接尾,K,1,◎,,○,○,○,○
72710,ドア,door,名,G,1,◎,○,○,○,○,○
72720,どあい,度合い,名,H,2,,,,,,○
72730,とい,×樋,名,W,1,,,,,○,
72740,とい,問い,名,W,1,◎,,○,○,○,○
72750,という,と言う,連語,W,,,,○,,,
72760,といかえす,問い返す,五他,W,1,,,○,,,
72770,といし,×砥石,名,W,2,,,○,,,○
72780,といただす,問い△質す,五他,W,,,,○,,,
72790,ドイツ,〔蘭〕Duits,名,G,2,○,,,○,,
72800,ドイツご,ドイツ語,名,H,2,○,,,,,
72810,といや,問屋,名,W,2,,,○,,,○
72820,トイレ,←toilet,名,G,2,○,,○,○,○,○
72830,トイレットぺーパー,toilet paper,名,G,2,,,○,,,
72840,とう,問う,五他,W,1,○,,○,○,○,○
72850,とう,頭,接尾,K,1,○,,○,○,○,○
72860,とう,塔,名,K,1,○,,○,○,○,○
72870,とう,等,名・接頭・接尾,K,1,○,,○,,○,○
72880,とう,島,名,K,2,○,,,,,
72890,とう,党,名,K,3,○,,○,○,,
72900,とう,糖,名,K,,,,○,,,
72910,どう,,副,W,1,◎,,○,○,○,○
72920,どう,胴,名,K,1,○,,○,○,○,
72930,どう,同,名,K,2,○,,○,,,
72940,どう,銅,名,K,2,◎,,○,○,,○
72950,どう,道,名,K,3,◎,,,○,,
72960,とうあん,答案,名,K,2,○,,,,○,
72970,とうあんようし,答案用紙,名,K,,,,,○,○,
72980,どうい,同意,名・ス自,K,2,○,,,○,○,
72990,どういう,,連体,W,,,,○,,,
73000,どういたしまして,どう致しまして,感,W,2,◎,,○,○,○,
73010,とういつ,統一,名・ス他,K,2,○,,○,,,○
73020,どういつ,同一,名,K,2,○,,,,,○
73030,とうえい,投影,名・ス他,K,3,,,○,,,
73040,どうか,,副,W,1,◎,,○,○,○,○
73050,どうか,同化,名・ス自他,K,3,,,○,,,
73060,とうかいどう,東海道,名,K,2,○,,,,,
73070,どうかしましたか,,感,W,,,,○,,,
73080,とうがらし,唐辛子・唐×芥子,名,H,2,,,○,,,○
73090,どうかん,同感,名・ス他,K,3,○,,,,,
73100,とうき,陶器,名,K,2,○,,○,,,○
73110,どうき,動機,名,K,3,○,,,,,
73120,とうぎゅう,闘牛,名,K,3,,,,○,○,
73130,とうぎゅうし,闘牛士,名,K,,,,,,○,
73140,とうきょう,東京,名,K,,,,○,○,○,
73150,とうきょうと,東京都,名,K,,,,○,,,
73160,どうぐ,道具,名,K,1,◎,,○,○,○,○
73170,とうげ,峠,名,W,2,○,,,,,
73180,とうけい,統計,名・ス他,K,2,○,,○,,,○
73190,とうこう,登校,名・ス自,K,2,○,,,,,
73200,どうさ,動作,名,K,1,○,,○,○,○,○
73210,とうざい,東西,名,K,2,○,,,,,
73220,とうさま,△父様,名,W,1,,,,,○,
73230,とうさん,△父さん,名,W,1,,,,,○,
73240,とうさんきつね,△父さん×狐,名,W,,,,,,○,
73250,とうさんたぬき,△父さん×狸,名,W,,,,,,○,
73260,とうし,投資,名・ス自,K,3,○,,○,,,
73270,とうじ,当時,名,K,2,○,,○,,,○
73280,どうし,同士,名,K,1,○,,○,,○,
73290,どうし,動詞,名,K,3,○,,,○,,
73300,どうじ,同時,名,K,2,◎,,○,○,○,○
73310,とうじつ,当日,名,K,2,○,,,,,
73320,どうして,,副・感,W,1,◎,○,○,○,○,○
73330,どうしても,,副,W,1,◎,,○,○,,○
73340,とうしょ,投書,名・ス自他,K,2,○,,,,,
73350,とうじょう,登場,名・ス自,K,2,○,,○,○,○,○
73360,どうじょう,同情,名・ス自,K,2,◎,,○,○,○,
73370,どうすう,同数,名,K,3,,,○,,,
73380,どうせ,,副,W,1,○,,○,,,
73390,とうせい,統制,名・ス他,K,3,○,,○,,,
73400,どうせい,同性,名,K,3,○,,,,,
73410,とうせん,当選,名・ス自,K,2,○,,,○,,
73420,とうぜん,当然,副,K,2,◎,,○,○,○,○
73430,どうぞ,,副,W,1,◎,○,○,○,○,○
73440,どうそう,同窓,名,K,2,,,,,,○
73450,どうぞう,銅像,名,K,1,,,,○,○,
73460,どうそうかい,同窓会,名,K,2,,,○,,,
73470,どうぞよろしく,,感,W,,,,○,,,
73480,とうだい,灯台,名,K,1,○,,,○,○,
73490,とうたつ,到達,名・ス自,K,3,○,,,,,
73500,とうちゃく,到着,名・ス自,K,2,◎,,○,○,○,○
73510,とうちゃん,△父ちゃん,名,W,,,,,,○,
73520,とうてい,到底,副,K,2,○,,○,○,○,○
73530,どうてん,同点,名,K,2,,,,○,○,
73540,とうとい,尊い・貴い,形,W,2,○,,○,,,
73550,とうとう,×滔×滔,トタル,K,1,,,,,,○
73560,とうとう,到頭,副,K,1,◎,,○,○,○,○
73570,どうどう,堂堂,副・トタル,K,2,○,,,○,○,
73580,どうとく,道徳,名,K,3,○,,○,○,○,○
73590,とうとぶ,尊ぶ・貴ぶ,五他,W,2,○,,,,,
73600,とうなん,盗難,名,K,3,,,,,,○
73610,とうなんぼうし,盗難防止,名,K,,,,○,,,
73620,とうに,△疾うに,連語,W,2,,,○,,,
73630,どうにか,,副,W,2,○,,○,○,○,
73640,どうにゅう,導入,名・ス他,K,3,,,○,,,
73650,とうにん,当人,名,K,2,○,,,,,
73660,とうばん,当番,名,K,1,,,○,○,○,○
73670,とうひょう,投票,名・ス自,K,2,○,,○,,,○
73680,とうふ,豆腐,名,K,1,○,,○,○,○,○
73690,とうぶ,東部,名,K,2,,,○,,,
73700,どうふう,同封,名・ス他,K,2,○,,,,,
73710,どうぶつ,動物,名,K,1,◎,○,○,○,○,○
73720,どうぶつえん,動物園,名,K,1,○,,○,○,○,
73730,とうぶん,当分,副,K,2,○,,○,○,○,○
73740,とうほく,東北,名,K,2,○,,○,○,,
73750,とうみん,冬眠,名・ス自,K,2,,,,○,○,
73760,とうめい,透明,名,K,3,○,,○,○,○,○
73770,どうめい,同盟,名・ス自,K,3,○,,,,,
73780,とうめいにんげん,透明人間,名,K,,,,,○,○,
73790,どうも,,副,W,1,◎,,○,○,○,○
73800,とうもろこし,〈玉×蜀×黍〉,名,H,1,,,,○,○,
73810,どうやら,,副,W,1,○,,○,,○,
73820,とうゆ,灯油,名,K,3,,,,○,○,
73830,とうよう,東洋,名,K,2,◎,,○,○,,○
73840,どうよう,童謡,名,K,1,,,,,○,
73850,どうよう,同様,形動,K,2,○,,○,,,
73860,どうよう,動揺,名・ス自,K,3,○,,,,,
73870,とうようかんじ,当用漢字,名,K,2,○,,,,,
73880,どうり,道理,名,K,3,,,,○,○,
73890,とうりょう,当量,名,K,,,,○,,,
73900,どうりょく,動力,名,K,2,○,,○,,,
73910,どうろ,道路,名,K,2,◎,,○,○,○,○
73920,とうろう,灯×篭,名,K,2,,,,○,○,
73930,どうろかんりぶ,道路管理部,名,K,,,,,,○,
73940,とうろく,登録,名・ス他,K,3,○,,○,,,○
73950,どうろこうじ,道路工事,名,K,,,,,○,○,
73960,どうろひょうしき,道路標識,名,K,,,,,○,○,
73970,とうろん,討論,名・ス自他,K,2,,,○,,,○
73980,どうわ,童話,名,K,1,○,,,,○,
73990,とお,十,名,W,1,◎,○,○,○,○,○
74000,とおい,遠い,形,W,1,◎,○,○,○,○,○
74010,とおか,十日,名,W,1,◎,○,○,○,○,○
74020,とおく,遠く,名,W,1,◎,○,○,○,○,○
74030,とおざかる,遠ざかる,五自,W,2,○,,○,,,○
74040,とおし,通し,名・副,W,1,,,,,○,
74050,どおし,通し,接尾,W,,,,○,,,
74060,とおす,通す・△徹す・△透す,五他,W,1,◎,,○,○,○,○
74070,トースト,toast,名,G,1,,,○,○,○,
74080,とおせんぼ,通せん△坊,名,H,1,,,,○,○,
74090,トーテムポール,totem pole,名,G,,,,,○,○,
74100,ドーナツ,doughnut,名,G,2,,,,○,○,
74110,とおまわり,遠回り・遠×廻り,名,W,1,,,○,○,○,○
74120,とおり,通り,名・接尾,W,1,◎,,○,○,○,○
74130,とおりあめ,通り雨,名,W,2,,,,○,○,
74140,とおりかかる,通り掛かる,五自,W,1,○,,,,○,
74150,とおりすぎる,通り過ぎる,上一自,W,1,○,,,,○,
74160,とおりぬける,通り抜ける,下一自,W,1,,,,○,○,
74170,とおる,通る・△徹る・△透る,五自,W,1,◎,,○,○,○,○
74180,とか,,副助,W,,,,○,○,,○
74190,とかい,都会,名,K,1,◎,,○,○,○,○
74200,とかく,×兎角,副,W,2,○,,○,,,
74210,とかげ,〈×蜥×蜴〉,名,W,1,,,,○,○,
74220,とかす,溶かす・解かす・×梳かす,五他,W,1,○,,○,○,○,○
74230,どかす,△退かす,五他,W,2,,,,○,○,
74240,とがった,尖った,連語,W,,,,○,,,○
74250,とがめる,×咎める,下一他,W,2,,,,○,○,
74260,とがらす,×尖らす,五他,W,1,,,,○,○,
74270,とがり,×尖り,名,W,1,,,,,○,
74280,とがる,×尖る,五自,W,1,○,,○,○,○,○
74290,どかん,土管,名,K,1,,,,○,○,
74300,とき,時,名,W,1,◎,○,○,○,○,○
74310,ときおり,時折,副,W,2,,,,,,○
74320,どきっ,,副,W,,,,,○,○,
74330,ときどき,時時,副・名,W,1,◎,○,○,○,○,○
74340,どきどき,,副・ス自,W,1,○,,,○,○,
74350,ときには,時には,連語,W,,,,○,,,○
74360,どきょう,度胸,名,K,2,,,,○,○,
74370,ときょうそう,徒競争,名,K,2,,,,○,○,
74380,どきりと,,副,W,,,,,○,○,
74390,とぎれる,,下一自,W,2,,,○,,,○
74400,とく,溶く,五他,W,1,,,○,,○,○
74410,とく,解く,五他,W,1,◎,,○,○,○,○
74420,とく,得,名,K,1,◎,,○,○,○,○
74430,とく,説く,五他,W,2,○,,○,,,
74440,とぐ,研ぐ・△磨ぐ,五他,W,1,○,,○,○,○,
74450,どく,△退く,五自,W,1,,,○,○,○,
74460,どく,毒,名,K,1,○,,○,○,○,○
74470,とくい,得意,名,K,1,○,,○,○,○,○
74480,どくさい,独裁,名・ス自,K,3,○,,○,,,
74490,どくさいしゃ,独裁者,名,K,,,,○,,,
74500,とくさん,特産,名,K,2,,,○,,,
74510,どくしゃ,読者,名,K,2,○,,○,,,
74520,とくしゅ,特殊,名,K,3,○,,○,,,
74530,どくしょ,読書,名・ス自,K,2,◎,,○,○,○,
74540,とくしょく,特色,名,K,2,○,,○,○,○,
74550,どくしん,独身,名,K,3,○,,○,,,○
74560,とくする,得する,サ変自,H,1,,,,○,○,
74570,どくせん,独占,名・ス他,K,3,○,,,,,
74580,とぐち,戸口,名,W,1,,,,,○,
74590,とくちょう,特長,名,K,2,,,○,,,○
74600,とくちょう,特徴,名,K,2,◎,,○,○,○,○
74610,とくてい,特定,名・ス他,K,3,○,,○,,,○
74620,どくとく,独特・独得,形動,K,3,○,,○,,,
74630,とくに,特に,副,H,1,◎,,○,○,○,○
74640,とくばい,特売,名・ス他,K,3,,,○,,,
74650,とくべつ,特別,副・形動,K,1,◎,,○,○,○,○
74660,とくほん,読本,名,K,1,,,,,○,
74670,どくやく,毒薬,名,K,2,,,,,○,
74680,とくゆう,特有,名,K,2,○,,○,,,
74690,どくりつ,独立,名・ス自,K,2,◎,,○,○,,○
74700,とぐろ,,名,W,3,,,,○,○,
74710,とげ,△刺・×棘,名,W,1,,,○,○,○,○
74720,とけい,《時計》,名,K,1,◎,○,○,○,○,○
74730,とけこむ,解け込む・溶け込む,五自,W,2,○,,,,,
74740,とける,解ける・溶ける・△融ける,下一自,W,1,◎,,○,○,○,○
74750,とげる,遂げる,下一他,W,2,○,,,,,
74760,どける,△退ける,下一他,W,1,○,,○,○,○,
74770,とこ,床,名,W,1,,,○,,○,○
74780,とこ,△所,名,W,1,,,○,,○,
74790,どこ,△何△処,代,W,1,◎,○,○,○,○,○
74800,どこか,△何△処か,連語・副,W,2,◎,,○,○,,
74810,とこちゃん,,名,W,,,,,,○,
74820,とことこ,,副,W,,,,,,○,
74830,とこのま,床の間,名,W,1,○,,○,,,○
74840,どこまでも,△何△処までも,連語,W,,,,○,,,
74850,どこも,△何△処も,連語,W,,,,○,,,
74860,とこや,床屋,名,W,1,○,,○,○,○,○
74870,ところ,所・△処,名,W,1,◎,○,○,○,○,○
74880,ところ,,接助,W,,,,○,,,
74890,ところが,,接,W,1,◎,,○,○,○,○
74900,どころか,△所か,接助,W,2,○,,○,,,
74910,ところで,,接,W,1,◎,,○,○,○,○
74920,ところで,,接助,W,,,,○,,,
74930,ところてん,〈心太〉,名,W,2,,,,○,○,
74940,ところどころ,所所,名,W,1,○,,○,○,○,○
74950,とさか,〈鶏冠〉,名,W,1,,,,○,○,
74960,とざす,閉ざす・△鎖す,五他,W,3,,,,,○,○
74970,どさり,,副,W,1,,,,○,○,
74980,とざん,登山,名・ス自,K,2,○,,○,○,○,○
74990,とし,年・△歳,名,W,1,◎,○,○,○,○,○
75000,とし,都市,名,K,2,◎,,○,○,,
75010,としうえ,年上,名,W,1,○,,,,,
75020,としこ,〔固〕,名,W,,,,,,○,
75030,としこし,年越し,名,W,2,,,,,○,
75040,とじこむ,×綴じ込む,五他,W,2,,,○,,,
75050,とじこめる,閉じ込める,下一他,W,1,,,○,○,○,
75060,としごろ,年×頃,名・副,W,2,○,,,,,
75070,としした,年下,名,W,1,○,,,,,
75080,としつき,年月,名,W,1,○,,,,,
75090,として,,連語,W,2,,,○,,,
75100,としとる,年取る,五自,W,1,○,,,,○,
75110,とじまり,戸締まり,名,W,1,○,,,○,○,
75120,どしゃくずれ,土砂崩れ,名,H,,,,,○,○,
75130,どしゃぶり,土砂降り,名,H,2,,,,○,○,
75140,どしゃぶりあめ,土砂降り雨,名,H,,,,,○,○,
75150,としょ,図書,名,K,2,○,,,,,
75160,どじょう,〈泥×鱒〉,名,W,1,,,,,○,
75170,どじょう,土壌,名,K,,,,○,,,
75180,としょがかり,図書係,名,H,,,,,○,○,
75190,としょかん,図書館,名,K,1,◎,○,○,○,○,○
75200,としょしつ,図書室,名,K,1,○,,○,○,○,
75210,どじょっこ,,名,W,,,,,,○,
75220,としより,年寄り,名,W,1,◎,,○,○,○,○
75230,とじる,閉じる,上一自他,W,1,◎,,○,○,○,○
75240,とじる,×綴じる,上一他,W,1,○,,○,○,○,○
75250,としん,都心,名,K,2,○,,,,,
75260,どしん,,副,W,1,,,○,○,○,
75270,どじん,土人,名,K,1,,,,,○,
75280,どしんどしん,,副,W,,,,,○,○,
75290,とすれば,,接,W,2,,,○,,,
75300,どすん,,副,W,,,,,○,○,
75310,どそく,土足,名,K,2,,,○,○,○,
75320,とだな,戸棚,名,W,1,◎,,○,○,○,○
75330,どたばた,,副・ス自,W,2,,,,○,○,
75340,とたん,途端,名,K,1,○,,○,○,○,○
75350,トタン,←〔葡〕tutanaga,名,G,2,,,○,○,○,○
75360,とち,土地,名,K,1,◎,,○,○,○,○
75370,どちゃく,土着,名・ス自,K,3,,,,,○,
75380,とちゅう,途中,名,K,1,◎,,○,○,○,○
75390,どちら,,代,W,1,◎,○,○,○,○,○
75400,どちらも,,代,W,,,,○,,,
75410,とつ,凸,名,K,,,,○,,,
75420,どっかい,読解,名,K,,,,,,,○
75430,どっかり,,副,W,1,,,,○,○,
75440,とっきゅう,特急,名,K,2,○,,○,,,○
75450,とっきゅうれっしゃ,特急列車,名,K,,,,,○,○,
75460,とっきょ,特許,名,K,3,,,○,,,○
75470,どっきんどっきん,,副,W,,,,,,○,
75480,とっく,△疾っく,名,W,1,○,,○,○,○,
75490,とっけん,特権,名,K,3,,,○,,,
75500,どっこいしょ,,感,W,2,,,,○,○,
75510,とっさ,×咄×嗟,名,K,2,○,,,,,
75520,どっさり,,副,W,1,,,,○,○,
75530,ドッジボール,dodge ball,名,G,1,,,,○,○,
75540,とつぜん,突然,副,K,1,◎,,○,○,○,○
75550,どっち,,代,W,1,,○,○,,,○
75560,どっちみち,何方道,副,W,,,,○,,,
75570,とっちめる,取っちめる,下一他,W,2,,,,○,○,
75580,とって,取っ手・△把っ手,名,W,2,,,○,○,○,○
75590,とっても,,副,W,,,,,,○,
75600,どっと,,副,W,1,○,,○,○,○,
75610,とっとこ,,副,W,,,,,,○,
75620,とっぱ,突破,名・ス他,K,3,○,,,,,
75630,トップ,top,名,G,2,○,,,,,
75640,とて,,連語,W,,,,○,,,
75650,どて,土手,名,H,1,○,,,○,○,
75660,とても,,副,W,1,◎,○,○,○,○,○
75670,とでん,都電,名,K,,,,○,,,
75680,とどく,届く,五自,W,1,◎,,○,○,○,○
75690,とどけ,届け,名,W,1,○,,,,○,
75700,とどける,届ける,下一他,W,1,◎,,○,○,○,○
75710,ととのう,整う・調う,五自,W,2,○,,○,,,○
75720,ととのえる,整える・調える,下一他,W,2,○,,○,○,○,○
75730,とどろく,×轟く,五自,W,2,,,,○,○,
75740,とない,都内,名,K,2,○,,,,,
75750,どなた,〈何方〉,代,W,1,◎,○,○,○,○,○
75760,となり,隣,名,W,1,◎,,○,○,○,○
75770,となりあわせ,隣り合わせ,名,W,2,○,,,,,
75780,となりむら,隣村,名,W,1,,,,,○,
75790,どなる,怒鳴る,五自他,W,1,○,,○,○,○,
75800,とにかく,,副,W,2,◎,,○,○,○,○
75810,との,,連語,W,,,,○,,,
75820,どの,△何の,連体,W,1,◎,○,○,○,○,○
75830,どの,殿,接尾,W,2,○,,,,,
75840,どのくらい,△何の位,名,W,2,○,,○,○,○,
75850,とのさま,殿様,名,W,1,,,,○,○,
75860,どのへん,△何の辺,名,H,1,○,,,,,
75870,とは,,連語,W,,,,○,,,
75880,とばす,飛ばす,五他,W,1,○,,○,○,○,○
75890,とび,×鳶,名,W,1,,,,○,○,
75900,とび,飛び,名,W,1,,,,,○,
75910,とびあがる,飛び上がる,五自,W,1,○,,○,○,○,
75920,とびあるく,飛び歩く,五自,W,1,,,○,,,
75930,トビー,〔象名〕,名,G,,,,,,○,
75940,とびいし,飛び石,名,W,2,,,,○,○,
75950,とびうお,飛魚,名,W,2,,,,○,○,
75960,とびおりる,飛び降りる・飛び下りる,上一自,W,1,,,○,○,○,
75970,とびかかる,飛び掛かる,五自,W,1,,,○,○,○,
75980,とびきり,飛び切り,名,W,2,,,,,○,
75990,とびこえる,飛び越える,下一自,W,1,,,,○,○,
76000,とびこす,飛び越す,五他,W,1,,,○,,,
76010,とびこむ,飛び込む,五自,W,1,○,,○,○,○,
76020,とびだす,飛び出す,五自,W,1,○,,○,○,○,
76030,とびたつ,飛び立つ,五自,W,1,,,○,○,○,
76040,とびちる,飛び散る,五自,W,1,,,○,○,○,
76050,とびつく,飛び付く,五自,W,1,,,○,○,○,
76060,とびのく,飛び△退く,五自,W,1,,,,,○,
76070,とびのる,飛び乗る,五自,W,1,,,○,○,○,
76080,とびばこ,跳び箱・飛び箱,名,W,,,,,○,○,
76090,とびはねる,飛び跳ねる,下一自,W,,,,,○,○,
76100,とびまわる,飛び回る・飛び×廻る,五自,W,1,,,,○,○,
76110,どひょう,土俵,名,K,1,,,,○,○,
76120,とびら,扉,名,W,1,○,,○,○,○,○
76130,どびん,土瓶,名,K,1,,,,,○,
76140,とぶ,飛ぶ・跳ぶ,五自,W,1,◎,○,○,○,○,○
76150,どぶ,△溝,名,W,1,,,,○,○,
76160,どぶん,,副,W,1,,,○,○,○,
76170,とべる,,下一他,W,,,,,,○,
76180,とほ,徒歩,名,K,2,○,,,,,
76190,とぼける,×恍ける・×惚ける,下一自,W,2,,,,○,○,
76200,とぼしい,乏しい,形,W,2,○,,○,,,○
76210,とぼす,△点す・△灯す,五他,W,1,,,,,○,
76220,とぼとぼ,,副・ス自,W,2,,,,○,○,
76230,どま,土間,名,H,1,,,,,○,○
76240,トマト,tomato,名,G,1,○,,○,○,○,○
76250,とまり,止まり・留まり・泊まり,名,W,1,,,,,○,
76260,とまる,止まる・留まる・△停まる・泊まる,五自,W,1,◎,○,○,○,○,○
76270,とまれ,止まれ,名,W,,,,,○,○,
76280,とみ,富,名,W,2,,,○,,,○
76290,トミー,〔象名〕,名,G,,,,,,○,
76300,とむ,富む,五自,W,2,○,,○,,,
76310,とめがね,留め金,名,W,,,,○,,,○
76320,とめる,止める・留める・△停める・泊める,下一他,W,1,◎,,○,○,○,○
76330,とも,,接助・終助・連語,W,1,,,○,○,,○
76340,とも,友,名,W,1,○,,○,,,○
76350,とも,供,名,W,1,,,○,,○,
76360,とも,共,名,W,,,,○,,,
76370,ども,共,接尾,W,1,,,,,○,
76380,ども,,接助,W,2,,,○,,,
76390,ともかく,,副,W,3,○,,○,○,○,○
76400,ともかせぎ,共稼ぎ,名,W,3,○,,○,,,○
76410,ともす,△点す・△灯す,五他,W,1,,,,,○,
76420,ともすれば,,連語,W,3,,,○,,,
76430,ともだち,《友達》,名,W,1,◎,○,○,○,○,○
76440,ともなう,伴う,五自他,W,2,○,,○,,,
76450,ともなく,,連語,W,,,,○,,,
76460,ともに,共に,副,W,2,○,,,,,○
76470,ともばたらき,共働き,名,W,,,,,,,○
76480,ともる,△点る・△灯る,五自,W,1,,,,○,○,
76490,どもる,×吃る,五自,W,1,,,,,○,
76500,どやどや,,副,W,1,,,○,,,
76510,どよう,土曜,名,K,1,◎,○,○,○,○,
76520,どようび,土曜日,名,H,1,,,○,,,○
76530,とよちゃん,,名,H,,,,,,○,
76540,どよめく,,五自,W,3,,,,○,○,
76550,とら,×虎,名,W,1,○,,○,○,○,○
76560,どら,,感,K,,,,,,○,
76570,トライアングル,triangle,名,G,,,,,○,○,
76580,ドライバー,←screw driver,名,G,3,,,,○,○,
76590,ドライブ,drive,名・ス自,G,3,○,,○,○,○,○
76600,ドライヤー,drier,名,G,3,,,,○,○,
76610,とらえる,捕らえる・×捉える,下一他,W,2,○,,○,○,○,○
76620,とらさん,〔虎名〕,名,W,,,,,,○,
76630,トラック,track,名,G,1,○,,,,,
76640,トラック,truck,名,G,1,,,○,○,○,
76650,ドラマ,drama,名,G,3,○,,,,,
76660,とらわれる,捕らわれる・△囚われる,下一自,W,2,,,○,,,
76670,トランク,trunk,名,G,1,,,,○,○,
76680,トランシーバー,transceiver,名,G,,,,,○,○,
76690,トランジスタ,transistor,名,G,,,,,,,○
76700,トランジスタラジオ,transistor radio,名,G,3,,,○,,,
76710,トランプ,trump,名,G,2,○,,○,○,○,○
76720,トランポリン,trampolin,名,G,,,,,○,○,
76730,とり,鳥,名,W,1,◎,○,○,○,○,○
76740,とり,取り,名・接頭,W,1,,,,,○,
76750,とりあう,取り合う,五他,W,1,,,,○,○,
76760,とりあえず,取り△敢えず,副,W,3,○,,,,,
76770,とりあげる,取り上げる,下一他,W,1,○,,○,○,○,○
76780,とりあつかい,取り扱い,名,W,1,○,,○,,,○
76790,とりあつかう,取り扱う,五他,W,1,○,,○,,,○
76800,とりあわせ,取り合わせ,名,W,2,,,○,,,
76810,とりい,鳥居,名,W,2,,,,○,○,
76820,とりいれる,取り入れる,下一他,W,1,○,,○,,,
76830,とりかえす,取り返す,五他,W,1,,,○,○,○,
76840,とりかえる,取り替える,下一他,W,1,◎,,○,○,○,○
76850,とりかかる,取り掛かる,五自,W,2,,,,○,○,
76860,とりかご,鳥×篭,名,W,1,,,,○,○,
76870,とりかこむ,取り囲む,五他,W,1,,,○,,,
76880,とりくむ,取り組む,五自,W,1,○,,○,,,
76890,とりけし,取り消し,名,W,1,,,○,,,○
76900,とりけす,取り消す,五他,W,1,○,,○,,,○
76910,とりこむ,取り込む,五自他,W,3,,,,○,○,○
76920,とりごや,鳥小屋,名,W,1,,,,○,○,
76930,とりこわす,取り壊す・取り×毀す,五他,W,2,,,,○,○,
76940,とりしまり,取り締まり,名,W,2,○,,○,,,○
76950,とりしまる,取り締まる,五他,W,2,○,,○,,,
76960,とりしらべる,取り調べる,下一他,W,2,,,○,,,
76970,とりすがる,取り×縋る,五自,W,1,,,○,,,
76980,とりだす,取り出す,五他,W,1,○,,○,,○,
76990,とりつぎ,取り次ぎ,名,W,2,,,○,,,○
77000,とりつぐ,取り次ぐ,五他,W,2,,,○,,,○
77010,とりつける,取り付ける,下一他,W,1,○,,○,○,○,
77020,とりにく,鳥肉,名,W,,,,○,,,
77030,とりのぞく,取り除く,五他,W,2,,,○,,,
77040,とりはずす,取り外す,五他,W,2,,,○,,,
77050,とりはだ,鳥肌,名,W,2,,,,○,○,
77060,とりひき,取り引き,名,W,2,○,,○,,,○
77070,とりまく,取り巻く,五他,W,1,○,,○,,,
77080,とりもどす,取り戻す,五他,W,1,○,,○,,○,
77090,とりょう,塗料,名,K,3,,,○,,,○
77100,どりょく,努力,名・ス自,K,2,◎,,○,○,○,○
77110,とる,取る,五他,W,1,◎,,○,○,○,○
77120,とる,執る,五他,W,1,,,○,,○,○
77130,とる,採る,五他,W,1,◎,,○,○,○,○
77140,とる,撮る,五他,W,1,◎,,,○,○,
77150,ドル,←dollar,名,G,2,○,,○,,,○
77160,トルコ,〔葡〕Turco,名,G,3,,,,○,,
77170,どれ,,感,W,1,,,○,,,○
77180,どれ,,代,W,1,◎,○,○,○,○,○
77190,ドレス,dress,名,G,3,,,,○,○,
77200,ドレミファソラシド,,名,G,,,,,○,○,
77210,どれも,,連語,W,,,,○,,,
77220,とれる,取れる・捕れる,下一自,W,1,○,,○,○,○,○
77230,どろ,泥,名,W,1,○,,○,○,○,○
77240,どろだらけ,泥だらけ,名,W,1,,,,○,○,
77250,トロッコ,←truck,名,G,1,,,,,○,
77260,どろどろ,,副・形動・ス自,W,1,,,,○,○,
77270,どろぼう,泥棒・泥坊,名,H,1,◎,,○,○,○,○
77280,トロル,〔おばけ名〕,名,G,,,,,,○,
77290,どろんこ,泥んこ,名,W,1,,,,,○,
77300,トン,ton,名,G,2,○,,○,,,○
77310,どん,,副・名,W,1,,,○,,,
77320,ドン・ペドロ,〔猫名〕,名,G,,,,,,○,
77330,とんかち,,名,W,,,,,○,○,
77340,とんカツ,豚カツ,名,H,2,,,○,,,○
77350,どんかん,鈍感,名,K,3,○,,,,,
77360,トンキー,,名,G,,,,,,○,
77370,どんぐり,△団×栗,名,W,1,,,,○,○,
77380,とんだ,,連体,W,1,○,,,,,
77390,とんち,×頓×智・×頓知,名,K,2,,,,○,○,
77400,とんちき,,名,W,,,,,,○,
77410,とんでもない,,形,W,1,○,,○,,○,○
77420,とんと,,副,W,2,,,,,○,
77430,どんどこどんどこ,,副,W,,,,,,○,
77440,とんとろん,,副,W,,,,,,○,
77450,とんとん,,名・副,W,3,,,○,○,○,
77460,どんどん,,副,W,1,◎,,○,○,○,○
77470,どんな,,連体,W,1,◎,○,○,○,○,○
77480,トンネル,tunnel,名・ス他,G,1,○,,○,○,○,○
77490,とんび,×鳶,名,W,1,,,,○,○,
77500,どんぶり,×丼,名,W,2,○,,,○,○,
77510,とんぼ,〈×蜻×蛉〉,名,W,1,○,,,○,○,
77520,とんぼりとんぼり,,副,W,,,,,,○,
77530,とんや,問屋,名,W,2,○,,,,,○
77540,な,,終助・間助・感,W,1,,,○,○,○,○
77550,な,名,名,W,1,○,,○,○,○,○
77560,な,菜,名,W,1,,,,○,○,
77570,な,,接尾,W,,,,○,,,
77580,なあ,,間助・感,W,1,,,○,,○,○
77590,なあちゃん,〔兎名〕,名,W,,,,,,○,
77600,なあて,名×宛,名,W,2,,,○,,,
77610,なあに,,感,W,1,,,○,,,
77620,なあんだ,,感,W,1,,,,,○,
77630,ない,無い,形,W,1,◎,○,○,○,○,○
77640,ない,,助動,W,1,,○,○,,,○
77650,ない,内,名,K,2,◎,,○,○,,○
77660,ないか,内科,名,K,2,○,,○,,,○
77670,ないかく,内閣,名,K,2,○,,○,,,○
77680,ないし,×乃至,接,K,3,,,○,,,
77690,ないしょ,内所・内緒・内△証,名,K,1,○,,○,○,○,
77700,ないしん,内心,名,K,2,○,,,,,
77710,ないぞう,内臓,名,K,2,○,,,,,
77720,ナイター,〔和〕nighter,名,G,1,,,,○,○,
77730,ナイチンゲール,Nightingale,名,G,,,,,○,○,
77740,ナイフ,knife,名,G,1,◎,,○,○,○,○
77750,ないぶ,内部,名,K,2,○,,○,,,
77760,ないめん,内面,名,K,2,,,○,,,
77770,ないよう,内容,名,K,2,◎,,○,○,○,○
77780,ナイロン,nylon,名,G,2,○,,○,,,○
77790,なえ,苗,名,W,1,○,,○,,○,
77800,なお,△猶・△尚,副・接,W,1,◎,,○,○,○,○
77810,なおさら,△尚更,副,W,1,○,,○,,,
77820,なおし,直し,名,W,1,,,,,○,
77830,なおす,直す・治す,五他,W,1,◎,,○,○,○,○
77840,なおる,直る・治る,五自,W,1,◎,,○,○,○,○
77850,なおれ,直れ,名,W,,,,,○,○,
77860,なか,中・仲,名,W,1,◎,○,○,○,○,○
77870,なが,長,名・接頭,W,,,,,○,○,
77880,ながあめ,長雨,名,W,1,,,,○,○,
77890,ながい,長い・永い,形,W,1,◎,○,○,○,○,○
77900,ながいき,長生き,名,W,1,○,,,,,
77910,なかがわりえこ,〔固〕,名,H,,,,,,○,
77920,ながぐつ,長靴,名,W,1,,,○,○,○,○
77930,なかごろ,中×頃,名,W,1,,,,,○,
77940,ながさ,長さ,名,W,1,◎,,○,○,○,○
77950,ながさき,長崎,名,W,,,,,○,,
77960,ながし,流し,名,W,1,,,○,○,○,○
77970,なかじま,中島,名,W,,,,,○,,
77980,ながす,流す,五他,W,1,◎,,○,○,○,○
77990,なかなおり,仲直り,名,W,1,○,,,○,○,
78000,なかなか,中中,副,W,1,◎,,○,○,○,○
78010,なかにわ,中庭,名,W,1,,,,○,○,
78020,ながの,長の・永の,連体,W,2,○,,,,,
78030,なかば,半ば,名,W,2,○,,○,,,
78040,ながびく,長引く,五自,W,1,○,,○,○,○,
78050,ながほそい,長細い,形,W,,,,,○,○,
78060,なかほど,中程,名,W,1,,,,○,○,
78070,なかま,仲間,名,W,1,◎,,○,○,○,○
78080,なかまく,中幕,名,H,,,,,,○,
78090,なかまはずれ,仲間外れ,名,W,1,,,,○,○,
78100,なかみ,中身・中味,名,W,1,○,,,○,○,
78110,なかむら,中村,名,W,,,,,○,,
78120,ながめ,眺め,名,W,1,○,,,,○,
78130,ながめる,眺める,下一他,W,1,◎,,○,○,○,○
78140,なかゆび,中指,名,W,1,○,,,,,
78150,なかよく,仲良く,副,W,2,○,,,,,
78160,なかよし,仲良し・仲△好し,名,W,1,,,,○,○,
78170,ながら,,副助・接尾,W,2,,,○,○,,○
78180,ながれ,流れ,名,W,1,○,,○,○,○,○
78190,ながれだす,流れ出す,五自,W,,,,,,○,
78200,ながれぼし,流れ星,名,W,2,,,,○,○,
78210,ながれる,流れる,下一自,W,1,◎,,○,○,○,○
78220,なき,泣き,名,W,1,,,,,○,
78230,なきがお,泣き顔,名,W,1,,,,○,○,
78240,なきごえ,泣き声・鳴き声,名,W,1,,,,○,○,
78250,なきさけぶ,泣き叫ぶ,五自,W,1,,,,○,○,
78260,なきじゃくる,泣きじゃくる,五自,W,2,,,,○,○,
78270,なきだす,泣き出す,五自,W,1,,,,,○,
78280,なきつら,泣き面,名,W,2,,,,○,○,
78290,なきべそ,泣きべそ,名,W,,,,,○,○,
78300,なきまね,泣き〈真似〉,名,W,1,,,,○,○,
78310,なきわらい,泣き笑い,名,W,1,,,,○,○,
78320,なく,泣く・鳴く・×啼く,五自,W,1,◎,○,○,○,○,○
78330,なぐさめる,慰める,下一他,W,1,○,,○,○,○,○
78340,なくす,無くす,五他,W,1,◎,,○,○,○,○
78350,なくす,亡くす,五他,W,2,,,○,,,
78360,なくなる,無くなる,五自,W,1,◎,,○,○,○,○
78370,なくなる,亡くなる,五自,W,2,,,○,,,
78380,なぐる,殴る・△撲る,五他,W,1,○,,○,○,○,
78390,なげ,投げ,名,W,1,,,,,○,
78400,なげく,嘆く,五自他,W,2,○,,,,,
78410,なげこむ,投げ込む,五他,W,1,,,,,○,
78420,なげる,投げる,下一他,W,1,◎,,○,○,○,○
78430,なこうど,《仲人》,名,W,3,○,,,,,
78440,なごや,名古屋,名,H,,,,,○,,
78450,なごやか,和やか,形動,W,3,○,,,○,○,
78460,なごり,《名残》,名,W,2,○,,,,,
78470,なさい,,助動,W,,,,○,,○,
78480,なさけ,情け,名,W,1,○,,○,,,
78490,なさけない,情けない,形,W,1,○,,,○,○,
78500,なさけぶかい,情け深い,形,W,1,○,,,,,
78510,なさる,△為さる,五自,W,1,◎,,○,○,○,○
78520,なし,×梨,名,W,1,,,○,○,○,○
78530,なし,無し,名,W,1,○,,,,○,
78540,なす,×茄子,名,W,1,○,,○,○,○,○
78550,なす,成す・△為す・△生す・△済す,五他,W,3,○,,○,,,
78560,ナスターシャ・ペトローブナ,,名,G,,,,,,○,
78570,なすび,〈×茄子〉,名,W,1,,,,,○,
78580,なすりつける,,下一他,W,,,,,○,○,
78590,なぜ,〈何故〉,副,W,1,◎,○,○,○,○,○
78600,なぜなら,〈何故〉なら,接,W,2,○,,,,,
78610,なぞ,×謎,名,W,1,○,,○,○,○,○
78620,なぞなぞ,×謎×謎,名,W,1,○,,,○,○,
78630,なぞる,,五他,W,2,,,,○,○,
78640,なだかい,名高い,形,W,1,○,,○,,○,○
78650,なだめる,×宥める,下一他,W,2,,,,○,○,
78660,なだらか,,形動,W,2,,,,○,○,
78670,なだれ,《雪崩》,名,W,2,○,,,○,○,
78680,なつ,夏,名,W,1,◎,○,○,○,○,○
78690,なつかしい,懐かしい,形,W,1,◎,,○,○,○,
78700,なつかしむ,懐かしむ,五他,W,1,,,,,○,
78710,ナック,〔鴨名〕,名,G,,,,,,○,
78720,なつく,懐く,五自,W,2,,,,○,○,
78730,なづける,名付ける,下一他,W,2,○,,,,,
78740,なっとう,納豆,名,K,1,,,,○,○,○
78750,なっとく,納得,名・ス他,K,3,○,,○,,,
78760,なっぱ,菜っ葉,名,W,1,,,,○,○,
78770,なつやすみ,夏休み,名,W,1,○,,○,○,○,
78780,なでしこ,×撫子・〈×？麦〉,名,W,1,,,,,○,
78790,なでまわす,×撫で回す,五他,W,1,,,,,○,
78800,なでる,×撫でる,下一他,W,1,○,,○,○,○,
78810,など,,副助,W,1,,,○,○,○,○
78820,なな,七,名,W,1,◎,,○,○,○,
78830,ななじゅう,七十,名,H,,,○,○,,,
78840,ななつ,七つ,名,W,1,◎,,○,○,○,○
78850,ななめ,斜め,名・形動,W,1,◎,,○,○,○,○
78860,なに,何,代,W,1,◎,○,○,○,○,○
78870,なに,,感,W,,,,,,○,
78880,なにか,何か,連語・副,W,1,◎,,○,○,,
78890,なにごと,何事,名,W,2,,,,○,○,
78900,なにしろ,何しろ,副,W,1,○,,,,○,
78910,なにとなく,何となく,連語,W,2,○,,,,,
78920,なにぶん,何分,副,H,2,○,,,,,
78930,なにも,何も,連語,W,2,,,○,,,
78940,なにやら,何やら,副,W,,,,○,,,
78950,なにゆえ,何故,副,W,3,○,,,,,
78960,なにより,何より,連語,W,2,,,○,,,
78970,なにわぶし,〈浪花〉節,名,W,,,,,,,○
78980,なぬか,七日,名,W,1,,,,,,○
78990,なのか,七日,名,W,1,◎,○,○,○,○,
79000,なのはな,菜の花,名,W,1,,,,○,○,
79010,なびく,×靡く,五自,W,1,,,○,○,○,
79020,ナプキン,napkin,名,G,,,,,○,○,
79030,なふだ,名札,名,W,2,○,,○,○,○,
79040,なべ,×鍋,名,W,1,◎,,○,○,○,○
79050,なま,生,名・接頭,W,1,◎,,○,○,○,○
79060,なまあたたかい,生暖かい,形,W,2,,,,○,○,
79070,なまいき,生意気,名・形動,H,1,○,,○,○,○,
79080,なまえ,名前,名,W,1,◎,○,○,○,○,○
79090,なまぐさい,生臭い・×腥い,形,W,2,,,○,○,○,
79100,なまける,怠ける,下一自他,W,1,○,,○,○,○,○
79110,なまず,×鯰,名,W,2,,,,○,○,
79120,なまぬるい,生△温い,形,W,2,,,,○,○,
79130,なまり,鉛,名,W,2,○,,○,,,○
79140,なみ,波,名,W,1,◎,,○,○,○,○
79150,なみ,並み,名・接尾,W,3,○,,,,,
79160,なみうちぎわ,波打ち際,名,W,1,,,,,○,
79170,なみき,並木,名,W,1,○,,,○,○,
79180,なみだ,涙,名,W,1,◎,,○,○,○,○
79190,なみだぐむ,涙ぐむ,五自,W,1,,,,○,○,
79200,なめらか,滑らか,形動,W,2,◎,,○,○,○,○
79210,なめる,×嘗める・×舐める,下一他,W,1,○,,○,○,○,
79220,なやましい,悩ましい,形,W,2,○,,,,,
79230,なやみ,悩み,名,W,2,○,,,,,
79240,なやむ,悩む,五自,W,2,◎,,○,○,○,
79250,なら,,助動,W,1,,,○,,○,○
79260,なら,×奈△良,名,W,,,,○,○,,
79270,ならい,習い,名,W,1,,,,,○,
79280,ならう,習う,五他,W,1,◎,,○,○,○,○
79290,ならう,倣う,五他,W,2,◎,,,○,○,
79300,ならす,慣らす・×馴らす,五他,W,1,,,○,○,○,
79310,ならす,鳴らす,五他,W,1,○,,○,○,○,
79320,ならない,,連語,W,1,,,○,,,
79330,ならび,並び,名,W,1,,,,,○,
79340,ならびに,並びに,接,W,3,○,,○,,,
79350,ならぶ,並ぶ,五自,W,1,◎,,○,○,○,○
79360,ならべる,並べる,下一他,W,1,◎,,○,○,○,○
79370,なり,鳴り,名,W,1,,,,,○,
79380,なり,,副助・助動,W,2,,,○,○,,
79390,なりだす,鳴り出す,五自,W,,,,,,○,
79400,なりたつ,成り立つ,五自,W,2,,,○,,,
79410,なる,成る・△為る・△生る,五自,W,1,◎,,○,○,○,○
79420,なる,鳴る,五自,W,1,◎,,○,○,○,○
79430,なる,,助動・連語,W,,,,○,,,
79440,なるべく,,副,W,1,◎,,○,○,○,○
79450,なるほど,成程,副,W,1,◎,,○,○,○,○
79460,なれなれしい,×馴れ×馴れしい,形,W,1,,,○,,,
79470,なれる,慣れる・×馴れる・×狎れる・△熟れる,下一自,W,1,◎,,○,○,○,○
79480,なわ,縄,名,W,1,○,,○,○,○,○
79490,なわしろ,苗代,名,W,1,,,,,○,
79500,なわとび,縄跳び・縄飛び,名,W,1,,,,○,○,○
79510,なん,何,代・接頭,W,1,,○,,,,○
79520,なんかい,何回,名,H,,,,,,○,
79530,なんきょく,南極,名,K,3,○,,,○,○,
79540,なんじ,何時,名,H,,,,,○,○,
79550,なんじゅう,何十,名,H,2,○,,,,,
79560,なんぜん,何千,名,H,2,○,,,,,
79570,なんだか,何だか,副,W,1,○,,○,,○,
79580,なんて,何て,副・副助,W,1,○,,○,,○,
79590,なんで,何で,副,W,1,,,○,,○,
79600,なんでも,何でも,副,W,1,○,,○,,○,○
79610,なんと,何と,副,W,1,○,,○,,○,
79620,なんど,何度,名,H,1,○,,○,○,○,
79630,なんとか,何とか,連語・副・ス自,W,2,○,,○,,○,
79640,なんとなく,何となく,副,W,2,,,○,,,
79650,なんとも,何とも,副,W,1,,,,,○,
79660,なんにち,何日,名,H,,,,,,○,
79670,なんにも,何にも,副,W,2,,,,,○,
79680,なんねん,何年,名,H,,,,,,○,
79690,なんびゃく,何百,名,H,2,○,,,,,
79700,なんぶ,南部,名,K,2,,,○,,,
79710,なんぷんかん,何分間,名,H,,,,,○,○,
79720,なんべい,南米,名,K,3,○,,,○,,
79730,なんべん,何遍,名,H,1,,,,,○,
79740,なんぼく,南北,名,K,2,○,,○,,,
79750,なんぼん,何本,名,H,,,,,,○,
79760,に,,格助,W,1,,,○,○,○,○
79770,に,二・弐,名,K,1,◎,○,○,○,○,○
79780,に,荷,名,W,1,○,,○,,○,
79790,に,,接尾,W,,,,○,,,
79800,にあい,似合い,名,W,1,,,,,○,
79810,にあう,似合う,五自,W,1,○,,○,○,○,○
79820,にいがた,新潟,名,W,,,,,○,,
79830,にいさん,《兄さん》,名,W,1,◎,○,○,○,○,○
79840,ニーズ,needs,名,G,3,,,,,,○
79850,にいちゃん,,名,W,1,,,,,○,
79860,にいちゃんぎつね,兄ちゃん狐,名,W,,,,,,○,
79870,にえる,煮える,下一自,W,1,○,,○,○,○,
79880,におい,×匂い・△臭い,名,W,1,◎,,○,○,○,○
79890,におう,△臭う・×匂う,五自,W,1,◎,,○,○,○,○
79900,におうさん,,名,H,,,,,,○,
79910,にかい,二階,名,K,1,○,,,,,
79920,にがい,苦い,形,W,1,◎,,○,○,○,○
79930,にがす,逃がす,五他,W,1,○,,○,○,○,○
79940,にがつ,二月,名,K,2,,,○,,,○
79950,にがて,苦手,名,W,2,○,,○,○,○,
79960,にがにがしい,苦苦しい,形,W,3,,,,○,○,
79970,にがわらい,苦笑い,名,W,3,,,,○,○,
79980,にぎやか,×賑やか,形動,W,1,◎,,○,○,○,○
79990,にぎり,握り,名,W,1,,,,,○,○
80000,にぎる,握る,五他,W,1,◎,,○,○,○,○
80010,にぎわう,×賑わう,五自,W,2,,,○,○,○,
80020,にく,肉,名,K,1,◎,○,○,○,○,○
80030,にくい,憎い,形,W,1,◎,,○,○,○,○
80040,にくい,△難い・△悪い,接尾,W,1,◎,,○,○,○,○
80050,にくしみ,憎しみ,名,W,2,○,,,,,
80060,にくたい,肉体,名,K,2,○,,,,,
80070,にくむ,憎む,五他,W,1,◎,,○,○,○,○
80080,にくや,肉屋,名,H,2,,,○,○,○,
80090,にくらしい,憎らしい,形,W,1,○,,○,○,○,
80100,にげこむ,逃げ込む,五自,W,1,,,,,○,
80110,にげだす,逃げ出す,五自,W,1,○,,,,○,
80120,にげみち,逃げ道,名,W,1,,,,,○,
80130,にげる,逃げる,下一自,W,1,◎,,○,○,○,○
80140,にごす,濁す,五他,W,1,,,,○,○,
80150,にこにこ,,副・ス自,W,1,◎,,○,○,○,
80160,にごる,濁る,五自他,W,1,○,,○,○,○,○
80170,にさた,〔人名〕,名,W,,,,,,○,
80180,にさんか,二酸化,名,K,,,,○,,,
80190,にさんかたんそ,二酸化炭素,名,K,,,,○,,,
80200,にし,西,名,W,1,◎,○,○,○,○,○
80210,にじ,×虹,名,W,1,○,,○,○,○,○
80220,にしき,×錦,名,W,3,,,,,○,
80230,にじむ,×滲む,五自,W,1,○,,○,○,○,
80240,にじゅう,二十,名,K,,,○,○,,,○
80250,にじょう,二乗,名,K,,,,,,,○
80260,ニス,←varnish,名,G,2,,,○,,,○
80270,にせ,偽・×贋,名,W,2,,,○,○,○,○
80280,にせい,二世,名,K,3,,,○,,,○
80290,にせもの,偽物・×贋物,名,W,2,○,,,○,○,
80300,にせる,似せる,下一他,W,1,,,○,,○,
80310,にだい,荷台,名,H,,,,,,○,
80320,にち,日,名・接尾,K,1,◎,○,○,○,○,○
80330,にちごう,日豪,名,K,,,,○,,,
80340,にちじ,日時,名,K,2,○,,,,,
80350,にちじょう,日常,名,K,3,○,,,○,○,
80360,にちじょうせいかつ,日常生活,名,K,,,,○,,,
80370,にちよう,日曜,名,K,1,◎,○,○,○,○,
80380,にちようだいく,日曜大工,名,K,,,,,○,○,
80390,にちようび,日曜日,名,H,1,,,○,,,○
80400,にちようひん,日用品,名,K,2,○,,○,,,○
80410,にっか,日課,名,K,3,○,,,,,
80420,にっかひょう,日課表,名,K,,,,,○,○,
80430,にっき,日記,名,K,1,◎,,○,○,○,○
80440,にづくり,荷造り・荷作り,名,W,2,○,,○,,,○
80450,にっこう,日光,名,K,1,◎,,○,○,○,
80460,にっこうよく,日光浴,名,K,,,,,○,○,
80470,にっこり,,副・ス自,W,1,,,○,○,○,
80480,にっこりと,,副,W,,,,,,○,
80490,にっし,日誌,名,K,1,,,,,○,
80500,にっしょく,日食・日×蝕,名,K,2,○,,,○,○,
80510,にっすう,日数,名,K,2,○,,,,,
80520,にっちゅう,日中,名,K,2,○,,,○,○,
80530,にってい,日程,名,K,3,○,,,,,
80540,にっぽん,日本,名,K,1,◎,○,,○,○,
80550,にっぽんいち,日本一,名,K,1,,,,,○,
80560,になう,荷なう・担う,五他,W,1,,,○,,○,
80570,ににんさんきゃく,二人三脚,名,K,2,,,,○,○,
80580,にねんせい,二年生,名,K,,,,○,,,
80590,には,,連語,W,,,,○,,,
80600,にひゃく,二百,名,K,,,,○,,,
80610,にぶい,鈍い,形,W,2,○,,○,○,○,○
80620,にふだ,荷札,名,W,1,,,○,,,○
80630,にほん,日本,名,K,1,,○,○,,,○
80640,にほんかい,日本海,名,K,2,○,,,,,
80650,にほんぎんこう,日本銀行,名,K,,,,○,,,
80660,にほんご,日本語,名,K,2,◎,,○,○,○,
80670,にほんこくけんぽう,日本国憲法,名,K,,,,○,,,
80680,にほんしょく,日本食,名,K,,,,○,,,
80690,にほんじん,日本人,名,K,2,◎,,○,○,,○
80700,にほんばれ,日本晴れ,名,H,3,,,,○,○,
80710,にほんぶよう,日本舞踊,名,K,,,,,○,○,
80720,にも,,連語,W,1,,,○,,,
80730,にもかかわらず,にも△拘わらず,連語・接,W,2,○,,,,,
80740,にもつ,荷物,名,H,1,◎,,○,○,○,○
80750,にもの,煮物,名,W,2,,,,○,○,
80760,にゃーお,,副,W,,,,,○,○,
80770,にゃあおにゃあお,,副,W,,,,,,○,
80780,にゃあご,,副,W,,,,,,○,
80790,にやにや,,副・ス自,W,1,,,,○,○,
80800,にやり,,副,W,1,,,,○,○,
80810,ニュアンス,〔仏〕nuance,名,G,3,○,,,,,
80820,にゅう,入,接頭,K,,,,○,,,
80830,にゅう,乳,名,K,,,,○,,,
80840,にゅういん,入院,名・ス自,K,2,○,,○,○,○,○
80850,にゅうえんしき,入園式,名,K,,,,,○,○,
80860,にゅうがく,入学,名・ス自,K,1,◎,,○,○,○,○
80870,にゅうがくしき,入学式,名,K,,,,,○,○,
80880,にゅうがくしけん,入学試験,名,K,,,,○,,,
80890,ニュークリア,,名,G,,,,○,,,
80900,にゅうこく,入国,名・ス自,K,3,○,,,,,
80910,ニュージーランド,New Zealand,名,G,,,,,○,,
80920,にゅうしゃ,入社,名・ス自,K,2,○,,,,,
80930,にゅうしょう,入賞,名・ス自,K,2,○,,,,,
80940,にゅうじょう,入場,名・ス自,K,2,○,,,○,○,
80950,にゅうじょうけん,入場券,名,K,2,○,,,,,
80960,にゅうじょうもん,入場門,名,K,,,,,○,○,
80970,ニュース,news,名,G,1,◎,○,○,○,○,○
80980,にゅうどうぐも,入道雲,名,H,2,,,,○,○,
80990,ニューヨーク,New York,名,G,,,,,○,,
81000,にゅうよく,入浴,名・ス自,K,2,○,,,,,
81010,にゅっと,,副,W,2,,,,,○,
81020,にょう,尿,名,K,3,,,○,,,
81030,にょう,×繞,名,K,,,,,,,○
81040,にょうそ,尿素,名,K,,,,○,,,
81050,にょろにょろ,,副・ス自,W,1,,,,○,○,
81060,にらみ,×睨み,名,W,1,,,,,○,
81070,にらむ,×睨む,五他,W,1,○,,○,○,○,
81080,にらめっこ,×睨めっこ,名,W,1,,,,○,○,
81090,にる,似る,上一自,W,1,◎,,○,○,○,○
81100,にる,煮る,上一他,W,1,◎,,○,○,○,○
81110,にわ,庭,名,W,1,◎,○,○,○,○,○
81120,にわか,×俄,形動,W,2,○,,○,○,○,
81130,にわかあめ,×俄雨,名,W,1,○,,,○,○,
81140,にわとり,鶏,名,W,1,◎,○,○,○,○,○
81150,にん,人,名・接尾,K,1,◎,○,○,○,○,○
81160,にんき,人気,名,K,2,◎,,○,○,○,○
81170,にんきもの,人気者,名,H,,,,,○,○,
81180,にんぎょ,人魚,名,K,2,,,,○,○,
81190,にんぎょう,人形,名,K,1,◎,○,○,○,○,○
81200,にんぎょうげき,人形劇,名,K,,,,,○,○,
81210,にんげん,人間,名,K,1,◎,,○,○,○,○
81220,にんげんかんけい,人間関係,名,K,,,,○,,,
81230,にんしき,認識,名・ス他,K,3,○,,,,,
81240,にんじょう,人情,名,K,2,○,,,○,,
81250,にんしん,妊娠,名・ス自,K,3,○,,,○,,
81260,にんじん,人△参,名,K,1,○,,,○,○,○
81270,にんず,人数,名,K,1,◎,,,○,○,
81280,にんずう,人数,名,K,1,,,○,,,
81290,にんむ,任務,名,K,2,○,,,,,
81300,にんめい,任命,名・ス他,K,3,,,○,,,
81310,ぬ,,助動,W,1,,,○,,○,○
81320,ぬい,縫い,名,W,1,,,,,○,
81330,ぬいぐるみ,縫いぐるみ,名,W,,,,,○,○,
81340,ぬいもの,縫い物,名,W,1,,,,○,○,
81350,ぬう,縫う,五他,W,1,◎,,○,○,○,○
81360,ぬか,×糠,名,W,1,,,,,○,
81370,ぬかす,抜かす,五他,W,2,,,,○,○,
81380,ぬがす,脱がす,五他,W,,,,,,○,
81390,ぬかる,〈泥×濘る〉,五自,W,2,,,,○,○,
81400,ぬかる,抜かる,五自,W,3,,,,,○,
81410,ぬかるみ,〈泥×濘〉,名,W,2,,,,○,○,
81420,ぬきとる,抜き取る,五他,W,1,,,○,,,○
81430,ぬく,抜く,五他,W,1,◎,,○,○,○,○
81440,ぬぐ,脱ぐ,五他,W,1,◎,,○,○,○,○
81450,ぬくい,△温い,形,W,1,,,,,○,
81460,ぬくめる,△温める,下一他,W,1,,,,,○,
81470,ぬくもり,△温もり,名,W,1,,,,,○,
81480,ぬくもる,△温もる,五自,W,1,,,,,○,
81490,ぬけがら,抜け殼・△脱け殼,名,W,1,,,,○,○,
81500,ぬけだす,抜け出す,五自,W,1,,,○,,○,
81510,ぬけでる,抜け出る,下一自,W,1,,,,,○,
81520,ぬける,抜ける,下一自,W,1,○,,○,○,○,
81530,ぬげる,脱げる,下一自,W,1,,,,○,○,
81540,ぬし,主,名・代,W,1,,,○,○,○,
81550,ぬすっと,盗△人,名,W,1,,,,,○,
81560,ぬすびと,盗人,名,W,1,,,,,○,
81570,ぬすみ,盗み,名,W,1,,,,,○,
81580,ぬすむ,盗む,五他,W,1,◎,,○,○,○,○
81590,ぬの,布,名・接頭,W,1,○,,○,○,○,○
81600,ぬま,沼,名,W,1,○,,,○,○,
81610,ぬらす,×濡らす,五他,W,1,○,,○,○,○,○
81620,ぬり,塗り,名,W,1,,,,,○,
81630,ぬりえ,塗り絵,名,H,1,,,,○,○,
81640,ぬる,塗る,五自,W,1,◎,,○,○,○,○
81650,ぬるい,△温い,形,W,1,◎,,○,○,○,○
81660,ぬるぬる,,副・ス自,W,1,,,,○,○,
81670,ぬるむ,△温む,五自,W,1,,,,,○,
81680,ぬるめる,△温める,下一他,W,1,,,,,○,
81690,ぬれる,×濡れる,下一自,W,1,◎,,○,○,○,○
81700,ね,,間助・感,W,1,○,,○,○,○,○
81710,ね,根,名,W,1,◎,,○,○,○,○
81720,ね,値,名,W,2,○,,,,,
81730,ねあがり,値上がり,名,W,2,○,,,,,
81740,ねあげ,値上げ,名,W,2,○,,○,,,
81750,ねうち,値打ち,名,W,1,○,,○,○,○,
81760,ねえ,,間助・感,W,1,,,○,○,○,
81770,ねえ,〔無いの意味〕,形・助動,W,,,,,,○,
81780,ねえさん,《姉さん》・×姐さん,名,W,1,◎,○,○,○,○,○
81790,ねえさんぎつね,姉さん狐,名,W,,,,,,○,
81800,ねえちゃん,姉ちゃん,名,W,,,,,,○,
81810,ネオンサイン,neon sign,名,G,2,,,,○,○,
81820,ねがい,願い,名,W,1,◎,,○,○,○,○
81830,ねがいごと,願い事,名,W,2,,,,,○,
81840,ねがう,願う,五他,W,1,◎,,○,○,○,○
81850,ねがえり,寝返り,名,W,2,,,,○,○,
81860,ねがお,寝顔,名,W,1,,,,○,○,
81870,ねかす,寝かす,五他,W,1,,,○,,○,
81880,ねかせる,寝かせる,下一他,W,1,○,,,,○,
81890,ねぎ,×葱,名,W,1,○,,,○,○,○
81900,ねぎそべ,〔人名〕,名,W,,,,,,○,
81910,ネクタイ,necktie,名,G,2,◎,,○,○,○,○
81920,ねこ,猫,名,W,1,◎,○,○,○,○,○
81930,ねごと,寝言,名,W,1,,,,○,○,
81940,ねこやなぎ,猫柳,名,W,2,,,,,○,
81950,ねころぶ,寝転ぶ,五自,W,1,,,○,○,○,
81960,ねさがり,値下がり,名,W,2,○,,,,,
81970,ねさげ,値下げ,名,W,2,○,,,,,
81980,ねじ,〈×螺子〉・〈×捻子〉・〈×捩子〉,名,W,1,○,,○,○,○,○
81990,ねじける,×拗ける,下一自,W,1,,,,,○,
82000,ねしずまる,寝静まる,五自,W,1,,,○,,,
82010,ねじまわし,〈×螺子〉回し,名,W,2,,,,○,○,
82020,ねじる,×捩じる・×捻じる,五他,W,1,○,,○,○,○,○
82030,ねじれる,×捩じれる・×捻じれる,下一自,W,1,,,○,○,○,
82040,ねずみ,×鼠,名,W,1,○,,○,○,○,○
82050,ねずみくん,×鼠君,名,H,,,,,,○,
82060,ねぞう,寝相,名,H,2,,,,○,○,
82070,ねそべる,寝そべる,五自,W,1,,,○,,○,
82080,ねだり,,名,W,1,,,,,○,
82090,ねだる,,五他,W,1,,,○,○,○,
82100,ねだん,値段,名,H,1,◎,,○,○,○,○
82110,ねつ,熱,名,K,1,◎,,○,○,○,○
82120,ネックレス,necklace,名,G,3,,,,○,○,
82130,ねっこ,根っこ,名,W,,,,,○,○,
82140,ねっしん,熱心,名・形動,K,1,◎,,○,○,○,○
82150,ねっする,熱する,サ変自他,H,1,○,,○,,○,○
82160,ねったい,熱帯,名,K,2,○,,○,,,○
82170,ねったいぎょ,熱帯魚,名,K,,,,,○,○,
82180,ねっちゅう,熱中,名・ス自,K,2,,,,○,○,
82190,ネット,net,名,G,2,,,,○,○,
82200,ねっとう,熱湯,名,K,2,○,,,,,
82210,ねつようりょう,熱容量,名,K,,,,○,,,
82220,ねつりょう,熱量,名,K,3,,,○,,,
82230,ねどこ,寝床,名,W,1,○,,○,,○,○
82240,ねばい,粘い,形,W,1,,,,,○,
82250,ねばねば,,トス自・名,W,1,,,,○,○,
82260,ねばり,粘り,名,W,1,,,○,○,○,○
82270,ねばる,粘る,五自,W,1,,,○,○,○,○
82280,ねびえ,寝冷え,名,W,1,,,,○,○,
82290,ねびき,値引き,名,W,2,○,,,,,
82300,ねぼう,寝坊,名,H,1,○,,○,○,○,○
82310,ねぼけまなこ,寝ぼけ眼,名,W,,,,,,○,
82320,ねぼける,寝×惚ける,下一自,W,1,,,○,○,○,
82330,ねまき,寝巻き・寝間着,名,W,1,○,,,○,○,
82340,ねむい,眠い,形,W,1,◎,,○,○,○,○
82350,ねむたい,眠たい,形,W,1,○,,,,○,
82360,ねむりひめ,眠り姫,名,W,,,,,,○,
82370,ねむる,眠る,五自,W,1,◎,,○,○,○,○
82380,ねむれる,眠れる,連語,W,,,,,,○,
82390,ねもと,根元・根本,名,W,1,,,,,○,
82400,ねらい,×狙い,名,W,1,○,,○,,○,○
82410,ねらう,×狙う,五他,W,1,○,,○,○,○,○
82420,ねる,寝る,下一自,W,1,◎,○,○,○,○,○
82430,ねる,練る・△錬る・×煉る,五他,W,2,○,,,○,○,
82440,ねん,年,名・接尾,K,1,◎,○,○,○,○,○
82450,ねんが,年賀,名,K,2,○,,,,,
82460,ねんがじょう,年賀状,名,K,1,○,,,○,○,
82470,ねんがっぴ,年月日,名,H,2,○,,,,,
82480,ねんかん,年間,名,K,2,○,,,,,
82490,ねんげつ,年月,名,K,2,○,,,,,
82500,ねんごう,年号,名,K,2,○,,,,,
82510,ねんじゅう,年中,名,K,1,,,○,○,○,
82520,ねんしょうぐみ,年少組,名,H,,,,,○,○,
82530,ねんせい,年生,接尾,K,1,,,○,○,○,
82540,ねんだい,年代,名,K,2,○,,,,,
82550,ねんちゅうぐみ,年中組,名,H,,,,,○,○,
82560,ねんちょうぐみ,年長組,名,H,,,,,○,○,
82570,ねんど,粘土,名,K,1,,,○,○,○,○
82580,ねんど,年度,名,K,3,○,,○,,,
82590,ねんねんよう,,感,W,,,,,,○,
82600,ねんまつ,年末,名,K,2,○,,,,,
82610,ねんりょう,燃料,名,K,2,◎,,○,○,○,○
82620,ねんりん,年輪,名,K,2,,,,○,○,
82630,ねんれい,年齢,名,K,2,○,,○,○,○,○
82640,の,,格助・終助・間助,W,1,◎,○,○,○,○,○
82650,の,野,名,W,1,◎,,○,○,○,○
82660,ノイローゼ,〔独〕Neurose,名,G,3,○,,,,,
82670,のう,脳,名,K,2,○,,○,○,,
82680,のう,能,名,K,3,○,,○,,,
82690,のう,濃,接頭,K,,,,○,,,
82700,のうか,農家,名,K,1,○,,○,,,○
82710,のうがく,能楽,名,K,3,,,,,,○
82720,のうぎょう,農業,名,K,2,◎,,○,○,○,○
82730,のうぎょうようすい,農業用水,名,K,,,,○,,,
82740,のうさんぶつ,農産物,名,K,2,,,○,,,
82750,のうじょう,農場,名,K,2,○,,○,○,,
82760,のうそん,農村,名,K,2,○,,○,,,
82770,のうち,農地,名,K,2,○,,○,,,
82780,のうど,濃度,名,K,3,,,○,,,
82790,のうはんき,農繁期,名,K,2,,,○,,,
82800,のうぼくぎょう,農牧業,名,K,,,,○,,,
82810,のうみん,農民,名,K,2,○,,○,,,○
82820,のうやく,農薬,名,K,,,,,,,○
82830,のうりつ,能率,名,K,2,○,,○,○,○,○
82840,のうりょく,能力,名,K,2,◎,,○,○,○,○
82850,のうりん,農林,名,K,3,○,,,,,
82860,ノート,note,名・ス他,G,1,◎,○,○,○,○,○
82870,のがれる,逃れる,下一自,W,2,○,,,,,
82880,のき,軒,名,W,1,,,○,,○,○
82890,のぎく,野菊,名,H,1,,,,,○,
82900,のきした,軒下,名,W,1,,,,○,○,
82910,のく,△退く,五自,W,1,,,○,,○,○
82920,のけぞる,のけ反る,五自,W,3,,,,○,○,
82930,のける,△退ける・△除ける,下一他,W,1,,,○,,○,○
82940,のこぎり,×鋸,名,W,1,○,,○,○,○,○
82950,のこす,残す,五他,W,1,◎,,○,○,○,○
82960,のこらず,残らず,連語,W,1,,,○,,○,
82970,のこり,残り,名,W,1,○,,○,○,○,○
82980,のこりもの,残り物,名,W,1,,,,,○,
82990,のこる,残る,五自,W,1,◎,,○,○,○,○
83000,のせる,乗せる・載せる,下一他,W,1,◎,,○,○,○,○
83010,のぞいて,除いて,連語,W,,,,○,,,○
83020,のぞき,×覗き・×覘き,名,W,1,,,,,○,
83030,のぞきこむ,×覗き込む,五他,W,1,,,,,○,
83040,のぞく,×覗く・×覘く,五自他,W,1,○,,○,○,○,○
83050,のぞく,除く,五他,W,2,○,,○,,,○
83060,のぞましい,望ましい,形,W,2,○,,○,,,
83070,のぞみ,望み,名,W,1,○,,,○,○,
83080,のぞむ,望む,五他,W,1,◎,,○,○,○,○
83090,のぞむ,臨む,五自,W,3,○,,,,,
83100,のち,後,名,W,1,◎,,○,○,○,○
83110,のちのよ,後の世,連語,W,3,,,,,○,
83120,ノック,knock,名・ス他,G,2,○,,○,○,○,○
83130,ノックアウト,knockout,名・ス他,G,2,,,,○,○,
83140,のっける,乗っける・載っける,下一他,W,1,,,,,○,
83150,のっしのっし,,副,W,,,,,○,○,
83160,のっしのっしじゃんが,,副,W,,,,,,○,
83170,のっそり,,副・ス自,W,1,,,○,,○,
83180,のっそりのっそり,,副,W,,,,,,○,
83190,のっぱら,野っぱら,名,W,,,,,,○,
83200,のっぽ,,名,W,1,,,,,○,
83210,のっぽくん,,名,H,,,,,,○,
83220,のっぽすぎ,のっぽ杉,名,W,,,,,,○,
83230,ので,,接助,W,1,,,○,○,○,○
83240,のど,×喉・×咽,名,W,1,◎,,○,○,○,○
83250,のどか,〈長閑か〉,形動,W,1,○,,○,○,○,
83260,のに,,接助,W,1,,,○,○,○,○
83270,のねずみ,野×鼠,名,W,,,,,,○,
83280,のばす,延ばす・伸ばす,五他,W,1,◎,,○,○,○,○
83290,のはら,野原,名,W,1,○,,○,○,○,○
83300,のはらじゅう,野原中,名,H,,,,,,○,
83310,のび,延び・伸び,名,W,1,,,○,,,
83320,のびちぢみ,伸び縮み,名,W,1,,,,○,○,
83330,のびのび,伸び伸び,副・ス自,W,2,,,,○,○,
83340,のびる,延びる・伸びる,上一自,W,1,◎,,○,○,○,○
83350,のべ,延べ,名,W,3,,,○,,,
83360,のべる,述べる・△陳べる,下一他,W,1,◎,,○,○,,
83370,のべる,延べる・伸べる,下一他,W,2,,,○,,,
83380,のぼせる,,下一自,W,2,,,,○,○,
83390,のぼり,上り・登り・昇り,名,W,1,◎,,○,○,○,○
83400,のぼる,上る・登る・昇る,五自,W,1,◎,,○,○,○,○
83410,のみ,×蚤,名,W,1,,,,,○,
83420,のみ,×鑿,名,W,1,,,○,,,○
83430,のみ,飲み・×呑み,名,W,1,,,,,○,
83440,のみ,,副助,W,3,,,○,,,○
83450,のみこむ,飲み込む・×呑み込む,五他,W,1,○,,○,○,○,
83460,のみみず,飲み水,名,W,1,○,,,,,
83470,のみもの,飲み物,名,W,1,◎,,○,○,○,○
83480,のむ,飲む・×呑む,五他,W,1,◎,○,○,○,○,○
83490,のやま,野山,名,W,1,,,,,○,
83500,のり,×糊,名,W,1,◎,,○,○,○,○
83510,のり,〈海×苔〉,名,W,1,○,,,○,○,○
83520,のり,乗り,名・接尾,W,1,,,,,○,
83530,のりうつる,乗り移る,五自,W,1,,,○,,,
83540,のりお,〔固〕,名,W,,,,,,○,
83550,のりおくれる,乗り遅れる・乗り後れる,下一自,W,1,,,○,,,
83560,のりおり,乗り降り,名,W,1,○,,,,,
83570,のりかえ,乗り換え,名,W,1,○,,○,,,○
83580,のりかえる,乗り換える,下一自,W,1,◎,,○,○,,○
83590,のりこ,〔固〕,名,W,,,,,,○,
83600,のりこえる,乗り越える,下一他,W,1,,,○,,,
83610,のりこし,乗り越し,名,W,1,○,,,,,
83620,のりこす,乗り越す,五他,W,1,,,○,,,
83630,のりこむ,乗り込む,五自,W,1,,,○,,○,
83640,のりだす,乗り出す,五自他,W,1,,,○,,,
83650,のりつける,乗り付ける,下一自,W,2,,,○,,,
83660,のりもの,乗り物,名,W,1,◎,,○,○,○,○
83670,のりものごっこ,乗り物ごっこ,名,W,,,,,,○,
83680,のる,乗る・載る,五自,W,1,◎,,○,○,○,○
83690,のれる,乗れる,下一他,W,,,,,,○,
83700,のれん,△暖×簾,名,K,2,,,,○,○,
83710,のろい,△鈍い,形,W,1,○,,○,○,○,○
83720,のろのろ,,副・ス自,W,1,○,,○,○,○,
83730,のろま,,名,W,1,,,,,○,
83740,のんき,×暢気・×呑気,形動,K,1,○,,○,○,○,○
83750,のんびり,,副・ス自,W,1,○,,,○,○,
83760,は,,係助,W,1,,,○,○,○,○
83770,は,葉,名,W,1,◎,,○,○,○,○
83780,は,歯,名,W,1,◎,○,○,○,○,○
83790,は,刃,名,W,2,◎,,○,○,○,○
83800,は,派,名,K,3,,,○,,,○
83810,は,,感,W,,,,○,,,
83820,ば,,接助,W,1,,,○,○,○,○
83830,ば,羽,接尾,W,1,◎,,○,○,○,
83840,ば,場,名,W,1,○,,○,,,○
83850,ぱ,羽,接尾,W,,,,○,,,
83860,はあ,,感,W,1,○,,○,,,
83870,ばあ,,感,W,,,,○,,,
83880,ばあい,場合,名,W,1,◎,,○,○,○,○
83890,バーゲンセール,bargain sale,名,G,3,,,,○,○,
83900,ばあさま,,名,W,,,,,,○,
83910,バースデーケーキ,birthday cake,名,G,,,,,,○,
83920,バースデースープ,birthday soup,名,G,,,,,,○,
83930,パーセント,percent,名,G,2,○,,○,,,○
83940,はあっと,,副,W,,,,,,○,
83950,パーティー,party,名,G,3,○,,○,○,○,
83960,はあはあ,,副・感,W,,,,,,○,
83970,バーバパパ,〔おばけ名〕,名,W,,,,,,○,
83980,バーベキュー,barbecue,名,G,,,,,○,○,
83990,パーマ,←permanent wave,名,G,2,,,○,○,○,○
84000,ハーモニカ,harmonica,名,G,1,,,,○,○,
84010,ばあや,△婆や,名,W,1,,,,,○,
84020,はい,,感,W,1,◎,○,○,○,○,○
84030,はい,灰,名,W,1,◎,,○,○,○,○
84040,はい,×蠅,名,W,1,,,,,○,
84050,はい,這い,名,W,1,,,,,○,
84060,はい,杯,名・接尾,K,1,◎,,○,○,○,○
84070,はい,肺,名,K,2,○,,○,,,○
84080,ばい,倍,名・接尾,K,1,◎,,○,○,○,○
84090,パイ,pie,名,G,2,,,,,○,
84100,はいあがる,×這い上がる,五自,W,1,,,○,,○,
84110,はいいろ,灰色,名,W,1,○,,,○,○,
84120,ばいう,梅雨,名,K,3,○,,,,,
84130,バイオリン,violin,名,G,1,○,,○,○,○,
84140,はいきゅう,配給,名・ス他,K,2,,,○,,,
84150,ばいきん,×黴菌,名,K,1,,,○,○,○,○
84160,ハイキング,hiking,名・ス自,G,1,○,,○,○,○,
84170,はいく,俳句,名,K,2,○,,○,○,,○
84180,バイク,bike,名,G,,,,,○,○,
84190,はいけい,拝啓,名,K,3,○,,,,,
84200,はいけい,背景,名,K,3,○,,,○,○,
84210,はいけん,拝見,名・ス他,K,2,○,,,,,
84220,はいざら,灰皿,名,W,2,○,,○,○,○,○
84230,はいし,廃止,名・ス他,K,2,○,,○,,,○
84240,ばいしつ,媒質,名,K,,,,○,,,
84250,はいしゃ,歯医者,名,H,1,,,○,○,○,
84260,はいしゃさん,歯医者さん,名,H,,,,○,,,
84270,はいしゅつ,排出,名・ス他,K,3,,,○,,,
84280,ばいしょう,賠償,名・ス他,K,3,○,,,,,
84290,はいすい,排水,名・ス自,K,2,○,,,,,
84300,ばいする,倍する,サ変自他,H,1,,,,,○,
84310,はいせき,排斥,名・ス他,K,3,,,○,,,
84320,はいせん,敗戦,名・ス自,K,2,○,,,,,
84330,はいだす,×這い出す,五自,W,1,,,,,○,
84340,はいたつ,配達,名・ス他,K,1,○,,○,○,○,○
84350,はいち,配置,名・ス他,K,3,○,,○,,,
84360,ばいてん,売店,名,K,2,○,,,○,○,
84370,パイナップル,pineapple,名,G,2,,,,○,○,
84380,はいのぼる,這い登る,五自,W,,,,,,○,
84390,はいはい,×這い×這い,名,W,1,,,,,○,
84400,バイバイ,byebye,感・名,G,1,,,,○,○,
84410,ばいばい,売買,名・ス他,K,2,○,,,,,
84420,はいひんかいしゅう,廃品回収,名,K,,,,,○,○,
84430,パイプ,pipe,名,G,2,○,,○,○,○,○
84440,はいぼく,敗北,名・ス自,K,3,○,,,,,
84450,はいゆう,俳優,名,K,2,○,,○,,,○
84460,はいりこむ,×這入り込む,五自,W,1,,,○,,,
84470,はいる,入る・×這入る,五自,W,1,◎,○,○,○,○,○
84480,はいれつ,配列・排列,名・ス他,K,3,○,,○,,,
84490,はう,×這う,五自,W,1,○,,○,○,○,○
84500,はえ,×蝿,名,W,1,○,,○,○,○,○
84510,はえる,生える,下一自,W,1,◎,,○,○,○,○
84520,はえる,映える,下一自,W,3,○,,,,,
84530,はおり,羽織,名,W,1,○,,○,,○,○
84540,はおる,羽織る,五他,W,1,,,,,○,
84550,はか,墓,名,W,1,◎,,○,○,○,○
84560,ばか,〔梵〕馬×鹿・×莫×迦,名・形動,G,1,◎,,○,○,○,○
84570,はかい,破壊,名・ス自他,K,3,○,,○,,,○
84580,はがき,葉書,名,W,1,◎,,○,○,○,○
84590,はがす,×剥がす,五他,W,2,,,○,○,○,
84600,ばかす,化かす,五他,W,1,,,○,○,○,○
84610,はかせ,《博士》,名,K,2,○,,,,,
84620,はかどる,×捗る,五自,W,2,,,,○,○,
84630,ばかばかしい,馬×鹿馬×鹿しい,形,H,1,○,,○,,,
84640,はかま,×袴,名,W,2,,,○,,,
84650,ばからしい,馬×鹿らしい,形,H,2,○,,○,,,
84660,はかり,×秤,名,W,1,○,,○,○,○,○
84670,ばかり,,副助,W,1,,,○,○,,○
84680,はかる,計る・測る・量る,五他,W,1,◎,,○,○,○,○
84690,はかる,図る,五他,W,3,○,,○,,,○
84700,はかる,謀る,五他,W,3,○,,,,,○
84710,はかる,諮る,五他,W,3,,,,,,○
84720,はきかえる,履き替える,下一他,W,,,,,○,○,
84730,はきけ,吐き気,名,W,2,,,,○,○,
84740,パキスタン,Pakistan,名,G,,,,,○,,
84750,はきだす,吐き出す,五他,W,1,,,,,○,
84760,はきはき,,副・ス自,W,1,,,,○,○,
84770,はきもの,履き物,名,W,1,○,,,○,○,
84780,はく,吐く,五他,W,1,○,,○,○,○,○
84790,はく,掃く,五他,W,1,◎,,○,○,○,○
84800,はく,履く,五他,W,1,◎,,○,○,○,○
84810,はく,泊,名・接尾,K,3,○,,,,,
84820,はぐ,×剥ぐ,五他,W,2,,,○,,,
84830,ばくげき,爆撃,名・ス他,K,2,○,,,,,
84840,はくさい,白菜,名,K,2,○,,,,,
84850,はくし,博士,名,K,2,,,○,○,,
84860,はくしゅ,拍手,名・ス自,K,1,◎,,○,○,○,○
84870,はくじょう,白状,名・ス他,K,2,,,,○,○,
84880,はくしょん,,感,W,,,,,,○,
84890,はくせん,白線,名,K,2,,,○,,,○
84900,ばくだん,爆弾,名,K,2,○,,,○,○,
84910,はくちょう,白鳥,名,K,1,,,,○,○,
84920,ぱくっと,,副,W,,,,,,○,
84930,ぱくぱく,,副・ス自,W,1,,,,○,○,
84940,ばくはつ,爆発,名・ス自,K,2,○,,○,○,○,○
84950,はくぶつかん,博物館,名,K,2,○,,○,○,○,○
84960,はくぼく,白墨,名,K,1,,,,,○,
84970,はぐるま,歯車,名,W,2,,,○,○,○,
84980,はぐれる,,下一自,W,1,,,,○,○,
84990,ばくろ,暴露・×曝露,名・ス自他,K,3,○,,,,,
85000,はけ,〈刷毛〉,名,W,1,,,○,○,○,
85010,はげ,×禿,名,W,1,,,,,○,
85020,ばけ,化け,名,W,1,,,,,○,
85030,ばけかた,化け方,名,W,,,,,,○,
85040,はげしい,激しい・△烈しい,形,W,1,◎,,○,○,○,○
85050,バケツ,bucket,名,G,1,○,,○,○,○,○
85060,ばけっこ,化けっこ,名,W,,,,,,○,
85070,はげます,励ます,五他,W,1,○,,○,○,○,○
85080,はげむ,励む,五自,W,2,○,,○,○,○,○
85090,ばけもの,化け物,名,W,1,,,,,○,
85100,はげる,×剥げる・×禿げる,下一自,W,1,,,○,○,○,
85110,ばける,化ける,下一自,W,1,○,,○,○,○,○
85120,はけん,派遣,名・ス他,K,3,○,,,,,
85130,はこ,箱・×函,名・接尾,W,1,◎,○,○,○,○,○
85140,はごいた,羽子板,名,W,1,,,,○,○,
85150,ばこそ,,連語,W,,,,○,,,
85160,はこね,箱根,名,W,,,,,○,,
85170,はこび,運び,名,W,1,,,,,○,
85180,はこぶ,運ぶ,五自他,W,1,◎,,○,○,○,○
85190,バザー,bazaar,名,G,3,,,,○,○,
85200,ばさま,△婆様,名,W,,,,,,○,
85210,はさまる,挟まる,五自,W,1,,,,○,○,
85220,はさみ,×鋏,名,W,1,◎,○,○,○,○,○
85230,はさみうち,挟み撃ち,名,W,2,,,○,,,
85240,はさむ,挟む,五他,W,1,◎,,○,○,,
85250,はさむ,×鋏む・×剪む,五他,W,2,◎,,,○,○,
85260,はさん,破産,名・ス自,K,3,○,,,,,
85270,はし,端,名,W,1,◎,,○,○,○,○
85280,はし,×箸,名,W,1,◎,○,○,○,○,○
85290,はし,橋,名,W,1,◎,○,○,○,○,○
85300,はじ,恥,名,W,2,◎,,○,○,○,○
85310,はしか,〈麻×疹〉,名,W,2,,,,○,○,
85320,はじく,△弾く,五他,W,1,,,○,○,○,
85330,はじける,△弾ける,下一自,W,1,,,○,○,○,
85340,はしご,×梯子・×梯,名,W,1,○,,○,○,○,○
85350,はじまり,始まり,名,W,1,○,,,,○,
85360,はじまる,始まる,五自,W,1,◎,,○,○,○,○
85370,はじめ,初め・始め,名,W,1,◎,,○,○,○,○
85380,はじめ,〔固〕,名,W,,,,,,○,
85390,はじめごろ,始め×頃,名,W,,,,,,○,
85400,はじめて,初めて・始めて,副,W,1,◎,,○,○,○,○
85410,はじめまして,,感,W,,,,○,,,
85420,はじめる,始める,下一他,W,1,◎,○,○,○,○,○
85430,はしもと,〔人名〕,名,W,,,,,○,,
85440,ばしゃ,馬車,名,K,1,,,,○,○,
85450,はしゃぐ,,五自,W,1,,,,○,○,
85460,ばしゃばしゃ,,副,W,,,,,○,○,
85470,パジャマ,←pajamas,名,G,1,,,,○,○,
85480,ぱしゃん,,副,W,,,,,,○,
85490,ばしょ,場所,名,H,1,◎,,○,○,○,○
85500,はしら,柱,名・接尾,W,1,◎,,○,○,○,○
85510,はしらす,走らす,五他,W,1,,,,,○,
85520,はしり,走り,名,W,1,,,,,○,
85530,はしりたかとび,走り高跳び・走高飛び,名,W,3,,,,○,○,
85540,はしりだす,走り出す,五自,W,1,,,,,○,
85550,はしりつづける,走り続ける,下一自,W,,,,,,○,
85560,はしりはばとび,走り幅跳び・走幅飛び,名,W,3,,,,○,○,
85570,はしりまわる,走り回る,五自,W,1,,,,,○,
85580,はしる,走る,五自,W,1,◎,○,○,○,○,○
85590,はじる,恥じる,上一自,W,2,○,,,,,○
85600,はじをかく,恥を×掻く,連語,W,2,○,,,,,
85610,はす,×蓮,名,W,1,,,,,○,
85620,はす,△斜,名,W,2,,,,○,○,
85630,はず,×筈,名,W,1,◎,,○,○,○,○
85640,バス,bus,名,G,1,◎,○,○,○,○,○
85650,パス,pass,名・ス自,G,,,,○,,,○
85660,はずかしい,恥ずかしい,形,W,1,◎,,○,○,○,○
85670,バスケット,basket,名,G,2,,,,○,○,○
85680,バスケットボール,basketball,名,G,2,,,○,○,○,
85690,はずす,外す,五他,W,1,◎,,○,○,○,○
85700,バスてい,バス停,名,H,,,,,○,○,○
85710,パスポート,passport,名,G,3,○,,,,,○
85720,はずみ,弾み,名,W,1,,,○,,○,
85730,はずむ,弾む,五自他,W,1,○,,,○,○,
85740,パズル,puzzle,名,G,2,,,,○,○,
85750,はずれ,外れ,名,W,1,,,,○,○,
85760,はずれる,外れる,下一自,W,1,○,,○,○,○,○
85770,はせがわ,〈長谷〉川,名,W,,,,,○,,
85780,はぜぼう,〔人名〕,名,H,,,,,,○,
85790,パソコン,←personal computer,名,G,,,,,,,○
85800,はそん,破損,名・ス自他,K,3,○,,,,,
85810,はた,旗,名,W,1,◎,,○,○,○,○
85820,はた,端,名,W,1,,,○,,○,
85830,はだ,肌・△膚,名,W,1,○,,○,○,○,○
85840,バター,butter,名,G,1,◎,,○,○,○,○
85850,はだか,裸,名,W,1,◎,,○,○,○,○
85860,はたき,×叩き,名,W,2,○,,,,,
85870,はだぎ,肌着,名,W,1,○,,○,,,
85880,はたく,×叩く,五他,W,2,,,○,○,○,
85890,はたけ,畑・×畠,名,W,1,◎,,○,○,○,○
85900,はださむい,肌寒い,形,W,3,,,,○,○,
85910,はだし,×跣・〈裸足〉,名,W,1,○,,○,○,○,○
85920,はたして,果たして,副,W,2,○,,○,,,
85930,はたす,果たす,五他,W,2,,,○,,,
85940,はたち,《二十》・《二十歳》,名,W,2,◎,,○,○,,○
85950,ぱたぱた,,副,W,1,,,,,○,
85960,パタポン,〔羊名〕,名,G,,,,,,○,
85970,はたらかす,働かす,五他,W,1,,,,,○,
85980,はたらき,働き,名,W,1,○,,○,○,○,○
85990,はたらきもの,働き者,名,W,,,,,,○,
86000,はたらく,働く,五自,W,1,◎,,○,○,○,○
86010,ばたん,,副,W,1,,,,○,○,
86020,ぱたん,,副,W,1,,,,○,○,
86030,はち,八,名,K,1,◎,○,○,○,○,○
86040,はち,鉢,名,K,1,○,,,○,○,○
86050,はち,×蜂,名,W,1,○,,○,○,○,○
86060,ばち,罰,名,K,1,,,○,○,○,○
86070,はちあわせ,鉢合わせ,名,H,1,,,,,○,
86080,はちがつ,八月,名,K,2,,,○,,,○
86090,はちじゅう,八十,名,K,,,○,○,,,
86100,ぱちぱち,,副,W,1,,,○,○,○,
86110,はちまき,鉢巻き,名,H,1,,,,○,○,
86120,はちみつ,×蜂×蜜,名,H,1,,,,○,○,
86130,ぱちゃぱちゃ,,副,W,,,,,○,○,
86140,はちょう,波長,名,K,3,,,○,,,
86150,はつ,初,名・接頭,W,1,,,○,,,
86160,はつ,発,名・接尾,K,2,○,,○,,,○
86170,ばつ,罰,名,K,1,○,,○,○,○,○
86180,はついく,発育,名・ス自,K,2,○,,,,,
86190,はつおん,×撥音,名,K,2,○,,,,,
86200,はつおん,発音,名・ス他,K,2,◎,,○,○,,○
86210,はつか,《二十日》,名,W,1,◎,○,○,○,○,○
86220,はつかねずみ,《二十日》×鼠,名,W,,,,,○,○,
86230,はっき,発揮,名・ス他,K,3,○,,,,,
86240,はっきり,,副・ス自,W,1,◎,○,○,○,○,○
86250,はっきん,白金,名,K,3,,,○,,,
86260,バック,back,名,G,3,,,,○,○,
86270,バッグ,bag,名,G,3,,,,○,○,
86280,はっくつ,発掘,名・ス他,K,3,○,,,,,
86290,はっけん,発見,名・ス他,K,1,◎,,○,○,○,○
86300,はつげん,発言,名・ス自,K,2,○,,,,,
86310,はっこう,発行,名・ス他,K,1,◎,,○,○,,○
86320,バッジ,badge,名,G,3,○,,,○,○,
86330,はつしも,初霜,名,W,2,,,,○,○,
86340,はっしゃ,発車,名・ス自,K,1,○,,○,○,○,
86350,ばっする,罰する,サ変他,H,1,,,○,,○,○
86360,はっせい,発生,名・ス自他,K,2,○,,○,,,
86370,ばった,〈飛×蝗〉・×蝗,名,W,1,,,,○,○,
86380,はったつ,発達,名・ス自,K,2,◎,,○,○,○,○
86390,ばったら,,副,W,,,,,,○,
86400,ばったり,,副,W,1,○,,○,,,
86410,はってん,発展,名・ス自,K,1,◎,,○,○,○,○
86420,はつでん,発電,名・ス自,K,2,○,,○,,,
86430,はつでんしょ,発電所,名,K,1,,,,○,○,
86440,はっと,,副・ス自,W,1,○,,○,○,○,
86450,バット,bat,名,G,2,○,,,○,○,
86460,ぱっと,,副,W,1,○,,○,,○,
86470,はっぱ,葉っぱ,名,W,1,,,,○,○,
86480,はつばい,発売,名・ス他,K,2,○,,,,,
86490,はつびょう,発病,名・ス自,K,2,○,,,,,
86500,はっぴょう,発表,名・ス他,K,1,◎,,○,○,○,○
86510,はっぴょうかい,発表会,名,K,2,,,,○,○,
86520,はつめい,発明,名・ス他,K,1,◎,,○,○,○,○
86530,はつもうで,初×詣,名,W,,,,,○,○,
86540,はて,果て,名,W,2,,,,○,○,
86550,はで,派手,名・形動,W,2,◎,,○,○,,○
86560,はてな,,感,W,,,,,○,○,
86570,はと,×鳩,名,W,1,○,,,○,○,○
86580,ばとうきん,馬頭琴,名,K,,,,,,○,
86590,パトカー,←patrol car,名,G,1,,,,○,○,
86600,はとば,波戸場・《波止場》,名,W,1,,,,,○,○
86610,バドミントン,badminton,名,G,,,,,○,○,
86620,パトロールカー,patrol car,名,G,,,,,○,○,
86630,はな,花・華,名,W,1,◎,○,○,○,○,○
86640,はな,鼻,名,W,1,◎,○,○,○,○,○
86650,はながかり,花係,名,W,,,,,,○,
86660,はなこ,〔牛名〕,名,W,,,,,,○,
86670,はなこさん,〔牛名〕,名,W,,,,,,○,
86680,はなざかり,花盛り,名,W,1,,,,,○,
86690,はなし,話,名,W,1,◎,○,○,○,○,○
86700,はなしあい,話し合い,名,W,1,○,,,,○,
86710,はなしあう,話し合う,五他,W,1,○,,,○,○,
86720,はなしかける,話し掛ける,下一自,W,1,○,,○,,○,
86730,はなしごえ,話し声,名,W,1,○,,,,,
86740,はなしことば,話し言葉,名,W,2,○,,,,,
86750,はなす,離す・放す,五他,W,1,◎,,○,○,○,○
86760,はなす,話す,五他,W,1,◎,○,○,○,○,○
86770,はなせる,話せる,下一自,W,1,,,○,,,
86780,はなたば,花束,名,W,1,,,,○,○,
86790,はなぢ,鼻血,名,W,1,,,,○,○,
86800,はなつ,放つ,五他,W,2,,,,,○,
86810,バナナ,banana,名,G,1,○,,○,○,○,○
86820,はなはだ,甚だ,副,W,2,○,,○,,,
86830,はなばたけ,花畑・花×畠,名,W,2,,,,○,○,
86840,はなはだしい,甚だしい,形,W,2,○,,○,,,
86850,はなばなしい,花花しい・華華しい,形,W,2,○,,,,,
86860,はなび,花火,名,W,1,○,,,○,○,
86870,はなびら,花びら,名,W,1,○,,,○,○,
86880,はなみ,花見,名,W,1,○,,,,,○
86890,はなや,花屋,名,W,1,,,,○,○,
86900,はなやか,花やか・華やか,形動,W,2,○,,,,,
86910,はなよめ,花嫁,名,W,1,○,,,,,
86920,はなれ,離れ,名,W,1,,,,,○,
86930,はなればなれ,離れ離れ,名,W,1,,,○,,,
86940,はなれる,離れる・放れる,下一自,W,1,◎,,○,○,○,○
86950,はなわ,花輪・花△環,名,W,1,,,,,○,
86960,はにかむ,,五自,W,2,,,,○,○,
86970,はにわ,×埴輪,名,W,3,,,,○,○,
86980,はね,羽,名,W,1,◎,,○,○,○,○
86990,はね,跳ね・×撥ね,名,W,1,,,,○,○,
87000,ばね,,名,W,1,○,,○,○,○,○
87010,はねあがる,跳ね上がる,五自,W,1,,,,,○,
87020,はねおきる,跳ね起きる,上一自,W,1,,,,,○,
87030,はねかえす,跳ね返す,五他,W,1,,,○,,,
87040,はねかえる,跳ね返る,五自,W,1,,,,○,○,
87050,はねつき,羽根突き,名,W,1,,,,○,○,
87060,はねる,跳ねる・×撥ねる,下一自,W,1,○,,○,○,○,○
87070,はは,,感,W,1,,,○,,,
87080,はは,母,名,W,1,◎,,○,○,○,○
87090,はば,幅・×巾,名,W,1,◎,,○,○,○,○
87100,パパ,papa,名,G,1,,,,○,○,
87110,ははあ,,感,W,1,○,,○,,,
87120,ババール,〔象名〕,名,G,,,,,,○,
87130,ははおや,母親,名,W,1,○,,,,,
87140,はばたく,羽ばたく,五自,W,2,,,,○,○,
87150,はばつ,派閥,名,K,3,,,○,,,
87160,はばとび,幅跳び・幅飛び,名,W,1,,,,○,○,
87170,ばばぬき,△婆抜き,名,W,,,,,○,○,
87180,ははは,,感,W,2,○,,,,,
87190,はぶく,省く,五他,W,1,○,,○,,,○
87200,はブラシ,歯ブラシ,名,H,1,○,,○,○,○,
87210,パブロ,〔人名〕,名,G,,,,,,○,
87220,はま,浜,名,W,1,,,○,○,○,○
87230,はまぐり,×蛤,名,W,1,,,,,○,
87240,はまべ,浜辺,名,W,1,,,○,○,○,○
87250,はまる,×嵌まる・×填まる,五自,W,1,,,,○,○,
87260,はみがき,歯磨,名,W,1,○,,○,○,○,
87270,はみだす,△食み出す,五自,W,2,,,,○,○,
87280,はみでる,△食み出る,下一自,W,2,,,,○,○,
87290,ハム,ham,名,G,2,○,,,○,○,
87300,ハムスター,hamster,名,G,,,,,○,○,
87310,はめる,×嵌める・×填める,下一他,W,1,◎,,○,○,○,○
87320,ばめん,場面,名,H,1,○,,○,,○,
87330,はもん,波紋,名,K,3,,,,○,○,
87340,はやあしうさぎ,,名,W,,,,,,○,
87350,はやい,早い・速い,形,W,1,◎,○,○,○,○,○
87360,はやおき,早起き,名,W,1,○,,○,○,○,
87370,はやく,早く,名・副,W,1,,,,○,○,
87380,はやくち,早口,名,W,1,○,,○,,,
87390,はやくちことば,早口言葉,名,W,,,,,,○,
87400,はやさ,早さ・速さ,名,W,2,○,,○,,,
87410,はやし,林,名,W,1,◎,,○,○,○,○
87420,はやし,×囃子,名,W,1,,,,,○,
87430,はやし,〔人名〕,名,W,,,,,,○,
87440,はやしたてる,×囃し立てる,下一他,W,1,,,○,○,○,
87450,はやす,×囃す,五他,W,1,,,,,○,
87460,はやす,生やす,五他,W,1,○,,○,○,○,
87470,はやね,早寝,名,W,1,,,○,○,○,
87480,はやびき,早引き,名,W,,,,,,,○
87490,はやびけ,早引け・早△退け,名,W,2,,,,○,○,
87500,はやめる,早める・速める,下一他,W,2,○,,,,,
87510,はやる,〈流行る〉,五自,W,1,◎,,○,○,○,○
87520,はやる,△逸る,五自,W,3,,,,,○,
87530,はら,原,名,W,1,○,,,○,○,
87540,はら,腹,名,W,1,◎,,○,○,○,○
87550,ばら,〈×薔×薇〉,名,W,1,○,,○,○,○,○
87560,はらい,払い,名,W,1,○,,,,○,
87570,はらいこむ,払い込む,五他,W,2,,,,,,○
87580,はらう,払う,五他,W,1,◎,,○,○,○,○
87590,パラシュート,parachute,名,G,1,,,,○,○,
87600,はらす,晴らす,五他,W,1,,,,,○,
87610,はらす,×腫らす,五他,W,1,,,,,○,
87620,はらづつみ,腹鼓,名,W,,,,,○,○,
87630,はらっぱ,原っぱ,名,W,1,○,,,○,○,
87640,はらはら,,副,W,1,,,○,○,○,
87650,ばらばら,,形動・副,W,1,○,,○,○,○,
87660,ぱらぱら,,副,W,1,,,○,,,
87670,はらまき,腹巻き,名,W,1,,,,○,○,
87680,ばらまく,ばら×蒔く,五他,W,2,,,○,○,○,
87690,はらわた,△腸,名,W,1,,,,,○,
87700,バランス,balance,名,G,3,○,,,,,
87710,はり,針・×鍼,名,W,1,◎,,○,○,○,○
87720,はり,×梁,名,W,3,,,,,○,
87730,パリ,Paris,名,G,,,,,○,,
87740,はりあい,張り合い,名,W,2,,,,○,○,
87750,はりあげる,張り上げる,下一他,W,1,,,○,,○,
87760,ハリー,〔人名〕,名,G,,,,,,○,
87770,はりえ,張り絵,名,H,,,,,○,○,
87780,はりがね,針金,名,W,1,○,,○,○,○,○
87790,はりがみ,張り紙・×貼り紙,名,W,1,,,,○,○,
87800,はりきる,張り切る,五自,W,2,○,,○,○,○,
87810,はりつける,張り付ける,下一他,W,1,,,,,○,
87820,はりねずみ,針×鼠,名,W,,,,,,○,
87830,はりねずみくん,針×鼠君,名,H,,,,,,○,
87840,ばりばり,,副,W,1,,,,○,○,
87850,はる,張る・×貼る,五自他,W,1,◎,,○,○,○,○
87860,はる,春,名,W,1,◎,○,○,○,○,○
87870,はるか,×遥か,副・形動,W,2,○,,○,○,○,○
87880,はるかぜ,春風,名,W,1,,,,○,○,
87890,はるこ,,名,W,,,,,,○,
87900,はるばる,×遥×遥,副,W,3,,,○,○,○,○
87910,はるみ,,名,W,,,,,,○,
87920,はるやすみ,春休み,名,W,,,,,○,○,
87930,はれ,晴れ,名,W,1,◎,○,○,○,○,○
87940,はれ,×腫れ,名,W,1,,,,,○,
87950,バレエ,〔仏〕ballet,名,G,1,,,,○,○,○
87960,バレー,←volleyball,名,G,,,,○,,,
87970,パレード,parade,名,G,3,,,,○,○,
87980,バレーボール,volleyball,名,G,3,,,○,○,○,○
87990,はれぎ,晴れ着,名,W,1,,,,○,○,
88000,パレット,palette,名,G,,,,,○,○,
88010,はれる,×腫れる,下一自,W,1,○,,○,○,○,
88020,はれる,晴れる,下一自,W,1,◎,,○,○,○,○
88030,ばれる,,下一自,W,2,,,,○,○,
88040,ハロルド,〔人名〕,名,G,,,,,,○,
88050,パワーショベル,power shovel,名,G,,,,,,○,
88060,ハワイ,Hawaii,名,G,,,,,○,,
88070,はん,半,名,K,1,◎,,○,○,○,○
88080,はん,判,名,K,1,○,,○,,○,○
88090,はん,班,名・接尾,K,1,○,,○,,,○
88100,はん,反,名・接頭,K,2,○,,○,○,,○
88110,はん,版,名,K,3,○,,,,,
88120,ばん,晩,名,K,1,◎,○,○,○,○,
88130,ばん,番,名・接尾,K,1,◎,○,○,○,○,○
88140,ばん,板,接尾,K,,,,○,,,
88150,パン,〔葡〕pa～o,名,G,1,◎,○,○,○,○,○
88160,はんい,範囲,名,K,3,◎,,○,○,○,○
88170,はんえい,繁栄,名・ス自,K,3,○,,,,,
88180,はんえい,反映,名・ス自他,K,3,○,,,,,
88190,はんが,版画,名,K,2,○,,,○,○,
88200,ハンガー,hanger,名,G,,,,○,○,○,○
88210,はんがく,半額,名,K,2,○,,,,,
88220,ハンカチ,←handkerchief,名,G,1,◎,○,○,○,○,○
88230,ハンカチーフ,handkerchief,名,G,1,,,,,○,
88240,はんかん,反感,名,K,3,○,,,,,
88250,はんきょう,反響,名・ス自,K,3,○,,,,,
88260,パンク,←puncture,名・ス自,G,2,,,○,○,○,○
88270,ばんぐみ,番組,名,H,1,◎,,○,○,○,○
88280,はんけい,半径,名,K,2,○,,,,,
88290,はんげき,反撃,名・ス自,K,3,○,,,,,
88300,はんこ,判子,名,H,2,○,,,○,○,
88310,はんこう,反抗,名・ス自,K,3,,,,○,○,
88320,ばんごう,番号,名,K,1,◎,○,○,○,○,○
88330,バンコク,Bangkok,名,G,,,,,○,,
88340,ばんこっき,万国旗,名,K,,,,,○,○,
88350,ばんごはん,晩御飯,名,K,1,,,○,○,○,
88360,ばんざあい,,感,K,,,,,,○,
88370,はんざい,犯罪,名,K,2,○,,○,,,○
88380,ばんざい,万歳・万才,名・感,K,1,○,,○,○,,○
88390,ハンサム,handsome,形動,G,3,,,○,,,○
88400,はんさよう,反作用,名,K,3,,,○,,,
88410,はんし,半紙,名,K,1,,,,,○,
88420,はんじ,判事,名,K,3,○,,,,,
88430,はんしゃ,反射,名・ス自他,K,2,○,,○,○,○,○
88440,はんじょう,繁盛・繁×昌,名・ス自,K,2,○,,,,,
88450,はんしょく,繁殖・×蕃殖,名・ス自,K,3,○,,○,,,
88460,はんする,反する,サ変自,H,2,○,,,,,
88470,はんせい,反省,名・ス他,K,2,○,,○,○,○,○
88480,ばんそう,伴奏,名・ス自,K,2,,,,○,○,
88490,はんそく,反則・犯則,名,K,3,,,,○,○,
88500,パンソンおばさん,,名,H,,,,,,○,
88510,パンダ,,名,G,,,,,○,○,○
88520,はんたい,反対,名・形動・ス自,K,1,◎,○,○,○,○,○
88530,はんたいがわ,反対側,名,H,,,,,,○,
88540,はんだん,判断,名・ス他,K,2,◎,,○,○,,○
88550,ばんち,番地,名,K,1,◎,,○,○,,○
88560,パンチ,punch,名・ス他,G,2,,,,○,○,
88570,パンツ,pants,名,G,1,○,,,○,○,
88580,はんつき,半月,名,H,1,○,,○,,,
88590,はんてん,半×纏・×袢×纏,名,K,2,,,,○,○,
88600,はんてん,×斑点,名,K,3,,,,○,○,
88610,バンド,band,名,G,1,,,○,○,○,
88620,はんとう,半島,名,K,2,○,,,○,○,
88630,はんとし,半年,名,H,2,○,,○,,,○
88640,ハンドバッグ,handbag,名,G,3,○,,○,,,○
88650,ハンドブック,handbook,名,G,,,,,,,○
88660,ハンドル,handle,名,G,1,○,,○,○,○,○
88670,はんにち,半日,名,K,2,○,,,,,
88680,はんにん,犯人,名,K,2,○,,○,○,○,○
88690,ばんにん,番人,名,K,1,,,○,,,
88700,ばんねん,晩年,名,K,3,○,,,,,
88710,はんのう,反応,名・ス自,K,3,○,,○,,,○
88720,ばんば,（おばあさんのこと）,名,W,,,,,,○,
88730,ハンバーガー,hamburgar,名,G,,,,,○,○,
88740,ハンバーグ,←hamburg steak,名,G,,,,,○,○,
88750,はんばい,販売,名・ス他,K,3,○,,○,,,○
88760,ぱんぱんぐり,〔人名〕,名,W,,,,,,○,
88770,ぱんぷくん,〔自動車名〕,名,H,,,,,,○,
88780,パンフレット,pamphlet,名,G,2,,,,○,○,
88790,はんぶん,半分,名,K,1,◎,○,○,○,○,○
88800,ハンマー,hammer,名,G,3,,,,○,○,
88810,ばんめ,番目,接尾,H,2,○,,○,,,○
88820,はんめん,反面,名・副,K,3,,,○,,,
88830,ハンモック,hammock,名,G,2,,,,○,○,
88840,パンや,パン屋,名,H,,,,○,○,○,
88850,はんらん,反乱・×叛乱,名・ス自,K,3,○,,,,,
88860,ひ,日,名,W,1,◎,○,○,○,○,○
88870,ひ,火,名,W,1,◎,○,○,○,○,○
88880,ひ,比,名,K,2,,,○,,,○
88890,ひ,費,名,K,2,○,,○,,,
88900,ひ,碑,名,K,2,○,,,,,
88910,ひ,非,名・接頭,K,3,○,,○,○,,○
88920,ひ,被,接頭,K,,,,,,,○
88930,び,美,名,K,2,○,,,,,
88940,ひあたり,日当たり,名,W,1,,,○,,,
88950,ピアノ,〔伊〕piano,名,G,1,◎,,○,○,○,○
88960,ビーカー,beaker,名,G,2,,,,○,○,
88970,ぴーこ,〔固〕,名,W,,,,,,○,
88980,ビーズ,beads,名,G,,,,,○,○,
88990,ヒーター,heater,名,G,3,,,○,○,○,
89000,ピーター,〔人名〕,名,G,,,,,,○,
89010,ビーだま,ビー玉,名,H,,,,,,○,
89020,ビーチパラソル,beach parasol,名,G,,,,,○,○,
89030,ビーチボール,beach ball,名,G,,,,,○,○,
89040,ピート,〔人名〕,名,G,,,,,,○,
89050,ピーナッツ,peanut,名,G,2,,,,○,○,
89060,ぴいぴい,,副,W,1,,,○,,,
89070,ぴいひょろろ,,副,W,,,,,,○,
89080,ぴいぽう,,副,W,,,,,,○,
89090,ピーマン,〔仏〕piment,名,G,,,,,○,○,
89100,ビール,〔蘭〕bier,名,G,1,◎,,○,○,○,○
89110,ひえ,冷え,名,W,1,,,,,○,
89120,ピエールくん,,名,H,,,,,,○,
89130,ひえこむ,冷え込む,五自,W,2,,,,○,○,
89140,ひえる,冷える,下一自,W,1,◎,,○,○,○,○
89150,ピエロ,〔仏〕pierrot,名,G,3,,,,○,○,
89160,ひがい,被害,名,K,3,○,,○,○,,○
89170,ひかえしつ,控え室,名,H,2,○,,,,,
89180,ひがえり,日帰り,名,W,2,○,,,,,
89190,ひかえる,控える,下一自他,W,2,,,,○,○,○
89200,ひかく,比較,名・ス他,K,3,◎,,○,○,,○
89210,ひかくてき,比較的,副,K,2,○,,○,,,
89220,ひかげ,日陰・日×蔭,名,W,1,,,,○,○,
89230,ひがさ,日傘,名,W,1,,,,○,○,
89240,ひがし,東,名,W,1,◎,○,○,○,○,○
89250,ぴかっ,,副,W,,,,,○,○,
89260,ぴかどん,,名,W,,,,,,,○
89270,ぴかぴか,,副・ス自・形動,W,1,○,,○,○,○,
89280,ひがむ,×僻む,五自,W,2,,,,○,○,
89290,ひからす,光らす,五他,W,1,,,,,○,
89300,ひからびる,干からびる・△乾×涸びる,上一自,W,2,,,,○,○,
89310,ひかり,光,名,W,1,◎,,○,○,○,○
89320,ひかる,光る,五自,W,1,◎,,○,○,○,○
89330,ひがん,彼岸,名,K,1,,,,,○,○
89340,ひき,匹・×疋,接尾,K,1,◎,○,○,○,○,○
89350,ひきあげる,引き上げる・引き揚げる,下一自他,W,1,○,,○,,,○
89360,ひきうける,引き受ける,下一他,W,1,○,,○,,,○
89370,ひきおこす,引き起こす,五他,W,2,,,○,,,
89380,ひきかえす,引き返す,五自,W,1,○,,○,,,
89390,ひきさげる,引き下げる,下一他,W,2,○,,,,,
89400,ひきざん,引き算,名,H,1,○,,,○,○,
89410,ひきずる,引き×摺る,五他,W,1,○,,,○,○,
89420,ひきだし,引き出し,名,W,1,◎,,○,○,○,○
89430,ひきだす,引き出す,五他,W,1,○,,,,○,
89440,ひきつける,引き付ける,下一自他,W,2,,,○,,,
89450,ひきつづく,引き続く,五自,W,2,,,○,,,
89460,ひきとめる,引き留める・引き止める,下一他,W,1,○,,○,,,
89470,ひきとる,引き取る,五自他,W,1,,,○,,,
89480,ひきにく,×挽き肉,名,H,2,○,,,,,
89490,ひきぬく,引き抜く,五他,W,1,,,○,,○,
89500,ひきのばす,引き伸ばす・引き延ばす,五他,W,1,,,○,,,
89510,ひきょう,卑×怯,名,K,1,○,,○,○,○,
89520,ひきわけ,引き分け,名,W,1,○,,○,○,○,
89530,ひきわたす,引き渡す,五他,W,2,,,○,,,
89540,ひく,引く,五自他,W,1,◎,,○,○,○,○
89550,ひく,弾く,五他,W,1,◎,,○,○,○,
89560,ひく,×轢く,五他,W,,,,,○,○,
89570,ひくい,低い,形,W,1,◎,○,○,○,○,○
89580,びくっと,,副,W,,,,,○,○,
89590,ピクニック,picnic,名,G,2,○,,○,○,○,○
89600,びくびく,,副・ス自,W,1,,,,○,○,
89610,ぴくぴく,,副・ス自,W,1,,,○,,,
89620,ひぐれ,日暮れ,名,W,1,,,,○,○,
89630,ひけ,引け・△退け,名,W,1,,,,,○,
89640,ひげ,×髭・×鬚・×髯,名,W,1,◎,,○,○,○,○
89650,ひげき,悲劇,名,K,3,,,○,,,○
89660,ひご,,名,W,1,,,,,○,
89670,ひこう,飛行,名・ス自,K,2,○,,○,,,
89680,ひこうき,飛行機,名,K,1,◎,○,○,○,○,○
89690,ひこうきぐも,飛行機雲,名,H,,,,,○,○,
89700,ひこうじょう,飛行場,名,K,2,○,,○,○,○,○
89710,ひこうせん,飛行船,名,K,2,,,,○,○,
89720,ひごろ,日×頃,名,W,2,○,,,○,○,
89730,ひざ,×膝,名,W,1,◎,,○,○,○,○
89740,ビザ,visa,名,G,2,○,,,○,,○
89750,ピザ,〔伊〕pizza,名,G,,,,,,,○
89760,ひざがしら,×膝頭,名,W,2,,,,○,○,
89770,ひざこぞう,×膝小僧,名,H,,,,,○,○,
89780,ひさし,×庇・×廂,名,W,2,,,,,○,
89790,ひざし,日差し・△陽△射し,名,W,2,○,,,,,
89800,ひさしい,久しい,形,W,2,,,○,,,
89810,ひさしぶり,久し振り,名,W,1,◎,,○,○,○,○
89820,ひさん,悲惨・悲酸,名,K,3,○,,,,,
89830,ひじ,×肘・×肱・×臂,名,W,1,○,,○,○,○,○
89840,ひしゃく,△柄×杓・×杓,名,W,2,,,,○,○,
89850,ひしゃくぼし,△柄×杓星,名,W,,,,,,○,
89860,ぴしゃり,,副,W,1,,,,○,○,
89870,びじゅつ,美術,名,K,2,◎,,○,○,,○
89880,びじゅつかん,美術館,名,K,2,○,,○,○,○,○
89890,ひしょ,避暑,名・ス自,K,2,,,○,,,○
89900,ひしょ,秘書,名,K,3,○,,,○,,
89910,ひじょう,非常,形動・名,K,1,◎,,○,○,○,○
89920,びしょう,微笑,名・ス自,K,3,○,,,,,
89930,ひじょうぐち,非常口,名,H,3,○,,,○,○,
89940,ひじょうしき,非常識,名,K,3,○,,,,,
89950,びしょぬれ,びしょ×濡れ,名,W,1,,,,○,○,
89960,びじん,美人,名,K,2,○,,○,,,
89970,ビスケット,biscuit,名,G,1,○,,○,○,○,
89980,ピストル,pistol,名,G,1,○,,,○,○,
89990,ひずみ,×歪み,名,W,3,,,○,,,
90000,ひそか,△密か・△窃か,形動,W,2,○,,,,,
90010,ひそひそ,,副,W,1,,,,○,○,
90020,ひだ,×襞,名,W,2,,,,○,○,
90030,ひたい,額,名,W,1,○,,○,○,○,○
90040,ひたし,浸し,名,W,1,,,,,○,
90050,ひたす,浸す,五他,W,1,○,,○,○,○,○
90060,ひたひた,,副,W,2,,,,○,○,
90070,ビタミン,〔独〕Vitamin,名,G,2,○,,,,,
90080,ひだり,左,名,W,1,◎,○,○,○,○,○
90090,ぴたり,,副,W,1,○,,,,,
90100,ひだりがわ,左側,名,W,1,○,,,○,○,
90110,ひだりきき,左利き,名,W,2,○,,,,,
90120,ひだりて,左手,名,W,1,○,,,,○,
90130,ひたる,浸る,五自,W,1,,,○,,○,
90140,ぴちぴち,,副・ス自,W,1,,,○,,○,
90150,びちゃびちゃ,,副・ス自,W,1,,,,○,○,
90160,ぴちゃぴちゃ,,形動・副,W,1,,,,,○,
90170,ぴちゃり,,副,W,,,,,,○,
90180,ひっかかり,引っ掛かり,名,W,1,,,,,○,
90190,ひっかかる,引っ掛かる,五自,W,1,,,○,○,○,
90200,ひっかく,引っ×掻く,五他,W,1,,,,○,○,
90210,ひっかける,引っ掛ける,下一他,W,1,,,○,○,○,
90220,ひっき,筆記,名・ス他,K,2,○,,,,,
90230,ひっきりなし,引っ切り無し,形動,W,1,,,,○,○,
90240,びっくら,,副,W,,,,,,○,
90250,びっくり,,名・ス自,W,1,◎,,○,○,○,○
90260,ひっくりかえす,引っ繰り返す,五他,W,1,,,○,○,○,○
90270,ひっくりかえる,引っ繰り返る,五自,W,1,,,,○,○,○
90280,びっくりばこ,びっくり箱,名,W,,,,,○,○,
90290,ひづけ,日付,名,W,2,◎,,○,○,,
90300,びっこ,×跛,名,W,1,,,○,,,
90310,ひっこし,引っ越し,名,W,1,○,,,○,○,
90320,ひっこす,引っ越す,五自,W,1,◎,,○,○,○,○
90330,ひっこぬく,引っこ抜く,五他,W,2,,,,○,○,
90340,ひっこみ,引っ込み,名,W,1,,,,,○,
90350,ひっこむ,引っ込む,五自,W,1,○,,,,○,
90360,ひっこめる,引っ込める,下一他,W,1,,,,○,○,
90370,ひっし,必死,名,K,2,○,,,○,○,
90380,ひつじ,羊,名,W,1,○,,○,○,○,○
90390,ひつじかい,羊飼い,名,W,1,,,,,○,
90400,ひっしゃ,筆者,名,K,2,○,,,,,
90410,びっしょり,,副,W,1,,,,,○,
90420,びっしり,,副,W,,,,,○,○,
90430,ひつぜん,必然,名,K,3,○,,,,,
90440,ひっそり,,副,W,1,,,○,○,○,
90450,ひったくる,,五他,W,2,,,,○,○,
90460,ぴったり,,副,W,1,○,,○,○,○,○
90470,ピッチ,pitch,名,G,3,,,○,,,○
90480,ピッチ,〔猫名〕,名,G,,,,,,○,
90490,ぴっちゃんちゃん,,副,W,,,,,,○,
90500,ひっぱりあげる,引っ張り上げる,下一他,W,,,,,,○,
90510,ひっぱる,引っ張る,五他,W,1,◎,,○,○,○,○
90520,ひつよう,必要,名,K,2,◎,,○,○,○,○
90530,ひてい,否定,名・ス他,K,3,◎,,○,○,,○
90540,ビデオ,video,名,G,,,,,,,○
90550,ひと,一,接頭,W,1,○,,○,,,○
90560,ひと,人,名,W,1,◎,○,○,○,○,○
90570,ひとあし,人足,名,W,2,,,,,○,
90580,ひどい,△酷い,形,W,1,◎,,○,○,○,○
90590,ひといき,一息,名,W,1,,,,○,○,
90600,ひとかげ,人影,名,W,1,○,,,,,
90610,ひとがら,人柄,名,W,2,◎,,○,○,○,
90620,ひときわ,一際,副,W,2,,,,○,○,
90630,ひとくち,一口,名,W,2,,,,○,○,
90640,ひとこと,一言,名,W,1,○,,○,,,
90650,ひとごと,人事,名,W,1,,,○,○,○,
90660,ひとごみ,人込み,名,W,2,○,,,○,○,
90670,ひとさしゆび,人差し指・人指し指,名,W,1,○,,○,,,
90680,ひとしい,等しい・△均しい,形,W,2,◎,,○,○,,○
90690,ひとだかり,人だかり,名,W,2,,,,○,○,
90700,ひとちがい,人違い,名,W,1,,,○,○,○,
90710,ひとつ,一つ,名,W,1,◎,○,○,○,○,○
90720,ひとつき,一月,名,W,,,,○,,,
90730,ひとつずつ,一つずつ,副,W,,,,,,○,
90740,ひとつひとつ,一つ一つ,名,W,1,,,,,○,
90750,ひとで,人手,名,W,2,,,,○,○,
90760,ひととおり,一通り,名,W,1,○,,○,○,○,
90770,ひとどおり,人通り,名,W,1,○,,○,,,
90780,ひととび,一飛び,名,W,,,,○,,,
90790,ひとのみ,,名,W,,,,,,○,
90800,ひとびと,人人,名,W,1,○,,○,○,○,○
90810,ひとふでがき,一筆書き,名,W,,,,,○,○,
90820,ひとまかせ,人任せ,名,W,2,,,○,,,
90830,ひとまず,一△先ず,副,W,2,○,,,,,
90840,ひとまとめ,一×纏め,名,W,,,,,,○,
90850,ひとまね,人〈真似〉,名,W,1,,,○,,,
90860,ひとみ,×瞳,名,W,2,○,,,,,
90870,ひとめ,人目,名,W,2,○,,○,,,
90880,ひとやすみ,一休み,名,W,1,,,○,,○,
90890,ひとり,《一人》・独り,名,W,1,◎,○,○,○,○,○
90900,ひとりごと,独り言,名,W,1,○,,,,,
90910,ひとりだち,独り立ち,名,W,2,,,○,,,
90920,ひとりでに,独りでに,副,W,1,○,,○,○,○,
90930,ひとりひとり,一人一人,名,W,,,,,,○,
90940,ひとりびとり,一人一人,名,W,2,○,,,,,
90950,ひとりぼっち,独りぼっち・《一人》ぼっち,名,H,1,,,,,○,
90960,ひな,×雛,名,W,1,○,,○,○,○,
90970,ひなか,日中,名,W,2,○,,,,,
90980,ひなぎく,×雛菊,名,H,3,,,,,○,
90990,ひなた,〈日向〉,名,W,1,,,○,○,○,
91000,ひなたぼっこ,〈日向〉ぼっこ,名,W,1,,,,○,○,
91010,ひなにんぎょう,×雛人形,名,H,1,,,,,○,
91020,ひなまつり,×雛祭り,名,W,1,,,○,○,○,○
91030,ひなん,非難・批難,名・ス他,K,3,○,,,,,
91040,ひなんくんれん,避難訓練,名,K,,,,,○,○,
91050,ビニール,〔独〕Vinyl,名,G,1,○,,○,,,○
91060,ビニールハウス,vinyl house,名,G,,,,,○,○,
91070,ビニールぶくろ,ビニール袋,名,H,,,,,○,○,
91080,ひにく,皮肉,名,K,3,○,,,○,○,
91090,ピニャタ,〔人名〕,名,G,,,,,,○,
91100,ビニル,vinyl,名,G,,,,,,○,
91110,ひねくれる,,下一自,W,2,,,,○,○,
91120,ひねつ,比熱,名,K,,,,○,,,
91130,ひねる,×捻る,五他,W,1,○,,○,○,○,○
91140,ひのいり,日の入り,名,W,2,○,,,,,
91150,ひのこ,火の粉,名,W,1,,,,○,○,
91160,ひので,日の出,名,W,1,○,,,,,
91170,ひのべ,日延べ,名,W,1,,,○,,,
91180,ひのまる,日の丸,名,W,1,○,,,,,
91190,ひばし,火×箸,名,W,1,,,○,,,
91200,ひばち,火鉢,名,H,1,,,○,,○,
91210,ひばな,火花,名,W,1,○,,,○,○,
91220,ひばり,〈雲×雀〉,名,W,1,○,,,,○,
91230,ひはん,批判,名・ス他,K,3,○,,○,,,○
91240,ひび,×皹・×皸,名,W,2,,,,,,○
91250,ひび,×罅,名,W,2,,,○,○,○,○
91260,ひび,日日,名,W,2,,,,,,○
91270,ひびかす,響かす,五他,W,1,,,,,○,
91280,ひびき,響き,名,W,1,○,,,,○,
91290,ひびく,響く,五自,W,1,○,,○,○,○,○
91300,ひひょう,批評,名・ス他,K,2,○,,○,,,○
91310,ひふ,皮膚,名,K,2,◎,,○,○,○,○
91320,ビフテキ,←〔仏〕bifteck,名,G,2,,,,○,○,○
91330,ひま,暇・×隙,名,W,1,◎,,○,○,○,○
91340,ヒマラヤさんみゃく,ヒマラヤ山脈,名,H,,,,,○,○,
91350,ひまわり,〈向日×葵〉,名,W,1,,,,○,○,
91360,ひみつ,秘密,名・形動,K,2,○,,○,○,○,○
91370,びみょう,微妙,形動,K,3,○,,,,,
91380,ひめ,姫・×媛,名,W,1,,,,,○,
91390,ひめい,悲鳴,名,K,2,○,,,○,○,
91400,ひも,×紐,名,W,1,◎,,○,○,○,○
91410,ひもの,干物・△乾物,名,W,2,,,,○,○,
91420,ひゃあ,,感,W,,,,,,○,
91430,ひやかす,冷やかす・〈素見す〉,五他,W,2,○,,○,○,○,
91440,ひゃく,百,名,K,1,◎,○,○,○,○,○
91450,ひゃくしょう,百姓,名,K,1,○,,,,○,
91460,ひやくてき,飛躍的,形動,K,,,,○,,,
91470,ひゃくメートルそう,百メートル走,名,H,,,,,○,○,
91480,ひやけ,日焼け・日△焦け,名,W,1,○,,○,○,○,
91490,ひやす,冷やす,五他,W,1,◎,,○,○,○,○
91500,ひゃっかじてん,百科辞典・百科事典,名,K,2,○,,,○,○,
91510,ひゃっかてん,百貨店,名,K,1,,,,,,○
91520,ひやっと,,副,W,,,,,○,○,
91530,ひやひや,冷や冷や,副・ス自,W,1,,,,○,○,
91540,ひやりと,,副,W,,,,,○,○,
91550,ぴゅー,,副,W,,,,,,○,
91560,ひゅーひゅー,,副,W,,,,,○,○,
91570,びゅーびゅー,,副,W,,,,,○,○,
91580,ぴゅうぴゅう,,副,W,1,,,○,,,
91590,びゅーびゅーびゅー,,副,W,,,,,,○,
91600,ぴゅーん,,副,W,,,,,,○,
91610,ひょいと,,副,W,1,,,○,,○,
91620,ひょいひょい,,副,W,1,,,,,○,
91630,ひょう,表,名,K,1,◎,,○,○,○,○
91640,ひょう,×豹,名,K,2,,,,○,○,
91650,ひょう,×雹,名,K,2,,,,○,○,
91660,ひょう,票,名・接尾,K,2,,,○,,,
91670,ひよう,費用,名,K,2,◎,,○,○,○,○
91680,びょう,秒,名,K,1,◎,,○,○,,○
91690,びょう,病,名,K,2,○,,,,,
91700,びよう,美容,名,K,3,○,,,,,
91710,びょういん,病院,名,K,1,◎,○,○,○,○,○
91720,びよういん,美容院,名,K,,,,○,,,○
91730,ひょうか,評価,名・ス他,K,3,○,,,,,
91740,びょうき,病気,名・ス自,K,1,◎,○,○,○,○,○
91750,ひょうげん,表現,名・ス他,K,2,◎,,○,○,,○
91760,ひょうご,標語,名,K,2,,,,○,○,
91770,ひょうさつ,表札・標札,名,K,2,,,,○,○,
91780,ひょうざん,氷山,名,K,2,,,,○,○,
91790,ひょうし,拍子,名,K,1,,,,○,○,
91800,ひょうし,表紙,名,K,1,◎,,○,○,○,○
91810,びょうし,病死,名・ス自,K,2,○,,,,,
91820,ひょうしき,標識,名,K,3,,,,○,○,
91830,ひょうしぎ,拍子木,名,H,1,,,,○,○,
91840,びょうしつ,病室,名,K,2,○,,,,,
91850,びょうしゃ,描写,名・ス他,K,3,○,,,,,
91860,ひょうじゅん,標準,名,K,2,○,,○,○,,○
91870,ひょうじゅんご,標準語,名,K,2,○,,○,○,,
91880,ひょうしょう,表彰,名・ス他,K,3,,,,○,○,
91890,ひょうじょう,表情,名,K,2,◎,,○,○,○,
91900,ひょうせん,標線,名,K,,,,○,,,
91910,ひょうたん,×瓢×箪,名,K,1,,,,○,○,
91920,びょうどう,平等,名・形動,K,2,◎,,○,○,○,○
91930,びょうにん,病人,名,K,1,◎,,○,○,,○
91940,ひょうばん,評判,名,K,1,◎,,○,○,○,○
91950,びょうぶ,×屏風,名,K,1,,,,○,○,
91960,ひょうほん,標本,名,K,2,,,,○,○,
91970,ひょうめん,表面,名,K,2,○,,○,○,○,○
91980,ひょうり,表裏,名・ス自,K,3,,,○,,,
91990,ひょうろん,評論,名・ス他,K,3,○,,,,,
92000,ひよけ,日△除け,名,W,1,,,,○,○,
92010,ひよこ,×雛,名,W,1,,,,○,○,
92020,ぴょこぴょこ,,副,W,1,,,,,○,
92030,ぴよぴよ,,副,W,1,,,,○,○,
92040,ひょろながい,ひょろ長い,形,W,,,,,○,○,
92050,ひょろひょろ,,副・ス自,W,1,,,,,○,
92060,ぴょん,,副,W,1,,,,,○,
92070,ぴょんぴょん,,副,W,1,,,,,○,
92080,ぴょんぴょんがえる,,名,W,,,,,,○,
92090,ひらがな,平《仮名》,名,W,1,◎,○,○,○,○,○
92100,ひらき,開き,名,W,1,,,○,,○,
92110,ひらく,開く・△拓く,五自他,W,1,◎,,○,○,○,○
92120,ひらける,開ける,下一自,W,1,○,,,○,○,
92130,ひらたい,平たい,形,W,1,○,,○,○,○,○
92140,ひらつかたけじ,〔固〕,名,H,,,,,,○,
92150,ひらひら,,副・ス自,W,1,,,○,○,○,
92160,ひらべったい,平べったい,形,W,,,,,○,○,
92170,ピラミッド,pyramid,名,G,2,,,,○,○,
92180,ひらめ,平目・〈比目魚〉,名,W,1,,,,,○,
92190,ひらめく,×閃く,五自,W,2,,,,○,○,
92200,びり,,名,W,1,,,,○,○,
92210,ひりつ,比率,名,K,3,○,,,,,
92220,ひりひり,,副・ス自,W,1,,,,○,○,
92230,びりびり,,副・ス自,W,1,,,,○,○,
92240,ヒリピン,Philippines,名,G,,,,,○,,
92250,ひりょう,肥料,名,K,2,○,,○,○,○,○
92260,ひる,昼・△午,名,W,1,◎,○,○,○,○,○
92270,ビル,←building,名,G,1,○,,○,○,○,
92280,ひるごはん,昼御飯,名,H,1,,,○,○,○,
92290,ビルディング,building,名,G,1,,,,○,○,
92300,ひるね,昼寝,名,W,1,○,,,○,○,
92310,ひるま,昼間,名,W,1,◎,,○,○,○,○
92320,ビルマ,Burma,名,G,2,○,,,,,
92330,ひるやすみ,昼休み,名,W,1,○,,,○,○,
92340,ひれ,×鰭,名,W,1,,,,,○,
92350,ひれい,比例,名・ス自,K,2,,,○,,,
92360,ひろい,広い,形,W,1,◎,,○,○,○,○
92370,ひろい,拾い,名,W,1,,,,,○,
92380,ひろいあげる,拾い上げる,下一他,W,,,,,,○,
92390,ひろいもの,拾い物,名,W,2,,,,○,○,
92400,ひろう,拾う,五他,W,1,◎,,○,○,○,○
92410,ひろう,疲労,名・ス自,K,3,◎,,○,○,,○
92420,ひろがり,広がり・△拡がり,名,W,1,,,,,○,
92430,ひろがる,広がる・△拡がる,五自,W,1,◎,,○,○,○,○
92440,ひろげる,広げる・△拡げる,下一他,W,1,◎,,○,○,○,○
92450,ひろこ,〔固〕,名,W,,,,,,○,
92460,ひろさ,広さ,名,W,2,○,,○,,,○
92470,ひろし,〔固〕,名,W,,,,,,○,
92480,ひろしま,広島,名,W,,,,,○,,
92490,ひろば,広場,名,W,1,○,,○,○,○,
92500,ひろまる,広まる,五自,W,2,○,,,,,○
92510,ひろめる,広める・×弘める,下一他,W,2,○,,,,,○
92520,ひん,品,名,K,2,○,,○,○,○,○
92530,びん,瓶・×壜,名,K,1,◎,,○,○,○,○
92540,びん,便,名,K,3,,,,,,○
92550,ピン,pin,名,G,1,○,,○,○,○,○
92560,びんかん,敏感,名・形動,K,3,○,,,○,○,
92570,ピンク,pink,名,G,2,○,,○,○,○,
92580,ひんし,品詞,名,K,3,○,,,,,
92590,ひんしつ,品質,名,K,2,○,,○,,,○
92600,ひんじゃく,貧弱,名・形動,K,3,○,,,,,
92610,ピンセット,pincette,名,G,2,,,,○,○,
92620,びんせん,便×箋,名,K,2,○,,○,,,○
92630,ぴんちゃん,〔固〕,名,H,,,,,,○,
92640,びんづめ,瓶詰め・×壜詰め,名,H,1,○,,,,,
92650,ピント,←〔蘭〕brandpunt,名,G,2,,,○,,,○
92660,びんぼう,貧乏,名・ス自,K,1,◎,,○,○,○,○
92670,びんぼうぎしゃ,貧乏汽車,名,K,,,,,,○,
92680,びんぼうにん,貧乏人,名,K,2,○,,,,,
92690,ピンぼけ,,名,H,,,,,○,○,
92700,ピンポン,ping-pong,名,G,1,,,○,○,○,○
92710,ひんやり,,副・ス自,W,,,,,○,○,
92720,ふ,×麩,名,K,1,,,,,○,
92730,ふ,不,接頭,K,2,◎,,○,○,○,○
92740,ふ,府,名,K,2,○,,○,○,,○
92750,ぶ,分,名,K,1,,,○,,○,○
92760,ぶ,不,接頭,K,2,◎,,,,,
92770,ぶ,無,接頭,K,2,◎,,,○,,
92780,ぶ,部,名・接尾,K,2,○,,○,○,,○
92790,ファーブル,Fabre,名,G,,,,,○,○,
92800,ファイト,fight,名・感,G,3,,,○,○,○,
92810,ファスナー,fastener,名,G,3,○,,,○,○,
92820,ぶあつい,分厚い,形,H,2,,,○,,,○
92830,ファックス,ｆax,名,G,,,,,,,○
92840,ファン,fan,名,G,3,○,,,○,○,
92850,ふあん,不安,名,K,2,◎,,○,○,○,○
92860,ファンファーレ,〔伊〕fanfare,名,G,,,,,○,○,
92870,ふい,不意,名・形動,K,1,○,,○,○,○,
92880,ブイ,buoy,名,G,3,,,,○,○,
92890,フィルム,film,名,G,1,○,,○,○,○,○
92900,ふう,風,名,K,1,○,,○,,○,○
92910,ふう,封,名,K,2,,,○,,,
92920,ふう,〔固〕,名,W,,,,,,○,
92930,ふうがわり,風変わり,名,H,2,,,,○,○,
92940,ふうけい,風景,名,K,2,○,,,○,○,
92950,ふうしゃ,風車,名,K,2,,,,○,○,
92960,ふうしゅう,風習,名,K,2,,,○,,,○
92970,ふうせん,風船,名,K,1,○,,,○,○,
92980,ふうぞく,風俗,名,K,2,○,,○,,,○
92990,ふうっ,,副,W,,,,,,○,
93000,ブーツ,boots,名,G,,,,,,○,
93010,ふうとう,封筒,名,K,1,◎,,○,○,○,○
93020,ふうふ,夫婦,名,K,1,◎,,○,○,○,○
93030,ふうふう,,副,W,1,,,,,○,
93040,ぶうぶう,,副,W,1,,,○,○,○,
93050,ぷうぷう,,副,W,,,,,,○,
93060,ブーム,boom,名,G,2,○,,,,,
93070,ふうりん,風鈴,名,K,1,,,,○,○,
93080,プール,pool,名,G,1,○,,○,○,○,○
93090,ふうん,,感,W,1,,,○,,○,
93100,ふうん,不運,名,K,2,,,○,,,
93110,ふえ,笛,名,W,1,○,,○,○,○,○
93120,フェリー,ｆｅｒｒｙ,名,G,,,,,,,○
93130,フェリーボート,ferry boat,名,G,,,,,○,○,
93140,ふえる,殖える・増える,下一自,W,1,◎,,○,○,○,○
93150,フェルジナンド,〔牛名〕,名,G,,,,,,○,
93160,フェルトペン,felt pen,名,G,,,,,○,○,
93170,フォーク,fork,名,G,3,○,,○,○,○,○
93180,フォークダンス,folk dance,名,G,3,,,,○,○,
93190,フォネーム,phoneme,名,G,,,,○,,,
93200,ふか,不可,名・接頭,K,3,○,,,,,
93210,ぶか,部下,名,K,2,○,,,,,
93220,ふかい,深い,形,W,1,◎,,○,○,○,○
93230,ふかさ,深さ,名,W,2,○,,○,,,○
93240,ふかす,吹かす,五他,W,1,,,○,,○,
93250,ふかす,△蒸す,五他,W,1,,,○,○,○,
93260,ふかす,更かす,五他,W,2,,,○,,,
93270,ふかのう,不可能,名,K,3,○,,,,,
93280,ぷかぷか,,副,W,,,,,○,○
93290,ふかまる,深まる,五自,W,1,,,,,○
93300,ふかめる,深める,下一他,W,1,○,,,,○
93310,ふかんぜん,不完全,名,K,2,○,,,,
93320,ふき,×蕗,名,W,1,,,,,○
93330,ぶき,武器,名,K,1,○,,○,,
93340,ふきあげる,吹き上げる・噴き上げる,下一自他,W,1,,,,○,○
93350,ふきあれる,吹き荒れる,下一自,W,,,,,○,○
93360,ふきげん,不機嫌,名・形動,K,2,,,,○,○
93370,ふきそく,不規則,名・形動,K,2,,,○,○,○
93380,ふきだす,吹き出す・噴き出す,五自,W,1,,,,○,○
93390,ふきちゃん,,名,W,,,,,,○
93400,ふきつ,不吉,名,K,3,○,,,,
93410,ふきつける,吹き付ける,下一自他,W,1,,,○,○,○
93420,ふきっさらし,吹きっさらし,名,W,,,,,,○
93430,ふきとばす,吹き飛ばす,五他,W,1,,,○,○,○
93440,ふきまくる,吹き×捲る,五自他,W,2,,,,,○,
93450,ふきまんぶく,,名,H,,,,,,○,
93460,ぶきみ,無気味・不気味,名・形動,K,2,,,,○,○,
93470,ふきゅう,普及,名・ス自他,K,3,○,,○,,,○
93480,ふきょう,不況,名,K,3,○,,,,,
93490,ぶきよう,無器用・不器用,名・形動,K,2,○,,,,,
93500,ふきん,付近・附近,名,K,2,○,,○,○,○,○
93510,ふきん,布×巾,名,K,2,,,,○,○,
93520,ふく,吹く,五自他,W,1,◎,,○,○,○,○
93530,ふく,×拭く,五他,W,1,◎,,○,○,○,○
93540,ふく,服,名・接尾,K,1,○,,○,○,○,○
93550,ふく,副,名,K,2,○,,○,,,
93560,ふぐ,〈河豚〉,名,W,2,,,,○,○,
93570,ふぐ,不具,名,K,3,○,,,,,
93580,ふくおか,福岡,名,H,,,,,○,,
93590,ふくざつ,複雑,名・形動,K,2,◎,,○,○,○,○
93600,ふくし,副詞,名,K,3,○,,,○,,
93610,ふくし,福祉,名,K,3,○,,○,,,
93620,ふくしゅう,復習,名・ス他,K,2,○,,○,○,○,○
93630,ふくじゅう,服従,名・ス自,K,2,,,○,,,
93640,ふくすう,複数,名,K,3,,,,○,,
93650,ふくそう,服装,名,K,1,◎,,○,○,○,○
93660,ふくびき,福引き,名,H,1,,,,○,○,
93670,ぶくぶく,,副,W,1,,,○,,,
93680,ふくみ,含み,名,W,1,,,,,○,
93690,ふくむ,含む,五自他,W,1,◎,,○,○,○,○
93700,ふくめる,含める,下一他,W,1,○,,,,○,
93710,ふくめん,覆面,名・ス自,K,2,,,,○,○,
93720,ふくらす,膨らす・△脹らす,五他,W,1,,,,,○,
93730,ふくらはぎ,ふくら×脛,名,W,,,,,○,○,
93740,ふくらます,膨らます・△脹らます,五他,W,1,,,,○,○,
93750,ふくらみ,膨らみ・△脹らみ,名,W,1,,,,,○,
93760,ふくらむ,膨らむ・△脹らむ,五自,W,1,○,,○,○,○,
93770,ふくれ,膨れ・△脹れ,名,W,1,,,,,○,
93780,ふくれっつら,ふくれっ面,名,W,,,,,○,○,
93790,ふくれる,膨れる・△脹れる,下一自,W,1,○,,○,○,○,○
93800,ふくろ,袋,名,W,1,◎,,○,○,○,○
93810,ふくろう,×梟,名,W,1,,,,○,○,
93820,ふくわじゅつ,腹話術,名,K,,,,,○,○,
93830,ふけい,父兄,名,K,2,○,,,,,
93840,ふけいき,不景気,名,K,2,○,,,,,
93850,ふけつ,不潔,名,K,2,○,,,○,○,
93860,ふける,老ける,下一自,W,2,,,○,,,
93870,ふける,更ける,下一自,W,2,○,,○,,,○
93880,ふこう,不孝,名,K,2,,,○,,,
93890,ふこう,不幸,名・形動,K,2,◎,,,○,○,○
93900,ふごう,符号,名,K,3,○,,,,,
93910,ふこうへい,不公平,名・形動,K,2,○,,,○,○,
93920,ふさ,房・△総,名,W,1,,,○,○,○,
93930,ブザー,buzzer,名,G,,,,,○,○,
93940,ふさい,夫妻,名,K,2,○,,,,,
93950,ふざい,不在,名,K,3,○,,,,,
93960,ふさがり,×塞がり,名,W,1,,,,,○,
93970,ふさがる,×塞がる,五自,W,1,○,,○,○,○,
93980,ふさぐ,×塞ぐ,五自他,W,1,○,,○,○,○,○
93990,ふざける,,下一自,W,1,○,,○,○,○,
94000,ぶさた,無×沙×汰,名・ス自,K,2,○,,,,,
94010,ふさふさ,,副・ス自,W,1,,,,,○,
94020,ふさわしい,〈相応〉しい,形,W,2,○,,,,,
94030,ふし,節,名,W,1,○,,○,○,○,○
94040,ふじ,×藤,名,W,1,,,,,○,
94050,ぶし,武士,名,K,2,○,,○,,,
94060,ぶじ,無事,名・形動,K,1,◎,,○,○,○,○
94070,ふしあな,節穴,名,W,1,,,,○,○,
94080,ふしあわせ,不仕合わせ・不幸せ,名・形動,H,2,○,,,,,
94090,ふじお,〔固〕,名,K,,,,,,○,
94100,ふしぎ,不思議,名・形動,K,1,◎,,○,○,○,○
94110,ふじさん,富士山,名,H,,,,○,○,○,
94120,ふしぜん,不自然,名・形動,K,2,,,○,,,
94130,ぶしゅ,部首,名,K,3,○,,○,,,
94140,ふじゆう,不自由,名・形動・ス自,K,1,○,,○,,○,○
94150,ふじゅうぶん,不十分・不充分,形動,K,2,○,,○,,,○
94160,ふしょう,負傷,名・ス自,K,2,○,,,,,
94170,ぶしょう,無精・不精,名・形動,K,1,,,○,,,
94180,ふしょうじき,不正直,名・形動,K,2,,,○,,,
94190,ふしょうち,不承知,名,K,2,,,○,,,
94200,ぶじょく,侮辱,名・ス他,K,3,○,,,,,
94210,ふじん,夫人,名,K,2,○,,,,,
94220,ふじん,婦人,名,K,2,◎,,○,○,,○
94230,ふしんせつ,不親切,名・形動,K,2,○,,○,,,
94240,ふすま,×襖,名,W,1,○,,,○,○,○
94250,ふせぎ,防ぎ・×禦ぎ,名,W,1,,,,,○,
94260,ふせぐ,防ぐ・×禦ぐ,五他,W,1,◎,,○,○,○,○
94270,ふせる,伏せる,下一他,W,1,,,○,○,○,○
94280,ふそく,不足,名・ス自,K,2,◎,,○,○,○,
94290,ふぞく,付属・附属,名・ス自,K,2,○,,○,,,○
94300,ふた,二,名,W,1,○,,,,,
94310,ふた,×蓋,名,W,1,◎,,○,○,○,○
94320,ふだ,札,名,W,1,○,,○,○,○,○
94330,ぶた,豚,名,W,1,◎,○,○,○,○,○
94340,ぶたい,舞台,名,K,1,○,,○,○,○,
94350,ふたご,二子・双子,名,W,1,,,,○,○,
94360,ぶたごや,豚小屋,名,W,1,,,,,○,
94370,ふたしか,不確か,形動,H,2,,,○,,,
94380,ふたたび,再び・二度,副,W,2,○,,○,,,○
94390,ふたつ,二つ,名,W,1,◎,○,○,○,○,○
94400,ぶたにく,豚肉,名,H,2,○,,○,,,
94410,ふたり,《二人》,名,W,1,◎,○,○,○,○,○
94420,ふたりとも,《二人》とも,連語,W,,,,,,○,
94430,ふたん,負担,名・ス他,K,3,○,,,,,
94440,ふだん,不断・普段,名,K,1,◎,,○,○,○,○
94450,ふだんぎ,普段着,名,H,1,○,,,,,
94460,ふち,縁,名,W,1,○,,○,○,○,○
94470,ぶち,×斑,名,W,2,,,,○,○,
94480,ふちゅうい,不注意,名・形動,K,2,,,○,○,○,
94490,ぶつ,,五他,W,1,,,,○,○,
94500,ぶつ,物,名,K,2,○,,○,,,
94510,ふつう,普通,形動,K,1,◎,,○,○,○,○
94520,ふつう,不通,名,K,2,○,,○,,,○
94530,ふつか,《二日》,名,W,1,◎,○,○,○,○,○
94540,ぶっか,物価,名,K,2,○,,○,,,○
94550,ふっかつ,復活,名・ス自他,K,3,○,,○,,,
94560,ぶつかる,,五自,W,1,○,,○,○,○,○
94570,ぶっきょう,仏教,名,K,2,○,,○,○,,○
94580,ぶつくさ,,副,W,,,,,○,○,
94590,ふっくら,,副・ス自,W,1,,,,○,○,
94600,ぶつける,,下一他,W,1,○,,○,○,○,○
94610,ぶっし,物資,名,K,3,○,,,,,
94620,ぶっしつ,物質,名,K,3,○,,○,○,,○
94630,ぷっすん,,副,W,,,,,,○,
94640,ふっせき,沸石,名,K,,,,○,,,
94650,ふっそ,×弗素,名,K,,,,○,,,
94660,ぶったい,物体,名,K,2,○,,○,,,
94670,ぶつだん,仏壇,名,K,1,,,,○,○,
94680,ふってん,沸点,名,K,3,,,○,,,
94690,ふっと,,副,W,2,,,,,○,
94700,ふっとう,沸騰,名・ス自,K,3,○,,○,○,○,
94710,フットボール,football,名,G,2,,,○,,,
94720,ぶつぶつ,,副・名,W,1,,,○,○,○,
94730,ぶっぶっぶっ,,副,W,,,,,,○,
94740,ぶつり,物理,名,K,3,◎,,○,○,,○
94750,ぷつん,,副,W,,,,,○,○,
94760,ふで,筆,名,W,1,○,,○,○,○,○
94770,ふてくされる,不△貞腐れる,下一自,W,,,,,○,○,
94780,ふでばこ,筆箱,名,W,1,,,,○,○,
94790,ふと,,副,W,1,○,,○,,○,○
94800,ふとい,太い,形,W,1,◎,○,○,○,○,○
94810,ぶとう,舞踏,名・ス自,K,3,○,,,,,
94820,ぶどう,×葡×萄,名,K,1,○,,○,○,○,○
94830,ふところ,懐,名,W,1,,,○,,○,
94840,ふとる,太る・△肥る,五自,W,1,◎,,○,○,○,○
94850,ふとん,布団・×蒲団,名,K,1,◎,,○,○,○,○
94860,ふな,×鮒,名,W,1,,,,,○,
94870,ふなのり,船乗り,名,W,1,,,,,○,
94880,ふなびん,船便,名,H,2,○,,,,,
94890,ぶなん,無難,名・形動,K,3,○,,,,,
94900,ふにゃふにゃ,,形動・副,W,,,,,○,○,
94910,ふね,舟・船,名,W,1,◎,○,○,○,○,○
94920,ふねっしん,不熱心,名・形動,K,,,,○,,,
94930,ブビおうさま,,名,H,,,,,,○,
94940,ふひつよう,不必要,名・形動,K,2,,,○,,,
94950,ぶひん,部品,名,K,3,○,,○,○,○,○
94960,ふふ,,感,W,,,,○,,,
94970,ふぶき,《吹雪》,名,W,1,○,,,○,○,
94980,ふふふ,,感,W,,,,,,○,
94990,ふふん,,感,W,1,,,,,○,
95000,ぶぶん,部分,名,K,1,◎,,○,○,○,○
95010,ふへい,不平,名,K,1,○,,○,○,○,○
95020,ふべん,不便,名,K,1,◎,,○,○,○,○
95030,ふべんきょう,不勉強,名・形動,K,,,,○,,,
95040,ふぼ,父母,名,K,2,○,,,○,○,
95050,ふぼかい,父母会,名,K,,,,,○,○,
95060,ふまえる,踏まえる,下一他,W,1,,,,,○,
95070,ふまじめ,不〈真面目〉,名・形動,H,2,,,○,,,
95080,ふまん,不満,名,K,2,○,,,○,○,○
95090,ふみきり,踏切,名,W,1,○,,,○,○,
95100,ふみきる,踏み切る,五自,W,1,,,,,○,
95110,ふみだい,踏み台,名,H,1,,,,○,○,
95120,ふみつぶす,踏み潰す,五他,W,1,,,,○,○,
95130,ふみはずす,踏み外す,五他,W,2,,,,○,○,
95140,ふみよ,〔固〕,名,K,,,,,,○,
95150,ふむ,踏む・△履む,五他,W,1,◎,,○,○,○,○
95160,ふめい,不明,名,K,3,○,,,,,
95170,ふめいよ,不名誉,名,K,2,,,○,,,
95180,ふもと,×麓,名,W,1,○,,,○,○,
95190,ふやける,,下一自,W,2,,,,○,○,
95200,ふやす,殖やす・増やす,五他,W,1,○,,○,○,○,○
95210,ふゆ,冬,名,W,1,◎,○,○,○,○,○
95220,ふゆかい,不愉快,名・形動,K,2,○,,○,,,○
95230,ふゆごもり,冬×篭もり,名・ス自,W,1,,,,○,○,
95240,ふゆねこ,冬猫,名,W,,,,,,○,
95250,ふゆやすみ,冬休み,名,W,1,○,,○,○,○,
95260,フライパン,←frying pan,名,G,2,○,,,○,○,
95270,ブラインド,blind,名,G,,,,,○,○,
95280,ブラウス,blouse,名,G,2,○,,○,○,○,
95290,ぶらく,部落,名,K,2,,,○,,,
95300,プラグ,plug,名,G,,,,○,,,○
95310,ぶらさがる,ぶら下がる,五自,W,1,,,○,○,○,○
95320,ぶらさげる,ぶら下げる,下一他,W,1,○,,,○,○,
95330,ブラシ,brush,名,G,1,,,○,○,○,
95340,ブラジル,Brazil,名,G,,,,,○,○,
95350,ふらす,降らす,五他,W,1,,,,,○,
95360,プラス,plus,名・ス他,G,3,○,,,,,
95370,プラスチック,←plastics,名,G,3,○,,,○,○,
95380,ブラスバンド,brass band,名,G,,,,,○,○,
95390,ぶらつく,,五自,W,2,,,,○,○,○
95400,フラッシュ,flash,名,G,3,,,,○,○,
95410,ブラッシュ,brush,名,G,,,,,,○,
95420,プラットホーム,platform,名,G,1,○,,,,,○
95430,プラネタリウム,planetarium,名,G,,,,,○,○,
95440,ふらふら,,副,W,1,○,,,○,○,
95450,ぶらぶら,,副・ス自,W,1,○,,○,○,○,○
95460,プラモデル,plamodel,名,G,,,,,○,○,
95470,プラン,plan,名,G,3,○,,,,,
95480,ぶらんこ,,名,W,,,,,○,○,○
95490,フランシス,〔人名〕,名,G,,,,,,○,
95500,フランス,France,名,G,2,○,,○,○,,
95510,フランスご,フランス語,名,H,3,○,,,,,
95520,フランソワ,〔人名〕,名,G,,,,,,○,
95530,ふり,降り,名,W,1,,,,,○,
95540,ふり,振り,名・接尾,W,1,○,,○,○,○,
95550,ふり,不利,名,K,2,○,,,,,
95560,ぶり,振り,接尾,W,2,○,,○,,,○
95570,ふりあげる,振り上げる,下一他,W,1,,,,○,○,
95580,ふりかえる,振り返る,五他,W,1,○,,○,,○,
95590,ふりかけ,振り掛け,名,W,,,,,○,○,
95600,ふりがな,振り《仮名》,名,W,2,○,,,○,○,
95610,ふりこ,振り子,名,W,1,,,,○,○,
95620,ふりだし,振り出し,名,W,1,,,,○,○,
95630,ふりつもる,降り積もる,五自,W,1,,,,,○,
95640,ふりはじめる,降り始める,下一自,W,,,,,,○,
95650,ぷりぷり,,副・ス自,W,2,,,,○,○,
95660,ふりまわす,振り回す,五他,W,1,,,,○,○,
95670,ふりむく,振り向く,五自,W,1,○,,○,○,○,
95680,ふりょう,不良,名,K,2,○,,○,,,○
95690,フリル,fril,名,G,,,,,○,○,
95700,プリン,←pudding,名,G,,,,,○,○,
95710,プリント,print,名・ス他,G,2,○,,○,○,○,○
95720,ふる,降る,五自,W,1,◎,,○,○,○,○
95730,ふる,振る,五他,W,1,◎,,○,○,○,○
95740,ぶる,,接尾,W,2,,,○,,,
95750,ふるい,古い・△旧い,形,W,1,◎,○,○,○,○,○
95760,ふるい,×篩,名,W,2,,,,○,○,
95770,ふるう,振るう・奮う・△揮う,五自他,W,2,,,,,○,
95780,フルーツパフェ,fruits parfai,名,G,,,,,○,○,
95790,ふるえ,震え,名,W,1,,,,,○,
95800,ふるえる,震える,下一自,W,1,○,,○,○,○,○
95810,ふるぎ,古着,名,W,2,,,,,,○
95820,ふるさと,古里・△故里・△故△郷,名,W,1,○,,○,,○,
95830,ブルドーザー,bulldozer,名,G,,,,,○,○,
95840,ぶるぶる,,副・ス自,W,1,○,,○,○,○,
95850,ふるほん,古本,名,H,1,,,,,○,○
95860,ふるまう,振舞う,五自他,W,2,○,,,,,
95870,ふるやのもり,〔おばけ名〕,名,H,,,,,,○,
95880,ふるわす,震わす,五他,W,1,,,○,,,
95890,ぶるん,,副,W,,,,,,○,
95900,ぶるんぶるん,,副,W,,,,,,○,
95910,ぶれい,無礼,名,K,2,○,,,,,
95920,ブレーキ,brake,名,G,1,○,,○,○,○,○
95930,フレーズ,phrase,名,G,,,,○,,,
95940,フレーフレー,,感,G,,,,,○,○,
95950,ブレーメン,Bremen,名,G,,,,,,○,
95960,プレゼント,present,名・ス他,G,3,○,,○,○,○,○
95970,フレデリック,〔ねずみ名〕,名,G,,,,,,○,
95980,ふれる,触れる,下一自他,W,2,○,,○,,,○
95990,ふろ,風×呂,名,K,1,◎,○,○,○,○,○
96000,プロ,←professional,名,G,3,○,,,,,
96010,ブローチ,brooch,名,G,3,,,,○,○,
96020,ふろく,付録・附録,名,K,1,○,,○,○,○,
96030,プログラム,program(me),名,G,1,○,,,○,○,
96040,ふろしき,風×呂敷,名,H,1,○,,○,○,○,○
96050,ブロック,block,名・ス他,G,3,,,,○,○,
96060,フロッピー,←floppy disk,名,G,,,,,,,○
96070,ふろば,風×呂場,名,H,1,○,,○,,,
96080,プロパンガス,propane gas,名,G,,,,,○,○,
96090,プロペラ,propeller,名,G,1,,,,○,○,
96100,プロレス,←pro wrestling,名,G,,,,,○,○,
96110,フロント,front,名,G,3,,,○,,,
96120,ふわおくさん,〔兎名〕,名,W,,,,,,○,
96130,ふわふわ,,副・ス自,W,1,○,,○,○,○,
96140,ふわふわさん,〔兎名〕,名,W,,,,,,○,
96150,ふわり,,副,W,1,,,○,,○,
96160,ふん,,感,W,1,,,○,,,
96170,ふん,分,名,K,1,◎,○,○,○,○,○
96180,ふん,×糞,名,K,1,,,○,○,○,
96190,ぶん,分,名,K,1,○,,○,,○,○
96200,ぶん,文,名,K,1,◎,,○,○,○,○
96210,ふんいき,雰囲気,名,K,3,○,,,,,○
96220,ふんか,噴火,名・ス自,K,2,○,,,○,○,
96230,ぶんか,文化,名,K,2,◎,,○,○,,○
96240,ぶんか,文科,名,K,3,○,,,,,
96250,ぶんか,分化,名・ス自,K,3,,,○,,,
96260,ふんがい,憤慨,名・ス自他,K,3,○,,,,,
96270,ぶんかい,分解,名・ス自他,K,2,○,,○,○,○,○
96280,ぶんがく,文学,名,K,2,◎,,○,○,,○
96290,ぶんかクラブ,文化クラブ,名,H,,,,,○,○,
96300,ぶんかざい,文化財,名,K,3,○,,,,,
96310,ぶんかつ,分割,名・ス他,K,3,,,○,,,
96320,ぶんかてき,文化的,形動,K,,,,○,,,
96330,ぶんぎょう,分業,名・ス他,K,2,,,○,,,
96340,ぶんげい,文芸,名,K,2,○,,,,,
96350,ぶんけん,文献,名,K,3,○,,,,,
96360,ぶんご,文語,名,K,3,○,,,,,
96370,ぶんさん,分散,名・ス自,K,3,,,○,,,
96380,ぶんし,分子,名,K,3,○,,○,,,
96390,ふんしつ,紛失,名・ス自他,K,3,○,,,,,
96400,ぶんしょ,文書,名,K,3,○,,,,,
96410,ぶんしょう,文章,名,K,1,◎,,○,○,○,○
96420,ふんすい,噴水,名,K,1,,,,○,○,
96430,ぶんすう,分数,名,K,2,○,,,,,○
96440,ぶんせき,分析,名・ス他,K,3,○,,,,,
96450,ぶんたい,文体,名,K,3,○,,○,,,○
96460,ぶんたん,分担,名・ス他,K,3,○,,,,,
96470,ぶんちょう,文鳥,名,K,,,,,○,○,
96480,ぷんと,,副,W,1,,,,○,○,
96490,ふんどう,分銅,名,K,2,,,○,,,
96500,ぶんぱい,分配,名・ス他,K,2,○,,,,,
96510,ふんばり,踏ん張り,名,W,1,,,,,○,
96520,ふんばる,踏ん張る,五自,W,1,,,○,,○,
96530,ぶんぷ,分布,名・ス自他,K,2,○,,○,,,
96540,ぶんぶん,,副・名,W,1,,,○,,○,
96550,ぷんぷん,,副・ス自,W,1,○,,○,○,○,
96560,ぶんぶんぶん,,副,W,,,,,,○,
96570,ぶんぼ,分母,名,K,2,○,,,,,
96580,ぶんぽう,文法,名,K,3,◎,,○,○,,○
96590,ぶんぼうぐ,文房具,名,K,2,○,,,○,○,
96600,ぶんぼうぐてん,文房具店,名,K,,,,,○,○,
96610,ぶんぼうぐや,文房具屋,名,H,,,,○,,,
96620,ふんまつ,粉末,名,K,3,,,○,,,
96630,ぶんみゃく,文脈,名,K,3,○,,,,,
96640,ぶんめい,文明,名,K,2,○,,○,○,,○
96650,ぶんや,分野,名,K,3,○,,○,,,○
96660,ぶんり,分離,名・ス自他,K,3,○,,○,,,○
96670,ぶんりょう,分量,名,K,2,○,,,,,
96680,ぶんるい,分類,名・ス他,K,2,○,,○,,,○
96690,ぶんれつ,分裂,名・ス自,K,3,○,,,,,
96700,へ,,格助,W,1,,,○,○,,○
96710,へ,×屁,名,W,1,,,,○,○,
96720,ヘアピン,hairpin,名,G,,,,,○,○,
96730,へい,兵,名,K,1,,,,,○,
96740,へい,塀,名,K,1,◎,,○,○,○,○
96750,へいか,陛下,名,K,1,,,,,○,
96760,へいかい,閉会,名・ス自他,K,2,○,,,,,
96770,へいき,平気,名,K,1,◎,,○,○,○,○
96780,へいき,兵器,名,K,2,○,,,,,
96790,へいきん,平均,名・ス自他,K,2,◎,,○,○,,○
96800,へいきんだい,平均台,名,K,2,,,,○,○,
96810,へいこう,平行,名・ス自,K,2,○,,○,,,○
96820,へいこう,並行・併行,名・ス自,K,2,○,,,,,
96830,へいこう,平衡,名,K,3,,,○,,,
96840,べいこく,米国,名,K,2,○,,○,○,,○
96850,へいじつ,平日,名,K,3,○,,,,,
96860,へいせい,平成,名,K,,,,,,,○
96870,へいぜい,平生,名,K,1,,,,,○,
96880,へいたい,兵隊,名,K,1,○,,○,○,○,○
96890,へいてん,閉店,名・ス自,K,3,,,,○,○,
96900,へいほう,平方,名・ス他,K,2,○,,○,,,○
96910,へいほうこん,平方根,名,K,3,,,,,,○
96920,へいぼん,平凡,名・形動,K,2,○,,,,,
96930,へいめん,平面,名,K,2,○,,○,,,
96940,へいや,平野,名,K,1,○,,○,○,○,○
96950,へいわ,平和,名・形動,K,2,◎,,○,○,○,○
96960,へえ,,感,W,1,,,○,,○,
96970,ページ,page,名,G,1,◎,○,○,○,○,○
96980,ペキン,△北△京,名,G,,,,,○,,
96990,ペケ,←〔マレー〕pergi,名,G,2,,,,,,○
97000,べこべこ,,副,W,,,,,○,○,
97010,ぺこぺこ,,形動・副・ス自,W,1,○,,,,○,
97020,へこます,△凹ます,五他,W,1,,,,,○,
97030,へこむ,△凹む,五自,W,1,,,,○,○,
97040,べし,△可し,助動,W,3,,,○,○,,○
97050,へそ,×臍,名,W,1,,,,○,○,
97060,へた,《下手》,名・形動,W,1,◎,○,○,○,○,○
97070,へたばる,,五自,W,1,,,,,○,
97080,べたべた,,副・ス自,W,1,,,,○,○,
97090,ぺたぺた,,副・ス自,W,1,,,,○,○,
97100,べたり,,副,W,1,,,,○,○,
97110,ぺちゃくちゃ,,副,W,,,,,○,○,
97120,べつ,別,名・形動・接尾,K,1,◎,,○,○,○,○
97130,ベッド,bed,名,G,1,◎,,○,○,○,
97140,ペット,pet,名,G,,,,,○,○,
97150,ヘッドホーン,headphone,名,G,,,,,○,○,
97160,べつべつ,別別,形動,K,1,○,,○,○,○,○
97170,ベテラン,veteran,名,G,3,○,,,,,
97180,ぺてん,,名,W,3,,,,,,○
97190,へとへと,,形動,W,1,,,,○,○,
97200,ペドロ,〔猫名〕,名,G,,,,,,○,
97210,べに,紅,名,W,1,,,,,○,
97220,へび,蛇,名,W,1,○,,○,○,○,○
97230,べべ,（幼児語，着物）,名,W,1,,,,,○,
97240,へや,《部屋》,名,W,1,◎,○,○,○,○,○
97250,へら,×箆,名,W,1,,,,○,○,
97260,へらす,減らす,五他,W,1,○,,○,○,○,○
97270,べらべら,,副,W,1,,,,○,○,
97280,ぺらぺら,,副・形動・ス自,W,1,○,,,○,○,
97290,ベランダ,veranda(h),名,G,2,,,○,○,○,
97300,へり,△縁,名,W,2,,,,○,○,
97310,ペリカン,pelican,名,G,,,,,○,○,
97320,ヘリコプター,helicopter,名,G,2,○,,,○,○,
97330,ヘリポート,heliport,名,G,,,,,○,○,
97340,へる,減る,五自,W,1,◎,,○,○,○,○
97350,へる,経る・△歴る,下一自,W,3,○,,○,,,
97360,ベル,bell,名,G,1,◎,,○,○,○,○
97370,ベルギー,Belgie,名,G,,,,,○,,
97380,ベルト,belt,名,G,2,○,,○,○,○,○
97390,ベルトコンベアー,belt conveyer,名,G,,,,,○,○,
97400,ヘルメット,helmet,名,G,3,,,,○,○,
97410,ベルリン,Berlin,名,G,,,,,○,,
97420,ペレ,〔人名〕,名,G,,,,,,○,
97430,ベレー,〔仏〕be´ret,名,G,1,,,,,○,
97440,ベレーぼう,ベレー帽,名,H,,,,,○,○,
97450,ペレス,〔ねずみ名〕,名,G,,,,,,○,
97460,ペレスねずみ,,名,H,,,,,,○,
97470,ヘレン･ケラー,Helen Keller,名,G,,,,,○,○,
97480,ベロ,〔犬名〕,名,G,,,,,,○,
97490,べろ,,名,W,,,,,○,○,
97500,ぺろぺろ,,副,W,1,,,,○,○,
97510,ぺろり,,副,W,1,,,,,○,
97520,ぺろりと,,副,W,,,,,○,○,
97530,へん,遍,接尾,K,1,○,,○,,○,
97540,へん,辺,名,K,1,◎,,○,○,○,○
97550,へん,偏,名,K,1,○,,○,,,○
97560,へん,変,名・形動,K,1,◎,,○,○,○,○
97570,べん,便,名,K,2,,,○,,,○
97580,ペン,pen,名,G,1,◎,○,○,○,○,
97590,へんか,変化,名・ス自,K,2,◎,,○,○,○,○
97600,ペンキ,←〔蘭〕pek,名,G,1,○,,○,○,○,○
97610,ペンキや,ペンキ屋,名,H,,,,,,○,
97620,べんきょう,勉強,名・ス自他,K,1,◎,○,○,○,○,○
97630,べんきょうどうぐ,勉強道具,名,K,,,,,○,○,
97640,ペンギン,penguin,名,G,1,,,,○,○,
97650,へんけい,変形,名・ス自他,K,2,,,○,,,
97660,へんけん,偏見,名,K,3,○,,,,,
97670,べんご,弁護,名・ス他,K,3,○,,,,,
97680,へんこう,変更,名・ス他,K,3,○,,○,,,○
97690,べんごし,弁護士,名,K,3,○,,○,,,
97700,へんさい,返済,名・ス他,K,3,○,,,,,
97710,へんざい,偏在,名,K,,,,○,,,
97720,へんじ,返事・返辞,名・ス自,K,1,◎,,○,○,○,○
97730,へんしゅう,編集・編×輯,名・ス他,K,2,◎,,○,○,,
97740,べんじょ,便所,名,K,1,◎,○,○,○,○,○
97750,べんしょう,弁償,名・ス他,K,3,,,○,○,○,
97760,へんそう,変装,名・ス自,K,2,,,,○,○,
97770,ベンチ,bench,名,G,1,,,,○,○,○
97780,ペンチ,←pinchers,名,G,2,○,,○,○,○,○
97790,へんてこ,,形動,W,1,,,○,,○,
97800,べんとう,弁当,名,K,1,◎,○,○,○,○,○
97810,べんり,便利,名,K,1,◎,,○,○,○,○
97820,ほ,穂,名,W,1,○,,○,○,○,
97830,ほ,帆,名,W,1,,,○,○,○,
97840,ほ,歩,名・接尾,K,2,○,,○,,,
97850,ほ,,感,W,,,,,,○,
97860,ぽい,,接尾,W,2,○,,,,,
97870,ほいくえん,保育園,名,K,,,,,○,○,○
97880,ほいくじょ,保育所,名,K,3,,,,○,○,
97890,ぼいん,母音,名,K,3,○,,○,,,
97900,ほう,,感,W,1,,,,,○,
97910,ほう,方,名,K,1,◎,,○,○,○,○
97920,ほう,法,名,K,2,○,,○,,,
97930,ぼう,帽,名,K,1,,,,,○,
97940,ぼう,棒,名,K,1,◎,,○,○,○,○
97950,ぼう,坊,名・接尾,K,1,,,,,○,
97960,ぼうえい,防衛,名・ス他,K,3,○,,,,,
97970,ぼうえき,貿易,名・ス自,K,2,◎,,○,○,,○
97980,ぼうえんきょう,望遠鏡,名,K,1,,,,○,○,
97990,ぼうか,防火,名,K,2,○,,,○,○,
98000,ほうかい,崩壊・崩×潰,名・ス自,K,3,○,,○,,,
98010,ぼうがい,妨害・妨×碍,名・ス他,K,3,○,,,,,
98020,ほうがく,方角,名,K,1,,,○,○,○,
98030,ほうかご,放課後,名,K,2,,,,○,○,
98040,ほうき,×箒,名,W,1,○,,○,○,○,○
98050,ほうき,放棄・×抛棄,名・ス他,K,3,○,,,,,
98060,ほうきぼし,×箒星,名,W,2,,,,○,○,
98070,ほうけん,封建,名,K,3,○,,,,,
98080,ほうげん,方言,名,K,2,○,,,,,○
98090,ぼうけん,冒険,名・ス自,K,1,○,,○,○,○,
98100,ほうこう,方向,名,K,2,◎,,○,○,○,○
98110,ほうこく,報告,名・ス他,K,2,◎,,○,○,,○
98120,ぼうさいくんれん,防災訓練,名,K,,,,,○,○,
98130,ぼうさいずきん,防災頭×巾,名,K,,,,,○,○,
98140,ほうさく,豊作,名,K,2,○,,,○,○,
98150,ぼうさん,坊さん,名,H,1,○,,○,,○,○
98160,ほうし,胞子,名,K,2,,,○,,,
98170,ほうし,奉仕,名・ス自,K,2,○,,,○,○,
98180,ぼうし,帽子,名,K,1,◎,○,○,○,○,○
98190,ぼうし,防止,名・ス他,K,3,○,,,,,○
98200,ほうしゃ,放射,名・ス他,K,3,,,○,,,
98210,ほうしゅう,報酬,名,K,3,○,,,,,
98220,ほうしゅつ,放出,名・ス他,K,3,,,○,,,
98230,ほうじる,報じる,上一他,H,2,○,,,,,
98240,ほうしん,方針,名,K,2,◎,,○,○,,○
98250,ぼうず,坊主,名,K,1,,,○,,○,
98260,ぼうずあたま,坊主頭,名,H,,,,,○,○,
98270,ほうせき,宝石,名,K,1,○,,○,○,○,
98280,ぼうせき,紡績,名,K,2,○,,○,,,○
98290,ほうそう,放送,名・ス他,K,1,◎,,○,○,○,○
98300,ほうそう,包装,名・ス他,K,3,,,○,,,○
98310,ほうそうきょく,放送局,名,K,1,,,○,,,
98320,ほうそうし,包装紙,名,K,,,,,○,○,
98330,ほうそく,法則,名,K,2,◎,,○,○,,○
98340,ほうたい,包帯・×繃帯,名,K,1,○,,○,○,○,○
98350,ほうだい,放題,名・形動,K,2,,,○,,,
98360,ほうち,放置,名・ス他,K,3,,,○,,,
98370,ほうちょう,包丁・×庖丁,名,K,1,○,,○,○,○,○
98380,ぼうちょう,膨張・膨脹,名・ス自,K,3,○,,○,,,
98390,ほうでん,放電,名・ス自,K,3,,,○,,,
98400,ほうどう,報道,名・ス他,K,2,○,,○,,,
98410,ほうねん,豊年,名,K,1,,,,,○,
98420,ほうび,褒美,名,K,1,,,○,,○,○
98430,ほうふ,豊富,形動,K,2,○,,,,,○
98440,ぼうふうりん,防風林,名,K,2,,,,○,○,
98450,ほうほう,方法,名,K,1,◎,,○,○,○,○
98460,ほうぼう,方方,名,K,1,◎,,○,○,○,
98470,ほうむ,法務,名,K,2,○,,,,,
98480,ほうめん,方面,名,K,2,◎,,○,○,,
98490,ほうもん,訪問,名・ス他,K,2,◎,,○,○,,○
98500,ぼうや,坊や,名,H,1,,,,,○,○
98510,ほうら,,感,W,,,,,,○,
98520,ほうりこむ,△放り込む・×抛り込む,五他,W,1,,,,○,○,
98530,ほうりつ,法律,名,K,2,◎,,○,○,,○
98540,ほうりつか,法律家,名,K,,,,○,,,
98550,ぼうりょく,暴力,名,K,2,○,,,,,○
98560,ぼうりょくだん,暴力団,名,K,,,,,,,○
98570,ほうる,△放る・×抛る,五他,W,1,○,,○,○,○,
98580,ほうれんそう,×菠×薐草,名,K,1,○,,,,,
98590,ほうわ,飽和,名・ス自,K,3,,,○,,,
98600,ほえたてる,吠え立てる,下一自,W,1,,,,,○,
98610,ほえる,×吠える・×吼える,下一自,W,1,○,,○,○,○,
98620,ほお,×頬,名,W,1,,,○,○,○,○
98630,ボーイ,boy,名,G,2,○,,,,,
98640,ボーイフレンド,boy friend,名,G,,,,○,○,○,
98650,ぼおう,,副,W,,,,,,○,
98660,ほおかぶり,×頬△被り,名,W,1,,,,○,○,
98670,ホース,〔蘭〕hoos,名,G,1,,,,○,○,
98680,ポーズ,pose,名,G,3,,,,○,○,
98690,ほおずり,×頬擦り,名,W,1,,,,○,○,
98700,ポータブル,portable,名,G,3,,,,○,○,
98710,ほおっ,,感,W,,,,,,○,
98720,ぽーっ,,副,W,,,,,,○,
98730,ほおづえ,×頬×杖,名,W,2,,,,○,○,
98740,ボート,boat,名,G,1,○,,○,○,○,○
98750,ポートボール,,名,G,,,,,○,○,
98760,ボーナス,bonus,名,G,3,○,,○,,,○
98770,ほおばる,×頬張る,五他,W,1,,,,○,○,
98780,ほおぶくろ,頬袋,名,W,,,,,,○,
98790,ほおべた,頬べた,名,W,,,,,,○,
98800,ホーム,home,名,G,3,○,,,,,○
98810,ホームラン,〔米〕home run,名,G,2,,,,○,○,
98820,ホール,hall,名,G,2,,,,○,○,
98830,ボール,ball,名,G,1,○,,○,○,○,○
98840,ポール,pole,名,G,,,,,○,○,
98850,ボールがみ,ボール紙,名,H,1,,,○,,○,○
98860,ボールペン,←ball-point pen,名,G,1,◎,,○,○,○,○
98870,ぼーん,,副,W,,,,,,○,
98880,ほか,外・△他,名・係助,W,1,◎,,○,○,○,○
98890,ぼかす,×暈す,五他,W,2,,,,○,○,
98900,ほかほか,,副・ス自,W,1,,,,○,○,
98910,ぽかぽか,,副,W,1,,,,○,○,
98920,ほがらか,朗らか,形動,W,1,○,,○,○,○,○
98930,ぽかり,,副,W,1,,,,○,○,
98940,ほかん,保管,名・ス他,K,3,○,,○,,,○
98950,ぽきぽき,,副,W,1,,,,○,○,
98960,ぽきん,,副,W,1,,,,○,○,
98970,ぼく,僕,名・代,K,1,◎,○,○,○,○,○
98980,ぼくしさん,牧師さん,名,H,,,,,○,○,
98990,ぼくじょう,牧場,名,K,2,○,,,○,○,
99000,ボクシング,boxing,名,G,3,,,,○,○,
99010,ぼくそう,牧草,名,K,3,,,○,,,
99020,ぼくちく,牧畜,名,K,2,○,,○,,,
99030,ほくぶ,北部,名,K,2,,,○,,,
99040,ぼくら,僕等,代,H,,,,,○,○,
99050,ほくりく,北陸,名,K,3,○,,,,,
99060,ほくろ,〈黒子〉,名,W,1,,,,○,○,
99070,ポケット,pocket,名,G,1,◎,○,○,○,○,○
99080,ほけん,保健,名,K,2,○,,,,,
99090,ほけん,保険,名,K,2,○,,○,,,○
99100,ほけんしつ,保健室,名,K,,,,,○,○,
99110,ほけんじょ,保健所,名,K,3,,,,○,○,
99120,ほご,保護,名・ス他,K,2,○,,○,,,○
99130,ほこうしゃ,歩行者,名,K,,,,,○,○,
99140,ほこうしゃてんごく,歩行者天国,名,K,,,,,○,○,
99150,ほこり,×埃,名,W,1,◎,,○,○,○,○
99160,ほこり,誇り,名,W,2,○,,○,,,○
99170,ほこる,誇る,五自,W,2,○,,○,,,
99180,ほころび,×綻び,名,W,1,,,,○,○,
99190,ほころびる,×綻びる,上一自,W,1,,,○,○,○,
99200,ほころぶ,×綻ぶ,五自,W,1,,,,,○,
99210,ポサダ,,名,G,,,,,,○,
99220,ほし,星,名,W,1,◎,○,○,○,○,○
99230,ほじ,保持,名・ス他,K,3,,,○,,,
99240,ほしい,欲しい,形,W,1,◎,,○,○,○,○
99250,ほしがき,干し×柿・△乾し×柿,名,W,1,,,,,○,
99260,ほしがる,欲しがる,五他,W,1,,,,,○,
99270,ほしくさ,干し草・△乾し草,名,W,2,,,,,○,
99280,ほしぶどう,干し×葡×萄・△乾し×葡×萄,名,H,2,,,,,○,
99290,ほしもの,干し物・△乾し物,名,W,2,○,,,,,
99300,ほしゅ,保守,名・ス他,K,3,○,,,,,
99310,ぼしゅう,募集,名・ス他,K,2,◎,,○,○,,○
99320,ほじょ,補助,名・ス他,K,2,,,○,,,
99330,ほしょう,保証,名・ス他,K,3,○,,○,,,○
99340,ほしょう,保障,名・ス他,K,3,○,,○,,,○
99350,ほしょう,補償,名・ス他,K,3,○,,○,,,○
99360,ほしょうにん,保証人,名,K,3,○,,,,,
99370,ほじる,,五他,W,2,,,○,○,○,
99380,ほす,干す・△乾す,五他,W,1,◎,,○,○,○,○
99390,ボス,boss,名,G,3,,,,○,○,
99400,ポスター,poster,名,G,1,○,,,○,○,
99410,ポスト,post,名,G,1,,,○,○,○,○
99420,ほそい,細い,形,W,1,◎,○,○,○,○,○
99430,ほそう,×舗装・×鋪装,名・ス他,K,3,,,,,○,
99440,ほそながい,細長い,形,W,1,○,,,○,○,
99450,ほそめる,細める,下一他,W,1,,,,,○,
99460,ほそる,細る,五自,W,1,,,○,,○,
99470,ほぞん,保存,名・ス他,K,2,◎,,○,○,,○
99480,ほたる,蛍,名,W,1,○,,,○,○,
99490,ボタン,〔葡〕bota～o,名,G,1,◎,,○,○,○,○
99500,ぼたん,×牡丹,名,K,1,,,,,○,
99510,ぼたんゆき,×牡丹雪,名,H,1,,,,○,○,
99520,ぼち,墓地,名,K,2,○,,,,,
99530,ぽち,〔固〕,名,W,,,,,,○,
99540,ほちょうき,補聴器,名,K,,,,,○,○,
99550,ほっかいどう,北海道,名,K,2,○,,○,○,○,
99560,ぽっかり,,副,W,1,,,○,,○,
99570,ほっきょく,北極,名,K,2,○,,,○,○,
99580,ほっきょくぎつね,北極×狐,名,H,,,,,,○,
99590,ホック,〔蘭〕hoek,名,G,2,,,,○,○,
99600,ほっそく,発足,名・ス自,K,3,○,,,,,
99610,ほったらかす,,五他,W,1,,,,○,○,
99620,ぼっちゃん,坊っちゃん,名,H,1,○,,○,,○,○
99630,ほっと,,副・ス自,W,1,○,,○,○,○,
99640,ポット,pot,名,G,1,,,,○,○,
99650,ホットケーキ,hot cake,名,G,,,,,○,○,
99660,ホットドッグ,〔米〕hot dog,名,G,3,,,,○,○,
99670,ポップコーン,popcorn,名,G,,,,,○,○,
99680,ほっぺた,,名,W,1,,,,○,○,
99690,ぽつぽつ,,副,W,1,,,○,,,
99700,ぽつりぽつりと,,副,W,,,,,○,○,
99710,ぽつん,,副,W,1,,,,,○,
99720,ポテトフライ,potato fry,名,G,,,,,○,○,
99730,ホテル,hotel,名,G,1,◎,○,○,○,○,○
99740,ほてる,火照る・△熱る,五自,W,2,,,,○,○,
99750,ほど,歩度,名,K,1,,,,,○,
99760,ほど,程,名・副助,W,1,◎,,○,○,○,○
99770,ほどう,歩道,名,K,2,○,,○,○,○,○
99780,ほどうきょう,歩道橋,名,K,,,,,○,○,
99790,ほどく,△解く,五他,W,1,○,,○,○,○,○
99800,ほとけ,仏,名,W,1,◎,,○,○,○,○
99810,ほどける,△解ける,下一自,W,1,,,,○,○,
99820,ボドさん,,名,H,,,,,,○,
99830,ぼとぼとぽんぽろ,〔雨の音〕,副,W,,,,,,○,
99840,ほとり,△辺,名,W,1,,,,,,○
99850,ほとんど,×殆ど,名・副,W,1,◎,,○,○,○,○
99860,ほね,骨,名,W,1,◎,,○,○,○,○
99870,ほねおる,骨折る,五自,W,1,,,○,,,
99880,ほねぐみ,骨組み,名,W,2,,,,○,○,
99890,ほのお,炎・×焔,名,W,1,○,,○,○,○,○
99900,ホバークラフト,hovercraft,名,G,,,,,○,○,
99910,ポピ,〔固〕,名,G,,,,,,○,
99920,ほほ,×頬,名,W,2,◎,,,○,○,
99930,ほぼ,△略・△粗,副,W,2,○,,○,,,
99940,ほほえむ,〈微笑む〉,五自,W,1,○,,○,○,○,○
99950,ポマード,pomade,名,G,3,,,○,,,
99960,ほめる,褒める・△誉める,下一他,W,1,◎,,○,○,○,○
99970,ぼやける,,下一自,W,2,,,,○,○,
99980,ほら,,感,W,1,○,,○,○,○,○
99990,ほら,洞,名,W,1,,,,,○,
100000,ほらあな,洞穴,名,W,1,,,,○,○,
100010,ほらがい,△法×螺貝,名,H,2,,,,,○,
100020,ボランティア,volunteer,名,G,,,,,○,○,
100030,ほり,堀,名,W,1,○,,,,○,○
100040,ほりはじめる,掘り始める,下一他,W,,,,,,○,
100050,ほりょ,捕虜,名,K,3,○,,,,,
100060,ほる,掘る,五他,W,1,◎,,○,○,○,○
100070,ほる,彫る,五他,W,2,○,,,○,○,
100080,ボルト,volt,名,G,3,,,○,,,○
100090,ポルトガル,Portugal,名,G,,,,,○,,
100100,ポルトガルご,ポルトガル語,名,H,,,,,○,○,
100110,ぼろ,〈×襤×褸〉,名,W,1,,,,,○,
100120,ほろびる,滅びる・△亡びる,上一自,W,2,○,,○,,,○
100130,ほろぼす,滅ぼす・△亡ぼす,五他,W,2,,,○,,,○
100140,ぼろぼろ,,形動・副,W,1,,,,○,○,
100150,ぼろぼろぽんぽろ,〔固〕,名,W,,,,,,○,
100160,ほろりと,,副・ス自,W,,,,,○,○,
100170,ほん,本,名・連体・接頭・接尾,K,1,◎,○,○,○,○,○
100180,ぼん,盆,名,K,1,○,,○,,○,○
100190,ぽん,,副,W,,,,,,○,
100200,ぽん,（たぬき名）,名,W,,,,,,○,
100210,ほんかくてき,本格的,形動,K,3,○,,,,,
100220,ほんき,本気,名・形動,K,1,○,,,○,○,
100230,ほんぐもり,本曇り,名,H,,,,,○,○,
100240,ほんごく,本国,名,K,2,○,,,,,
100250,ホンコン,香港,名,G,,,,,○,,
100260,ほんしつ,本質,名,K,3,○,,,,,
100270,ほんじつ,本日,名,K,2,○,,,○,○,
100280,ほんしゅう,本州,名,K,2,○,,○,○,,
100290,ほんせん,本線,名,K,2,,,,,,○
100300,ほんだ,〔人名〕,名,H,,,,,,○,
100310,ほんだい,本代,名,K,2,○,,,,,
100320,ほんだな,本棚,名,H,1,○,,,○,○,○
100330,ぼんち,盆地,名,K,2,○,,,○,○,
100340,ほんてん,本店,名,K,2,○,,,,,
100350,ほんと,本△当,名,K,1,◎,,,○,○,
100360,ぽんと,,副,W,1,,,,○,○,
100370,ポンド,pound,名,G,3,,,○,,,○
100380,ほんとう,本当,名,K,1,,○,○,,,○
100390,ほんどう,本堂,名,K,1,,,,,○,
100400,ほんに,〔「本当に」の意味〕,副,H,,,,,,○,
100410,ほんにん,本人,名,K,2,○,,○,,,
100420,ほんねん,本年,名,K,2,○,,,○,○,
100430,ほんの,本の,連体,H,1,○,,○,,○,
100440,ほんのう,本能,名,K,3,○,,,,,
100450,ほんば,本場,名,H,3,○,,,,,
100460,ほんばこ,本箱,名,H,1,○,,○,○,○,
100470,ポンプ,〔蘭〕pomp,名,G,1,,,○,○,○,○
100480,ポンプしゃ,ポンプ車,名,H,,,,,,○,
100490,ほんぶり,本降り,名,H,2,,,,○,○,
100500,ほんぶん,本文,名,K,2,○,,,,,
100510,ボンベ,〔独〕Bonbe,名,G,,,,,○,○,
100520,ぼんぽろ,〔雨の音〕,副,W,,,,,,○,
100530,ぽんぽろぽんぽろ,〔雨の音〕,副,W,,,,,,○,
100540,ぽんぽろろん,,副,W,,,,,,○,
100550,ぽんぽん,,副・名,W,1,,,○,○,○,
100560,ぼんぼんどけい,ぼんぼん時計,名,H,,,,,,○,
100570,ほんみょう,本名,名,K,3,○,,,,,
100580,ほんもの,本物,名,H,1,○,,,○,○,
100590,ほんや,本屋,名,H,1,,,○,○,○,○
100600,ほんやく,翻訳,名・ス他,K,3,◎,,○,○,,○
100610,ぼんやり,,副・ス自,W,1,◎,,○,○,○,○
100620,ほんらい,本来,副・名,K,3,○,,,,,
100630,ま,間,名,W,1,○,,○,,○,○
100640,ま,真,名・接頭,W,1,,,○,,○,○
100650,ま,〔梵〕魔,名,G,2,,,○,,,
100660,まあ,,副・感,W,1,○,,○,,○,○
100670,マーガリン,margarine,名,G,,,,,○,○,
100680,マーク,mark,名・ス他,G,2,○,,,○,○,
100690,マーケット,market,名,G,2,,,,,○,
100700,マーシャ,〔人名〕,名,G,,,,,,○,
100710,マージャン,〔中〕△麻×雀,名,G,3,,,,,,○
100720,まあだ,,副,W,,,,,,○,
100730,まあまあ,,副・感,W,2,○,,,,,
100740,まあらんぶうにい,〔船名〕,名,W,,,,,,○,
100750,まあるい,,形,W,,,,,,○,
100760,まい,,助動,W,1,,,,○,○,
100770,まい,毎,接頭,K,1,○,,○,,○,○
100780,まい,枚,接尾,K,1,◎,○,○,○,○,○
100790,まい,舞,名,W,1,,,,,○,
100800,まい,,助動,W,,,,○,,,
100810,まいあがる,舞い上がる,五自,W,1,,,,,○,
100820,まいあさ,毎朝,名,H,1,◎,○,○,○,○,○
100830,まいおりる,舞い降りる,上一自,W,,,,,,○,
100840,まいかい,毎回,名,K,2,,,○,,,
100850,マイク,←microphone,名,G,2,○,,,○,○,
100860,マイクロホン,microphone,名,G,1,,,,○,○,
100870,まいげつ,毎月,名,K,1,,,,,,○
100880,マイケル,〔人名〕,名,G,,,,,,○,
100890,マイケルさん,〔人名〕,名,H,,,,,,○,
100900,まいご,《迷子》・△迷△児,名,W,1,○,,○,○,○,○
100910,まいしゅう,毎週,名,K,1,◎,,○,○,○,○
100920,まいつき,毎月,名,H,1,◎,,○,○,○,○
100930,まいった,,連語,W,,,,○,,,○
100940,まいど,毎度,名,K,1,,,○,,,
100950,まいとし,毎年,名,H,1,◎,,○,○,○,○
100960,マイナス,minus,名・ス他,G,3,○,,,,,
100970,まいにち,毎日,名,K,1,◎,○,○,○,○,○
100980,まいねん,毎年,名,K,1,◎,○,,○,,○
100990,まいばん,毎晩,名,K,1,◎,○,○,○,○,○
101000,まいよ,毎夜,名,H,1,,,○,,,
101010,まいり,参り,名,W,1,,,,,○,
101020,まいる,参る,五自,W,1,◎,,○,○,○,○
101030,まう,舞う,五自,W,1,○,,○,,○,
101040,まうえ,真上,名,W,1,,,,,○,
101050,マウリ,〔猫名〕,名,G,,,,,,○,
101060,まえ,前,名,W,1,◎,○,○,○,○,○
101070,まえあし,前足・前脚・前△肢,名,W,1,,,,,○,
101080,まえがき,前書き,名,W,2,,,○,,,
101090,まえかけ,前掛け,名,W,1,,,,○,○,
101100,まえむき,前向き,名,W,1,,,○,,,
101110,まかす,任す,五他,W,1,,,,,○,
101120,まかす,負かす,五他,W,1,,,,○,○,
101130,まかせる,任せる,下一他,W,1,○,,○,○,○,○
101140,まがり,曲がり,名,W,1,,,,,○,
101150,まがりかど,曲がり角,名,W,1,○,,,○,○,
101160,まがりくねる,曲がりくねる,五自,W,2,,,,○,○,
101170,まがる,曲がる,五自,W,1,◎,,○,○,○,○
101180,マカロニ,macaroni,名,G,,,,,○,○,
101190,まき,△薪,名,W,1,,,,,○,
101200,まきあげる,巻き上げる・×捲き揚げる,下一他,W,1,,,○,○,○,
101210,まきこむ,巻き込む・×捲き込む,五他,W,1,,,○,,,
101220,まきちらす,×撒き散らす,五他,W,1,,,○,○,○,
101230,まきつく,巻き付く,五自,W,1,,,,○,○,
101240,まきつける,巻き付ける,下一他,W,1,,,,○,○,
101250,まきば,牧場,名,W,1,,,,○,○,
101260,まく,巻く・×捲く,五自他,W,1,◎,,○,○,○,○
101270,まく,×蒔く・×撒く・×播く,五他,W,1,○,,○,○,○,○
101280,まく,幕,名・接尾,K,1,○,,○,○,○,○
101290,まく,膜,名,K,3,,,○,○,○,
101300,まくら,×枕,名,W,1,◎,,○,○,○,○
101310,まくる,×捲る,五他,W,1,,,○,○,○,
101320,まぐれ,,名,W,,,,,○,○,
101330,マグレガーさん,〔兎名〕,名,H,,,,,,○,
101340,まくれる,×捲れる,下一自,W,1,,,,○,○,
101350,まぐろ,×鮪,名,W,1,○,,,○,○,
101360,まけ,負け,名,W,1,○,,,,○,
101370,まけおしみ,負け惜しみ,名,W,1,,,○,○,○,
101380,まける,負ける,下一自他,W,1,◎,,○,○,○,○
101390,まげる,曲げる・×枉げる,下一他,W,1,◎,,○,○,○,○
101400,まご,孫,名,W,1,◎,,○,○,○,○
101410,まごがめ,孫亀,名,W,,,,,,○,
101420,まごころ,真心,名,W,1,,,,,○,
101430,まこちゃん,,名,H,,,,,,○,
101440,まごつく,,五自,W,1,○,,○,○,○,
101450,まこと,誠・△実・△真,名・副・感,W,2,,,○,,○,
101460,まことに,誠に・△真に・△実に,副,W,1,○,,○,,○,○
101470,まごまご,,副・ス自,W,1,○,,○,○,○,
101480,まさお,〔固〕,名,H,,,,,,○,
101490,まさか,,副,W,2,○,,○,○,○,○
101500,まさつ,摩擦,名・ス自他,K,2,○,,○,,,○
101510,まさに,正に,副,W,2,○,,,,,
101520,まさり,勝り・△優り,名,W,2,,,○,,,
101530,まさる,勝る・△優る,五自,W,2,○,,○,,,○
101540,まさる,〔固〕,名,W,,,,,,○,
101550,まざる,交ざる・混ざる・△雑ざる,五自,W,1,○,,○,○,○,○
101560,まし,増し,名・形動,W,2,,,,,○,
101570,ましかく,真四角,名,H,1,,,,○,○,
101580,マジック,magic,名,G,3,,,,○,○,
101590,まして,△況して,副,W,2,○,,,,,
101600,まじない,×呪い,名,W,1,,,,,○,
101610,まじなう,×呪う,五他,W,1,,,,,○,
101620,まじめ,〈真面目〉,形動,W,1,◎,,○,○,○,○
101630,まじる,交じる・混じる,五自,W,1,◎,,○,○,○,○
101640,ましろ,〔兎名〕,名,W,,,,,,○,
101650,まじわる,交わる,五自,W,1,○,,○,○,○,○
101660,ます,,助動,W,1,,,○,○,○,○
101670,ます,升・×枡,名,W,1,,,○,,○,
101680,ます,増す,五自他,W,2,○,,○,,,○
101690,まず,,副,W,1,◎,,○,○,○,○
101700,まずい,,形,W,1,◎,○,○,○,○,○
101710,マスク,mask,名,G,1,○,,,○,○,
101720,マスコット,mascot,名,G,3,,,,○,○,
101730,まずしい,貧しい,形,W,1,◎,,○,○,○,○
101740,マスター,master,名・ス他,G,,,,○,,,
101750,ますます,△益・△益△益,副,W,1,◎,,○,○,○,○
101760,まする,,助動,W,1,,,,,○,
101770,まぜる,交ぜる・混ぜる,下一他,W,1,◎,,○,○,○,○
101780,また,×股・×叉,名,W,1,○,,,○,○,
101790,また,又・△復・×亦,名・副・接,W,1,◎,,○,○,○,○
101800,まだ,△未だ,副,W,1,◎,○,○,○,○,○
101810,またあした,,感,W,,,,○,,,
101820,またがる,×跨る・×股がる,五自,W,1,○,,○,○,○,
101830,またぐ,×跨ぐ,五他,W,1,○,,○,○,○,
101840,または,又は,接,W,2,◎,,○,○,,○
101850,またまた,又又,副,W,,,,,,○,
101860,まだまだ,△未だ△未だ,副,W,1,,,○,,○,
101870,まだら,×斑,名,W,1,,,,○,○,
101880,まち,町・街,名,W,1,◎,,○,○,○,○
101890,まち,待ち,名,W,1,,,,,○,
101900,まちあいしつ,待合室,名,H,1,○,,,○,○,
101910,まちあわせ,待ち合わせ,名,W,1,○,,,,,
101920,まちあわせる,待ち合わせる,下一自,W,1,○,,○,○,○,○
101930,まちがい,間違い,名,W,1,◎,,○,○,○,○
101940,まちがう,間違う,五自他,W,1,◎,,○,○,○,○
101950,まちがえる,間違える,下一他,W,1,◎,,○,○,○,○
101960,まちかど,街角・町角,名,W,1,,,,,○,
101970,まちかねる,待ち兼ねる,下一他,W,2,,,○,,,
101980,まちかまえる,待ち構える,下一他,W,1,,,,○,○,
101990,まちくたびれる,待ちくたびれる,下一自,W,,,,,○,○,
102000,まちじゅう,町中,名,H,,,,,,○,
102010,まちどおしい,待ち遠しい,形,W,1,○,,○,○,○,
102020,まちのぞむ,待ち望む,五他,W,2,○,,,,,
102030,まちまち,,形動,W,1,,,○,,,
102040,まつ,待つ,五他,W,1,◎,○,○,○,○,○
102050,まつ,松,名,W,1,◎,,○,○,○,○
102060,まつ,末,名,W,2,○,,○,,,○
102070,まっか,《真っ赤》,名,W,1,○,,○,○,○,○
102080,マック,〔鴨名〕,名,G,,,,,,○,
102090,マックス,〔人名〕,名,G,,,,,,○,
102100,まっくら,真っ暗,名,W,1,○,,○,○,○,
102110,まっくろ,真っ黒,名,W,1,○,,○,○,○,○
102120,まっくろい,真っ黒い,形,W,,,,,,○,
102130,まっくろけ,真っ黒け,形動,W,,,,,,○,
102140,まつげ,×睫・×睫毛,名,W,2,,,,,○,○
102150,マッサージ,massage,名・ス他,G,2,,,,○,○,
102160,まっさいちゅう,真っ最中,名,H,1,,,○,○,○,
102170,まっさお,《真っ青》,名,W,1,○,,○,○,○,
102180,まっさき,真っ先,名,W,1,,,○,○,○,
102190,まっしろ,真っ白,名,W,1,○,,○,○,○,○
102200,まっしろい,真っ白い,形,W,1,○,,○,,○,
102210,まっすぐ,真っ△直ぐ,副・形動,W,1,◎,○,○,○,○,○
102220,まったく,全く,副,W,1,◎,,○,○,○,○
102230,まつたけ,松×茸,名,W,1,,,,,○,○
102240,まつたにみよこ,〔固〕,名,H,,,,,,○,
102250,マッチ,match（燐寸）,名,G,1,◎,○,○,○,○,○
102260,マット,mat,名,G,3,,,,○,○,
102270,まつばやし,松林,名,W,1,,,,,○,
102280,まっぷたつ,真っ二つ,名,W,1,,,○,,,
102290,まつもと,松本,名,W,,,,,○,,
102300,まつやま,松山,名,W,2,,,,○,,
102310,まつり,祭り,名,W,1,◎,,○,○,○,○
102320,まつる,祭る・×祀る,五他,W,1,○,,○,,○,○
102330,まで,,副助,W,1,,○,○,○,○,○
102340,までも,,連語,W,,,,○,,,
102350,マデロン,〔家鴨名〕,名,G,,,,,,○,
102360,まと,的,名,W,1,○,,○,○,○,
102370,まど,窓,名,W,1,◎,○,○,○,○,○
102380,まどぐち,窓口,名,W,1,○,,○,,,○
102390,まとまり,×纏まり,名,W,1,,,,,○,
102400,まとまる,×纏まる,五自,W,1,○,,○,○,○,○
102410,まとめ,×纏め,名,W,1,○,,,,○,
102420,まとめる,×纏める,下一他,W,1,◎,,○,○,○,○
102430,マドリード,Madrid,名,G,,,,,,○,
102440,マドレーヌ,〔人名〕,名,G,,,,,,○,
102450,まないた,×俎板・×俎,名,W,1,,,,○,○,
102460,まなぶ,学ぶ,五他,W,2,○,,○,○,○,○
102470,まにあう,間に合う,五自,W,1,◎,,○,○,○,○
102480,マニラ,Manila,名,G,,,,,○,,
102490,まぬけ,間抜け,名,W,2,,,,,○,
102500,まね,〈真似〉,名,W,1,◎,,○,○,○,○
102510,まねき,招き,名,W,1,,,,,○,
102520,マネキンにんぎょう,マネキン人形,名,H,,,,,○,○,
102530,まねく,招く,五他,W,1,◎,,○,○,○,○
102540,まねごと,〈真似〉事,名,W,2,,,,,○,
102550,まねる,〈真似〉る,下一他,W,1,○,,○,○,○,○
102560,まばたき,△瞬き,名,W,1,,,,○,○,
102570,まばゆい,目△映い・×眩い,形,W,1,,,○,,○,
102580,まひ,麻×痺,名・ス自,K,3,○,,,,,
102590,まぶしい,×眩しい,形,W,1,○,,○,○,○,○
102600,まぶす,,五他,W,2,,,,○,○,
102610,まぶた,×瞼,名,W,1,○,,,○,○,
102620,マフラー,muffler,名,G,3,○,,,○,○,
102630,まほう,魔法,名,K,1,,,○,○,○,
102640,まほうつかい,魔法使い,名,H,1,,,,○,○,
102650,まほうびん,魔法瓶,名,H,2,,,,○,○,
102660,まま,間間,副,W,1,,,,,○,
102670,ママ,mam(m)a,名,G,1,,,○,○,○,
102680,まま,×侭,名,W,1,◎,,,,○,
102690,まま,儘,名・接助,W,,,,○,○,,○
102700,ままごと,△飯事,名,W,1,,,,○,○,
102710,まみちゃん,〔人名〕,名,H,,,,,,○,
102720,まみれ,△塗れ,名,W,1,○,,,,○,
102730,まみれる,△塗れる,下一自,W,1,,,○,,○,
102740,まめ,豆,名,W,1,◎,,○,○,○,○
102750,まめた,〔人名〕,名,W,,,,,,○,
102760,まめつ,摩滅・磨滅,名・ス自,K,3,,,○,,,
102770,まめでんきゅう,豆電球,名,H,,,,,○,○,
102780,まめまき,豆×撒き,名,W,1,,,,○,○,
102790,まもう,磨耗,名,K,,,,○,,,
102800,まもなく,間も無く,副,W,1,○,,○,○,○,○
102810,まもり,守り,名,W,1,,,,,○,
102820,まもる,守る・△護る,五他,W,1,◎,,○,○,○,○
102830,まゆ,×眉,名,W,1,○,,○,○,○,
102840,まゆ,繭,名,W,1,,,,,○,
102850,まゆげ,×眉毛,名,W,1,○,,,○,○,○
102860,まよい,迷い,名,W,1,,,,,○,
102870,まよう,迷う,五自,W,1,◎,,○,○,○,○
102880,まよなか,真夜中,名,W,1,,,○,○,○,○
102890,まよなかごろ,真夜中頃,名,W,,,,,,○,
102900,マヨネーズ,〔仏〕mayonnaise,名,G,2,○,,,○,○,
102910,まよわす,迷わす,五他,W,1,,,,,○,
102920,マラードおくさん,,名,H,,,,,,○,
102930,マラードさん,,名,H,,,,,,○,
102940,マラソン,Marathon,名,G,2,,,,○,○,
102950,まり,×毬・×鞠,名,W,1,,,○,○,○,
102960,マリア,,名,G,,,,,,○,
102970,マリーちゃん,,名,H,,,,,,○,
102980,まりつき,×鞠突き,名,W,1,,,,,○,
102990,まる,丸,名・接尾,W,1,◎,○,○,○,○,○
103000,まるい,円い・丸い,形,W,1,◎,○,○,○,○,○
103010,まるた,丸太,名,H,1,,,,○,○,
103020,まるだし,丸出し,名,W,1,,,○,,,
103030,まるたんぼう,丸△太棒,名,H,,,,,,○,
103040,マルチン,〔人名〕,名,G,,,,,,○,
103050,まるっこい,丸っこい,形,W,,,,,○,○,
103060,まるで,,副,W,1,◎,,○,○,○,○
103070,まるのみ,丸×呑み,名,W,1,,,○,,,
103080,まるめる,丸める,下一他,W,1,○,,○,○,○,
103090,まれ,×稀・△希,形動,W,3,○,,○,,,○
103100,マレーシア,Malaysia,名,G,,,,,○,,
103110,まわし,回し・×廻し,名,W,1,,,,,○,
103120,まわす,回す・×廻す,五他,W,1,◎,,○,○,○,○
103130,まわり,回り・×廻り・周り,名,W,1,◎,,○,○,○,○
103140,まわりどうろう,回り灯×篭,名,H,2,,,,○,○,
103150,まわりみち,回り道・回り△路,名,W,1,○,,○,,,
103160,まわる,回る・×廻る,五自,W,1,◎,,○,○,○,○
103170,まわれみぎ,回れ右,名,W,,,,,○,○,
103180,まん,万,名,K,1,◎,○,○,○,○,○
103190,まん,満,名,K,2,,,○,,,○
103200,まんいち,万一,名,K,2,○,,○,,,○
103210,まんいん,満員,名,K,1,◎,,○,○,○,○
103220,まんが,漫画,名,K,1,○,,○,○,○,○
103230,まんげつ,満月,名,K,1,○,,,○,○,
103240,まんざい,漫才,名,K,1,,,,○,○,○
103250,まんじゅう,×饅△頭,名,K,1,,,,○,○,○
103260,マンション,mansion,名,G,3,○,,,○,○,
103270,まんぞく,満足,名・ス自・形動,K,1,◎,,○,○,○,○
103280,まんてん,満点,名,K,2,○,,○,○,○,
103290,マント,〔仏〕manteau,名,G,1,,,,○,○,
103300,まんなか,真ん中,名,W,1,◎,,○,○,○,○
103310,まんねんひつ,万年筆,名,K,1,◎,,○,○,,○
103320,まんぷく,満腹,名・ス自,K,2,,,,○,○,
103330,マンボ,〔人名〕,名,G,,,,,,○,
103340,マンホール,manhole,名,G,3,,,,○,○,
103350,まんま,×儘,名,W,1,,,,,○,
103360,まんまる,真ん丸,名・副,W,1,,,,○,○,
103370,マンモス,mammoth,名,G,,,,,○,○,
103380,み,三,名,W,1,○,,,,,
103390,み,身,名,W,1,○,,○,○,○,○
103400,み,実,名,W,1,◎,,○,○,○,○
103410,み,,接尾,W,2,○,,○,○,,○
103420,み,未,接頭,K,,,,○,○,,
103430,みあい,見合い,名,W,2,○,,,,,
103440,みあげる,見上げる,下一他,W,1,○,,○,○,○,
103450,みあわせる,見合わせる,下一他,W,1,○,,○,,○,
103460,みいだす,見△出す,五他,W,2,,,○,,,○
103470,ミイラ,〔葡〕mirra,名,G,3,,,,○,○,
103480,みえ,見え・見得,名,W,1,,,,,○,
103490,みえる,見える,下一自,W,1,◎,○,○,○,○,○
103500,みおくり,見送り,名,W,1,◎,,○,○,,○
103510,みおくる,見送る,五他,W,1,○,,○,○,○,○
103520,みおとす,見落とす,五他,W,1,○,,○,,,
103530,みおぼえ,見覚え,名,W,1,,,○,,,
103540,みおろす,見下ろす,五他,W,1,○,,○,○,○,
103550,みがき,磨き・△研き,名,W,1,,,,,○,
103560,みがく,磨く・△研く,五他,W,1,◎,,○,○,○,○
103570,みかけ,見掛け,名,W,2,○,,,○,○,
103580,みかける,見掛ける,下一他,W,1,,,○,○,○,
103590,みかた,見方,名,W,1,○,,○,,,
103600,みかた,味方・身方・△御方,名,W,1,◎,,○,○,○,○
103610,みかづき,三日月,名,W,1,○,,,○,○,
103620,みがる,身軽,形動,W,2,,,,○,○,
103630,みかん,×蜜×柑,名,K,1,◎,○,○,○,○,○
103640,みかんやま,×蜜×柑山,名,H,,,,,,○,
103650,みき,幹,名,W,1,○,,○,○,○,
103660,みぎ,右,名,W,1,◎,○,○,○,○,○
103670,みぎがわ,右側,名,W,1,○,,,○,○,
103680,ミキサーしゃ,ミキサー車,名,H,,,,,,○,
103690,みぎて,右手,名,W,1,○,,,○,○,
103700,みくびる,見×縊る,五他,W,2,,,,○,○,
103710,みくらべる,見比べる・見△較べる,下一他,W,1,,,○,○,○,
103720,みぐるしい,見苦しい,形,W,1,○,,○,○,○,
103730,みごと,見事,形動,W,1,○,,○,○,○,○
103740,みこみ,見込み,名,W,2,○,,○,○,○,○
103750,みこん,未婚,名,K,3,○,,,,,
103760,みさき,岬,名,W,1,○,,,○,○,
103770,みじかい,短い,形,W,1,◎,○,○,○,○,○
103780,みじたく,身支度,名,H,1,,,,○,○,
103790,みしみし,,副,W,,,,,○,○,
103800,みじめ,惨め,形動,W,2,○,,○,,,
103810,ミシュートカ,〔人名〕,名,G,,,,,,○,
103820,みしりみしり,,副,W,1,,,,○,○,
103830,ミシン,←sewing-machine,名,G,2,○,,○,○,○,○
103840,ミス,Miss,名,G,3,○,,,,,
103850,みず,水,名,W,1,◎,○,○,○,○,○
103860,ミス・クラベル,,名,G,,,,,,○,
103870,みずあび,水浴び,名,W,1,,,,○,○,
103880,みずいれ,水入れ,名,W,1,,,,○,○,
103890,みずいろ,水色,名,W,1,○,,,○,○,
103900,みずうみ,湖,名,W,1,◎,,○,○,○,○
103910,みずかき,×蹼・水×掻き,名,W,1,,,,○,○,
103920,みずから,自ら,副・名,W,2,○,,○,,,○
103930,みずぎ,水着,名,W,2,○,,○,○,○,○
103940,みずきり,水切り,名,W,,,,,○,○,
103950,みずさいばい,水栽培,名,H,,,,,○,○,
103960,みずしぶき,水〈飛×沫〉,名,W,,,,,○,○,
103970,みすずちゃん,,名,H,,,,,,○,
103980,みずたまもよう,水玉模様,名,H,,,,,○,○,
103990,みずたまり,水×溜まり,名,W,1,,,,○,○,
104000,みずでっぽう,水鉄砲,名,H,1,,,,○,○,
104010,みすてる,見捨てる・見△棄てる,下一他,W,2,,,○,,,
104020,みずとり,水鳥,名,W,1,,,,○,○,
104030,みずのみば,水飲み場,名,W,,,,,○,○,
104040,みずびたし,水浸し,名,W,1,,,,○,○,
104050,ミスプリント,misprint,名,G,3,○,,,,,
104060,みすぼらしい,,形,W,1,○,,○,,○,
104070,みずまくら,水×枕,名,W,1,,,,○,○,
104080,みせ,店・見世,名,W,1,◎,○,○,○,○,○
104090,みせかける,見せ掛ける,下一他,W,2,,,○,,,
104100,みせばん,店番,名,H,1,,,,○,○,
104110,みせびらかす,見せびらかす,五他,W,2,○,,○,○,○,
104120,みせもの,見世物,名,W,1,,,○,,,
104130,みせる,見せる,下一他,W,1,◎,○,○,○,○,○
104140,みそ,味×噌,名,K,1,◎,,○,○,○,○
104150,みぞ,溝,名,W,1,○,,○,○,○,○
104160,みそしる,味×噌汁,名,H,1,○,,,○,○,○
104170,みそだる,味噌×樽,名,H,,,,,,○,
104180,みぞれ,×霙,名,W,1,,,,○,○,
104190,みたい,,接尾,W,1,◎,,○,○,○,○
104200,みだしなみ,見×嗜み,名,W,3,,,,○,○,
104210,みたす,満たす・△充たす,五他,W,2,○,,,,,
104220,みだす,乱す,五他,W,1,○,,,,○,○
104230,みだす,見出す,五他,W,,,,○,,,
104240,みだれ,乱れ,名,W,1,,,,,○,
104250,みだれる,乱れる,下一自,W,1,○,,○,○,○,○
104260,みち,道・△路・△途,名,W,1,◎,,○,○,○,○
104270,みち,未知,名,K,3,○,,,,,
104280,みちあんない,道案内,名,H,1,,,,○,○,
104290,みちお,〔固〕,名,H,,,,,,○,
104300,みぢか,身近,形動,W,3,,,○,,,○
104310,みちがえる,見違える,下一他,W,1,,,○,○,○,
104320,みちくさ,道草,名,W,1,,,,○,○,
104330,みちじゅん,道順,名,H,1,○,,,○,○,
104340,みちしるべ,道しるべ・道△標,名,W,2,,,,○,○,
104350,みちばた,道端,名,W,1,,,,,○,
104360,みちびく,導く,五他,W,2,○,,○,○,,
104370,みちみち,道道,副,W,1,,,○,,,
104380,みちる,満ちる・△充ちる,上一自,W,2,○,,,,,
104390,みつ,×蜜,名,K,1,,,,○,○,
104400,みつ,密,形動,K,,,,○,,,
104410,みっか,三日,名,W,1,◎,○,○,○,○,○
104420,みっかぼうず,三日坊主,名,H,,,,,○,○,
104430,みつかる,見付かる,五自,W,1,◎,,○,○,○,○
104440,みつける,見付ける,下一他,W,1,◎,,○,○,○,○
104450,みつこ,〔固〕,名,W,,,,,,○,
104460,みっせつ,密接,名・ス自・形動,K,3,,,○,,,
104470,みっつ,三つ,名,W,1,◎,○,○,○,○,○
104480,ミット,mitt,名,G,2,,,,○,○,
104490,みつど,密度,名,K,3,,,○,,,
104500,みっともない,,形,W,1,○,,○,○,○,
104510,みつばち,×蜜×蜂,名,H,1,,,,○,○,
104520,みつめる,見詰める,下一他,W,1,○,,○,○,○,
104530,みつもり,見積もり,名,W,2,,,○,,,○
104540,みてい,未定,名,K,3,○,,,,,
104550,みどうっこたろう,〔人名〕,名,H,,,,,,○,
104560,みとおし,見通し,名,W,1,○,,,,,
104570,みとめる,認める,下一他,W,2,◎,,○,○,○,○
104580,みどり,緑・×翠,名,W,1,◎,○,○,○,○,○
104590,みどりいろ,緑色,名,W,1,○,,,,○,
104600,みとれる,見×蕩れる,下一自,W,1,,,,,○,
104610,みな,皆,名,W,1,◎,,○,○,○,○
104620,みなおす,見直す,五自他,W,2,,,,○,○,
104630,みなさま,皆様,名,W,2,○,,,○,○,
104640,みなさん,,名,W,,,,,○,,
104650,みなす,見なす・△看×做す,五他,W,3,○,,,,,
104660,みなと,港・×湊,名,W,1,◎,,○,○,○,○
104670,みなみ,南,名,W,1,◎,○,○,○,○,○
104680,みなみかぜ,南風,名,W,1,,,,○,○,
104690,みならう,見習う・見倣う,五他,W,1,,,○,○,○,
104700,みなり,身△形,名,W,1,,,○,○,○,
104710,ミニカー,minicar,名,G,,,,,○,○,
104720,みにくい,醜い,形,W,1,○,,○,○,○,○
104730,みね,峰・×嶺,名,W,1,○,,,○,○,
104740,みの,×蓑,名,W,1,,,,,○,
104750,みのうえ,身の上,名,W,2,○,,,,,
104760,みのまわり,身の回り,名,W,2,,,,○,○,
104770,みのり,実り・×稔り,名,W,1,,,,,○,
104780,みのる,実る・×稔る,五自,W,1,○,,○,○,○,○
104790,ミハイル・イワノビッチ,〔人名〕,名,G,,,,,,○,
104800,みはらし,見晴らし,名,W,1,○,,,○,○,
104810,みはり,見張り,名,W,1,,,○,,○,
104820,みはる,見張る,五他,W,1,,,,○,○,
104830,みぶり,身振り,名,W,1,○,,○,,,
104840,みぶりてぶり,身振り手振り,名,W,,,,,○,○,
104850,みぶるい,身震い,名,W,2,,,,○,○,
104860,みぶん,身分,名,H,1,◎,,○,○,,○
104870,みほん,見本,名,H,2,○,,○,○,○,○
104880,みまい,見舞い,名,W,1,◎,,○,○,○,○
104890,みまう,見舞う,五他,W,1,○,,○,○,○,○
104900,みまわす,見回す・見×廻す,五他,W,1,,,○,○,○,
104910,みまわり,見回り・見×廻り,名,W,1,,,,,○,
104920,みまわる,見回る・見×廻る,五自,W,1,,,○,,,
104930,みみ,耳,名,W,1,◎,○,○,○,○,○
104940,みみあたらしい,耳新しい,形,W,2,,,○,,,
104950,みみず,〈×蚯×蚓〉,名,W,1,,,,○,○,
104960,みみそうじ,耳掃除,名,H,,,,,○,○,
104970,みむく,見向く,五他,W,1,,,,,○,
104980,みや,宮,名,W,1,,,○,,○,
104990,みゃく,脈,名,K,1,○,,○,,○,○
105000,みやげ,《土産》,名,W,1,◎,○,○,○,○,○
105010,みやこ,都,名,W,1,○,,○,,○,
105020,みゅう,〔山猫名〕,名,W,,,,,,○,
105030,みょう,妙,名・形動,K,1,○,,○,,○,
105040,みょう,明,連体,K,2,,,○,,,○
105050,みょうあさ,明朝,名,H,2,○,,,,,
105060,みょうごにち,明後日,名,K,2,○,,,,,
105070,みょうじ,名字・△苗字,名,K,1,,,○,○,○,○
105080,みょうちょう,明朝,名,K,2,○,,,○,○,
105090,みょうにち,明日,名,K,2,○,,,,,
105100,みょうねん,明年,名,K,2,○,,,,,
105110,みょうばん,明晩,名,K,2,○,,,○,○,
105120,みよこ,〔固〕,名,H,,,,,,○,
105130,みらい,未来,名,K,2,◎,,○,○,○,○
105140,ミリ,〔仏〕milli,名,G,3,◎,,○,○,,○
105150,ミリメートル,〔仏〕millime´tre,名,G,3,,,○,○,○,
105160,みりょく,魅力,名,K,3,◎,,○,○,,○
105170,みる,見る・△視る・△観る,上一他,W,1,◎,○,○,○,○,○
105180,ミルク,milk,名,G,1,◎,,○,○,○,○
105190,ミルクバー,milk bar,名,G,,,,○,,,
105200,みるみる,見る見る,副,W,1,,,○,○,○,
105210,みわける,見分ける,下一他,W,1,,,○,,,
105220,みわたす,見渡す,五他,W,1,○,,○,○,○,
105230,みんかん,民間,名,K,2,○,,○,,,
105240,みんしゅ,民主,名,K,2,○,,○,,,
105250,みんしゅか,民主化,名・ス自,K,,,,○,,,
105260,みんしゅく,民宿,名,K,,,,,○,○,
105270,みんしゅしゅぎ,民主主義,名,K,2,,,○,,,○
105280,みんしゅせいじ,民主政治,名,K,,,,○,,,
105290,みんしゅてき,民主的,形動,K,3,,,○,,,
105300,みんぞく,民族,名,K,3,○,,○,,,○
105310,ミンチ,mince,名,G,,,,,,,○
105320,みんな,△皆,名,W,1,,○,,,,
105330,みんぽう,民法,名,K,,,,○,,,
105340,みんよう,民謡,名,K,3,○,,,○,○,
105350,む,無,名・接頭,K,3,○,,○,○,○,○
105360,むいか,六日,名,W,1,◎,○,○,○,○,○
105370,むいみ,無意味,名・形動,K,3,○,,,,,
105380,ムード,mood,名,G,3,○,,,,,
105390,ムーフ,〔人名〕,名,G,,,,,,○,
105400,むかい,向かい,名,W,1,○,,○,,○,○
105410,むがい,無害,名,K,2,○,,,,,○
105420,むかいあう,向かい合う,五自,W,1,,,,○,○,
105430,むかう,向かう,五自,W,1,◎,,○,○,○,○
105440,むかえ,迎え,名,W,1,○,,○,○,○,
105450,むかえにゆく,,連語,W,,,,○,,,
105460,むかえる,迎える,下一他,W,1,◎,,○,○,○,○
105470,むかし,昔,名,W,1,◎,,○,○,○,○
105480,むかしばなし,昔話,名,W,1,○,,,,,
105490,むかつく,,五自,W,3,,,,○,○,
105500,むかでだこ,,名,W,,,,,,○,
105510,むかむか,,トス自,W,2,,,,○,○,
105520,むかんけい,無関係,名,K,2,○,,,,,
105530,むき,向き,名,W,1,○,,○,○,○,○
105540,むぎ,麦,名,W,1,◎,,○,○,○,○
105550,むきだし,×剥き出し,名,W,1,,,○,,,
105560,むぎちゃ,麦茶,名,H,2,,,,○,○,
105570,むぎわらぼうし,麦×藁帽子,名,H,1,,,,○,○,
105580,むく,向く,五自,W,1,◎,,○,○,○,○
105590,むく,×剥く,五他,W,1,◎,,○,○,○,○
105600,むくすけ,〔椋鳥名〕,名,W,,,,,,○,
105610,むくち,無口,名,H,2,○,,,,,
105620,むくむく,,副,W,1,,,,○,○,
105630,むくれる,,下一自,W,2,,,,○,○,
105640,むけ,向け,接尾,W,1,,,○,,○,
105650,むける,×剥ける,下一自,W,1,,,,,○,
105660,むける,向ける,下一他,W,1,◎,,○,○,○,○
105670,むげん,無限,名・形動,K,3,○,,○,,,
105680,むこ,婿・×壻・×聟,名,W,1,,,○,,○,
105690,むこう,向こう,名,W,1,◎,○,○,○,○,○
105700,むこう,無効,名,K,3,○,,○,,,○
105710,むこうがわ,向こう側,名,W,1,,,,,○,
105720,むごん,無言,名,K,2,○,,,,,
105730,むし,虫,名,W,1,◎,○,○,○,○,○
105740,むし,無視,名・ス他,K,3,○,,○,,,
105750,むじ,無地,名,K,3,,,○,,,○
105760,むしあつい,蒸し暑い,形,W,1,◎,,○,○,○,○
105770,むしかご,虫×篭,名,W,2,,,,○,○,
105780,むしば,虫歯,名,W,1,○,,○,○,○,
105790,むしめがね,虫《眼鏡》,名,W,1,,,,○,○,
105800,むじゃき,無邪気,名・形動,K,2,○,,○,,,○
105810,むしゃむしゃ,,副,W,1,,,,○,○,
105820,むじゅうりょく,無重力,名,K,,,,,○,○,
105830,むじゅん,矛盾,名・ス自,K,3,○,,○,,,
105840,むしょく,無色,名,K,2,,,○,,,
105850,むしる,×毟る,五他,W,1,,,○,○,○,
105860,むしろ,×筵・×蓆,名,W,1,,,,○,○,
105870,むしろ,△寧ろ,副,W,2,○,,○,,,○
105880,むじん,無人,名,K,,,,,,,○
105890,むじんとう,無人島,名,K,2,,,,○,○,
105900,むす,蒸す,五自他,W,1,○,,○,,,
105910,むすう,無数,形動,K,2,○,,,,,
105920,むずかしい,難しい,形,W,1,◎,○,○,○,○,○
105930,むすこ,《息子》,名,W,1,◎,,○,○,○,○
105940,むすび,結び,名,W,1,○,,,,○,
105950,むすびつき,結び付き,名,W,2,,,○,,,
105960,むすびつく,結び付く,五自,W,1,,,○,,,
105970,むすびつける,結び付ける,下一他,W,1,,,○,,,
105980,むすぶ,結ぶ,五自他,W,1,◎,,○,○,○,○
105990,むずむず,,副・ス自,W,2,,,,○,○,
106000,むすめ,娘,名,W,1,◎,,○,○,○,○
106010,むせる,×噎せる,下一自,W,2,,,,○,○,
106020,むせん,無線,名,K,2,○,,○,○,○,○
106030,むだ,無駄・△徒,名・形動,W,1,◎,,○,○,○,○
106040,むだづかい,無駄遣い・△徒遣い,名,W,1,○,,,○,○,
106050,むだん,無断,名,K,3,,,○,,,○
106060,むち,×鞭・×笞,名,W,1,,,○,○,○,
106070,むち,無知,名,K,3,○,,,,,
106080,むちゃ,無茶,名・形動,W,1,○,,○,,○,○
106090,むちゃくちゃ,無茶苦茶,名・形動,W,2,,,,○,○,
106100,むちゅう,夢中,名,K,1,◎,,○,○,○,○
106110,むつかしい,△難しい,形,W,1,,,,,○,
106120,むっくり,,副,W,1,,,,○,○,
106130,むっつ,六つ,名,W,1,◎,○,○,○,○,○
106140,むっつり,,副・ス自,W,2,,,,○,○,
106150,むっと,,副・ス自,W,1,,,,○,○,
106160,むなしい,△空しい・△虚しい,形,W,3,○,,,,,
106170,むね,胸,名,W,1,◎,,○,○,○,○
106180,むね,棟,名・接尾,W,2,,,,○,○,
106190,むのう,無能,名,K,3,○,,,,,
106200,むやみ,無×闇,形動,H,1,,,○,○,○,○
106210,むよう,無用,名,K,2,○,,,,,
106220,むら,村,名,W,1,◎,,○,○,○,○
106230,むら,,名,W,2,,,,○,○,
106240,むらがる,群がる・×叢る,五自,W,2,,,,○,○,
106250,むらさき,紫,名,W,1,◎,○,○,○,○,○
106260,むらさきいろ,紫色,名,W,,,,,,○,
106270,むらじゅう,村中,名,H,,,,,,○,
106280,むらびと,村人,名,W,1,,,,,○,
106290,むり,無理,名・形動,K,1,◎,,○,○,○,○
106300,むりやり,無理矢理,副,H,1,,,,○,○,
106310,むりょう,無料,名,K,2,○,,○,,,○
106320,むれ,群れ,名,W,1,○,,○,○,○,○
106330,むろいみよこ,〔固〕,名,H,,,,,,○,
106340,むろまち,室町,名,W,,,,,○,,
106350,むろん,無論,副,K,3,○,,,,,○
106360,め,芽,名,W,1,◎,,○,○,○,○
106370,め,雌・×牝,名,W,1,,,,,○,
106380,め,目,名・接尾,W,1,◎,○,○,○,○,○
106390,めあたらしい,目新しい,形,W,2,,,○,,,
106400,めあて,目当て,名,W,1,,,○,○,○,
106410,メアリ,,名,G,,,,,,○,
106420,めい,名,名・接尾,K,1,○,,○,○,○,○
106430,めい,×姪,名,W,2,○,,○,,,○
106440,めいあん,明暗,名,K,3,,,○,,,
106450,めいかく,明確,形動,K,3,○,,,,,
106460,めいさく,名作,名,K,2,○,,,,,
106470,めいし,名刺,名,K,2,○,,○,,,○
106480,めいし,名詞,名,K,3,○,,,,,
106490,めいじ,明治,名,K,2,○,,○,○,,○
106500,めいじけんぽう,明治憲法,名,K,,,,○,,,
106510,めいしょ,名所,名,K,2,○,,○,,,○
106520,めいじる,命じる,上一他,H,2,○,,,,,
106530,めいしん,迷信,名,K,2,○,,○,,,○
106540,めいじん,名人,名,K,1,○,,○,,,○
106550,めいちゅう,命中,名・ス自,K,2,○,,,○,○,
106560,めいはく,明白,形動,K,3,○,,,,,
106570,めいぶつ,名物,名,K,2,○,,○,,,○
106580,めいぼ,名簿,名,K,2,○,,,,,
106590,めいめい,銘銘,名,K,1,○,,○,,○,○
106600,めいよ,名誉,名,K,2,○,,○,,,○
106610,めいりょう,明×暸,形動,K,3,○,,,,,
106620,めいれい,命令,名・ス他,K,2,◎,,○,○,○,○
106630,めいろ,迷路,名,K,3,,,,○,○,
106640,めいろう,明朗,形動,K,3,○,,,,,
106650,めいわく,迷惑,名・ス自,K,1,◎,,○,○,○,○
106660,めうえ,目上,名,W,1,○,,○,○,,○
106670,めうし,×牝牛・雌牛,名,W,1,,,,,○,
106680,メーター,meter,名,G,2,○,,,○,○,
106690,メートル,〔仏〕me´tre,名,G,1,◎,,○,○,○,○
106700,めえめえ,,副,W,1,,,,,○,
106710,めかくし,目隠し,名,W,1,,,,○,○,
106720,めがける,目掛ける,下一他,W,1,,,○,○,○,
106730,めかた,目方,名,W,1,○,,○,,○,○
106740,めがね,《眼鏡》,名,W,1,◎,○,○,○,○,○
106750,めがみ,女神,名,W,1,,,,○,○,
106760,メキシコ,Mexico,名,G,2,,,,○,,
106770,めぐすり,目薬,名,W,1,○,,,,,
106780,めぐまれる,恵まれる,下一自,W,2,○,,,○,○,
106790,めぐむ,恵む・×恤む,五他,W,2,○,,○,,,○
106800,めくら,△盲,名,W,1,,,○,,○,
106810,めくり,×捲り,名,W,1,,,,,○,
106820,めくる,×捲る,五他,W,1,○,,○,○,○,
106830,めぐる,巡る・×廻る,五自,W,2,,,○,,,
106840,めざす,目差す・目指す,五他,W,2,○,,○,○,○,
106850,めざましい,目覚ましい,形,W,2,○,,,,,
106860,めざましどけい,目覚まし《時計》,名,H,1,,,,○,○,
106870,めし,飯,名,W,1,,,○,○,○,○
106880,めしあがる,召し上がる,五他,W,1,◎,,○,○,○,
106890,めした,目下,名,W,2,○,,○,○,,○
106900,めしべ,雌×蘂,名,W,2,,,,○,○,
106910,めじるし,目印,名,W,1,,,○,○,○,
106920,めす,雌・×牝,名,W,1,○,,○,○,○,○
106930,めずらしい,珍しい,形,W,1,◎,,○,○,○,○
106940,めそめそ,,副・ス自,W,1,,,,○,○,
106950,めだか,目高,名,W,1,,,,○,○,
106960,めだつ,目立つ,五自,W,1,○,,○,○,○,○
106970,めだま,目玉,名,W,1,,,,,○,
106980,めだまやき,目玉焼き,名,W,,,,,○,○,
106990,メダル,medal,名,G,2,,,,○,○,
107000,めちゃ,目茶・△滅茶,名・形動,W,2,,,○,,,
107010,めちゃくちゃ,目茶苦茶,名・形動,W,1,○,,,,,○
107020,めちゃめちゃ,目茶目茶・△滅茶△滅茶,名・形動,W,1,,,○,○,○,
107030,めっき,〈×鍍金〉,名,H,2,,,○,,,○
107040,めつき,目付き,名,W,1,○,,,,,
107050,めった,滅多,形動,W,,,,,,,○
107060,めったに,滅多に,副,W,1,○,,○,○,○,
107070,めつぼう,滅亡,名・ス自,K,3,○,,,,,
107080,めでたい,,形,W,1,◎,,○,○,○,○
107090,メトロノーム,〔独〕Metronom,名,G,3,,,,○,○,
107100,メニュー,menu,名,G,3,○,,,○,○,
107110,めまい,目×眩・〈×眩×暈〉,名,W,1,○,,○,○,○,○
107120,メモ,memo,名・ス他,G,2,○,,○,,,
107130,めもり,目盛り,名,W,1,○,,○,○,○,○
107140,メリーゴーラウンド,merry-go-round,名,G,3,,,,○,○,
107150,メリケンこ,米利堅粉,名,H,,,,,,,○
107160,メリヤス,〔西〕medias,名,G,2,,,○,,,○
107170,める,,接尾,W,,,,○,,,
107180,メロディー,melody,名,G,3,○,,,○,○,
107190,メロン,melon,名,G,3,,,,○,○,○
107200,めん,面,名・接尾,K,1,○,,○,○,○,○
107210,めん,綿,名,K,2,◎,,○,○,○,○
107220,めんか,綿花・×棉花,名,K,2,,,○,,,
107230,めんかい,面会,名・ス自,K,2,◎,,○,○,,○
107240,めんきょ,免許,名・ス他,K,3,○,,○,○,,
107250,めんきょしょう,免許証,名,K,2,○,,,○,○,
107260,めんこ,面子,名,H,,,,,○,○,
107270,めんする,面する,サ変自,H,3,○,,,,,
107280,めんぜい,免税,名・ス他,K,3,○,,○,,,○
107290,めんせき,面積,名,K,2,○,,○,,,○
107300,めんどう,面倒,名,K,1,◎,,○,○,○,○
107310,めんどうくさい,面倒臭い,形,H,2,○,,,○,○,
107320,めんどり,△雌鳥,名,W,1,,,,,○,
107330,メンバー,member,名,G,3,○,,○,,,
107340,めんぷ,綿布,名,K,2,,,○,,,
107350,めんぼく,面目,名,K,3,○,,,,,
107360,も,,係助・副助・接助,W,1,,,○,○,○,○
107370,も,藻,名,W,1,,,,○,○,
107380,も,,接頭,W,,,,,○,,
107390,もう,,副,W,1,◎,○,○,○,○,○
107400,もう,猛,接頭,K,,,,○,,,
107410,もういちど,,連語,H,,,,○,,,
107420,もうかる,×儲かる,五自,W,1,○,,,○,○,
107430,もうけ,×儲け,名,W,1,,,○,,○,○
107440,もうける,×儲ける,下一他,W,1,○,,○,,○,○
107450,もうける,設ける,下一他,W,3,○,,○,,,
107460,もうさいけっかん,毛細血管,名,K,,,,○,,,
107470,もうしあげる,申し上げる,下一他,W,1,○,,,,,○
107480,もうじき,,副,W,2,,,○,○,○,
107490,もうしこみ,申し込み,名,W,1,○,,,,,
107500,もうしこむ,申し込む,五他,W,1,○,,○,,,○
107510,もうしでる,申し出る,下一他,W,1,○,,○,,,
107520,もうじゅう,猛獣,名,K,2,,,,○,○,
107530,もうしわけ,申し訳,名,W,1,○,,○,,,
107540,もうしわけない,申し訳無い,形,W,2,○,,,,,
107550,もうす,申す,五他,W,1,◎,,○,○,○,○
107560,もうちょう,盲腸,名,K,3,○,,,,,
107570,もうどうけん,盲導犬,名,K,,,,,○,○,
107580,もうふ,毛布,名,K,1,◎,,○,○,○,○
107590,もうもう,×濛×濛・×朦×朦,トタル,K,1,,,○,,,
107600,もうもう,〔牛の鳴き声〕,副,W,,,,,,○,
107610,もうれつ,猛烈,形動,K,2,○,,,○,○,
107620,もえあがる,燃え上がる,五自,W,1,,,,,○,
107630,もえる,燃える,下一自,W,1,◎,,○,○,○,○
107640,もー,,接頭,W,,,,,○,○,
107650,モーター,motor,名,G,1,○,,,○,○,○
107660,モーターボート,motorboat,名,G,2,,,,○,○,
107670,モール,〔葡〕mogol,名,G,,,,,,○,
107680,もがく,×？く,五自,W,1,○,,○,,○,
107690,もぎとる,×？ぎ取る,五他,W,1,,,,○,○,
107700,もぎる,×？ぎる,五他,W,1,,,,,○,
107710,もく,木,名,K,1,,○,,,,
107720,もぐ,×？ぐ,五他,W,1,,,○,,○,
107730,もくぎょ,木魚,名,K,2,,,,○,○,
107740,もくざい,木材,名,K,2,○,,,,,
107750,もくじ,目次,名,K,1,○,,,,,
107760,もくぞう,木造,名,K,2,,,○,,,
107770,もくたん,木炭,名,K,2,,,○,,,
107780,もくてき,目的,名,K,2,◎,,○,○,○,○
107790,もくてきち,目的地,名,K,2,○,,,,,
107800,もくば,木馬,名,K,1,,,,○,○,
107810,もくひょう,目標,名,K,2,○,,○,○,○,○
107820,もくめ,木目,名,H,2,,,,○,○,
107830,もくもく,,副,W,1,,,,○,○,
107840,もくもく,黙黙,トタル,K,3,,,○,,,
107850,もぐもぐ,,副・ス自,W,1,,,○,○,○,
107860,もくよう,木曜,名,K,1,◎,○,○,○,○,
107870,もくようび,木曜日,名,H,,,,○,,,○
107880,もぐら,〈土竜〉,名,W,1,,,,○,○,
107890,もぐらくん,,名,H,,,,,,○,
107900,もぐり,潜り,名,W,1,,,,,○,
107910,もぐりこむ,潜り込む,五自,W,1,,,,,○,
107920,もぐる,潜る,五自,W,1,○,,○,○,○,○
107930,もくろく,目録,名,K,2,○,,,,,○
107940,もけい,模型,名,K,1,○,,○,○,○,○
107950,モザイク,mosaic,名,G,,,,,○,○,
107960,もし,△若し,副,W,1,◎,,○,○,○,○
107970,もじ,文字,名・接尾,K,1,◎,,○,○,○,○
107980,もしか,△若しか,副,W,1,,,○,,,
107990,もしかしたら,,副,W,2,○,,,,,
108000,もしかすると,,副,W,2,○,,,,,
108010,もしくは,△若しくは,接,W,2,○,,○,,,
108020,もじどおり,文字通り,名,H,3,,,○,,,
108030,もしも,△若しも,副,W,1,○,,,○,○,
108040,もしもし,,感,W,1,◎,,○,○,○,○
108050,もじもじ,,副・ス自,W,1,,,,○,○,
108060,もしや,△若しや,副,W,1,,,,,○,
108070,もじゃもじゃ,,副・形動・ス自,W,2,,,,○,○,
108080,もす,燃す,五他,W,1,,,○,○,○,
108090,もず,〈百舌〉・×鵙,名,W,1,,,,,○,
108100,モスクワ,Moskva,名,G,,,,,○,,
108110,もぞもぞ,,副,W,,,,,○,○,
108120,もたせる,持たせる,下一他,W,,,,,,○,
108130,もたもた,,副,W,,,,,○,○,
108140,もたらす,×齎す,五他,W,3,,,○,,,○
108150,もたれる,×凭れる・×靠れる,下一自,W,1,○,,○,○,○,○
108160,モダン,modern,名・形動,G,3,○,,,,,
108170,もち,×餅,名,W,1,○,,○,○,○,○
108180,もち,持ち,名,W,1,○,,,,○,
108190,もちあげる,持ち上げる,下一他,W,1,,,○,○,○,
108200,もちいる,用いる,上一他,W,2,◎,,○,○,○,○
108210,もちこ,〔餅の意味〕,名,W,,,,,,○,
108220,もちこむ,持ち込む,五他,W,1,○,,○,,,
108230,もちだす,持ち出す,五他,W,1,,,○,,,
108240,もちつき,×餅×搗き,名,W,1,,,,○,○,
108250,もちぬし,持ち主,名,W,1,○,,,○,○,
108260,もちもち,〔木名〕,名,W,,,,,,○,
108270,もちもの,持ち物,名,W,1,○,,○,○,○,○
108280,もちろん,×勿論,副,K,2,◎,,○,○,○,○
108290,もつ,持つ,五自他,W,1,◎,○,○,○,○,○
108300,もつ,〔臓物の略〕,名,K,1,,,,,○,
108310,もっか,目下,名,K,3,○,,,,,
108320,もっきん,木琴,名,K,2,,,,○,○,
108330,もったいない,×勿体ない,形,H,1,○,,○,○,○,○
108340,もったいぶる,×勿体ぶる,五自,H,3,,,,○,○,
108350,もって,△以て,連語,W,3,,,○,,,
108360,もっていく,持って行く,連語,W,2,○,,○,,,○
108370,もってかえる,持って帰る,連語,W,,,,○,,,
108380,もってくる,持って来る,連語,W,2,○,,○,,,○
108390,もっと,,副,W,1,◎,○,○,○,○,○
108400,もっとも,×尤も,形動・接,W,2,◎,,○,○,,○
108410,もっとも,最も,副,W,2,◎,,○,○,○,○
108420,もっともです,,感,W,,,,○,,,
108430,もっぱら,専ら,副,W,2,○,,,,,○
108440,モップ,mop,名,G,,,,,○,○,
108450,もつれる,×縺れる,下一自,W,2,,,,○,○,○
108460,もてなす,持て成す,五他,W,2,○,,○,○,○,○
108470,もてる,,下一自,W,2,○,,,,,
108480,モデル,model,名,G,2,,,,,,○
108490,もと,元・本,名,W,1,◎,,○,○,○,○
108500,もと,下・△許,名,W,2,,,,,,○
108510,もどす,戻す,五他,W,1,○,,○,○,○,○
108520,もとせん,元×栓,名,H,,,,,○,○,
108530,もとづく,基づく,五自,W,3,○,,○,,,○
108540,もとめる,求める,下一他,W,2,◎,,○,○,,○
108550,もともと,元元,副・名,W,2,○,,,,,
108560,もどり,戻り,名,W,1,,,,,○,
108570,もどる,戻る,五自,W,1,◎,,○,○,○,○
108580,もの,,終助,W,1,,,○,,,
108590,もの,物,名,W,1,◎,,○,○,○,○
108600,もの,者,名,W,1,◎,,○,○,○,○
108610,ものおき,物置,名,W,1,○,,,○,○,○
108620,ものおと,物音,名,W,1,○,,,,○,
108630,ものおぼえ,物覚え,名,W,1,,,○,,,
108640,ものか,,連語,W,,,,○,,,
108650,ものがたり,物語,名,W,1,○,,○,○,○,○
108660,ものがたる,物語る,五他,W,1,○,,,,○,
108670,ものごと,物事,名,W,1,○,,○,,,○
108680,ものさし,物差し・物指し,名,W,1,○,,○,○,○,○
108690,ものしり,物知り・物△識り,名,W,1,,,,○,○,
108700,ものずき,物好き,名・形動,W,2,○,,○,,,
108710,ものすごい,物×凄い,形,W,1,○,,○,○,○,
108720,もので,,連語,W,,,,○,,,
108730,ものなら,,連語,W,,,,○,,,
108740,ものの,,連語,W,,,,○,,,
108750,ものほし,物干し,名,W,1,,,,○,○,○
108760,ものまね,物〈真似〉,名,W,1,,,,○,○,
108770,モノレール,monorail,名,G,,,,,○,○,
108780,ものを,,連語,W,,,,○,,,
108790,もはや,△最早,副,W,2,○,,○,,,
108800,もはん,模範,名,K,2,○,,○,,,○
108810,モビール,mobile,名,G,,,,,○,○,
108820,もみ,×籾,名,W,1,,,,,○,
108830,もみ,×樅,名,W,3,,,,,○,
108840,もみじ,《紅葉》,名,W,1,○,,,○,○,○
108850,もむ,×揉む,五他,W,1,○,,○,○,○,○
108860,もめる,×揉める,下一自,W,1,,,○,,○,○
108870,もめん,《木綿》,名,K,2,○,,○,○,,○
108880,もも,桃,名,W,1,○,,○,○,○,○
108890,もも,×股・×腿,名,W,2,○,,○,○,○,
108900,もも,〔人名〕,名,W,,,,,,○,
108910,ももいろ,桃色,名,W,1,,,○,○,○,○
108920,ももたろう,〔人名〕,名,H,,,,,,○,
108930,ももたろうさん,,名,H,,,,,,○,
108940,ももっこ,桃っこ,名,W,,,,,,○,
108950,もや,×靄,名,W,1,,,,,○,○
108960,もやし,×萌やし,名,W,3,,,,○,○,
108970,もやす,燃やす,五他,W,1,○,,○,○,○,○
108980,もよう,模様,名,K,1,◎,,○,○,○,○
108990,もよおし,催し,名,W,2,○,,○,,,○
109000,もよおす,催す,五他,W,2,○,,,,,
109010,もらい,×貰い,名,W,1,,,,,○,
109020,もらう,×貰う,五他,W,1,◎,,○,○,○,○
109030,もらす,漏らす・×洩らす,五他,W,1,○,,○,○,○,
109040,もり,森・×杜,名,W,1,◎,○,○,○,○,○
109050,もり,守り,名,W,1,,,,,○,
109060,もり,盛り,名,W,1,,,,,○,
109070,もり,漏り・×洩り,名,W,1,,,,,○,
109080,もりした,〔固〕,名,W,,,,,,○,
109090,もりじゅう,森中,名,H,,,,,,○,
109100,もりつけ,盛り付け,名,W,,,,,○,○,
109110,もりもり,,副・ス自,W,,,,,○,○,
109120,もりやま,〔固〕,名,W,,,,,,○,
109130,もる,漏る・×洩る,五自,W,1,○,,○,○,○,○
109140,もる,盛る,五他,W,1,○,,,○,○,○
109150,もれる,漏れる・×洩れる,下一自,W,1,◎,,○,○,○,○
109160,もろい,×脆い,形,W,2,○,,○,○,○,○
109170,もん,門,名・接尾,K,1,◎,,○,○,○,○
109180,もん,△物,名・終助,W,,,,,,○,
109190,もんく,文句,名,K,1,○,,○,○,○,
109200,モンゴル,Mongol,名,G,,,,,,○,
109210,もんだい,問題,名,K,1,◎,,○,○,○,○
109220,もんどう,問答,名・ス自,K,3,○,,○,,,
109230,もんばん,門番,名,K,1,,,,,○,
109240,もんぶ,文部,名,K,2,○,,,,,
109250,もんぶしょう,文部省,名,K,,,,○,,,
109260,や,,係助・副助・間助・感・係助,W,1,,,○,○,○,○
109270,や,矢・×箭,名,W,1,○,,○,○,○,○
109280,や,屋・家,名・接尾,W,1,◎,,○,○,○,○
109290,や,夜,名,K,2,○,○,○,,,
109300,や,,感,W,,,,,,○,
109310,やあ,,感,W,1,○,,○,,○,○
109320,やあい,,感,W,1,,,○,,,
109330,やい,,感・終助,W,1,,,○,,○,
109340,やえもん,〔機関車名〕,名,K,,,,,,○,
109350,やえもんきかんしゃ,,名,K,,,,,,○,
109360,やおや,《八百屋》,名,W,1,◎,,○,○,○,○
109370,やがて,×軈て,副,W,1,◎,,○,○,○,○
109380,やかましい,×喧しい,形,W,1,◎,,○,○,○,○
109390,やかん,△薬缶,名,K,1,○,,○,○,○,○
109400,やかん,夜間,名,K,2,○,,,,,
109410,やき,焼き,名,W,1,,,,,○,
109420,やぎ,〈山羊〉・〈野羊〉,名,W,1,,,,○,○,○
109430,やきいも,焼き芋,名,W,1,,,,○,○,
109440,やきいれ,焼き入れ,名,W,,,,○,,,
109450,やきそば,焼き〈×蕎麦〉,名,W,,,,,○,○,
109460,やきつけ,焼き付け,名,W,2,,,○,,,○
109470,やきとり,焼き鳥,名,W,2,,,,○,○,
109480,やきまし,焼き増し,名,W,3,,,○,,,○
109490,やきめし,焼き飯,名,W,3,,,,,,○
109500,やきもき,,副・ス自,W,2,,,,○,○,
109510,やきゅう,野球,名,K,1,◎,○,○,○,○,○
109520,やきん,夜勤,名・ス自,K,3,,,○,,,○
109530,やきん,冶金,名,K,,,,,,,○
109540,やく,×妬く,五他,W,1,,,,,○,
109550,やく,焼く,五他,W,1,◎,,○,○,○,○
109560,やく,役,名,K,1,◎,,○,○,○,○
109570,やく,訳,名,K,2,○,,○,,,
109580,やく,薬,名,K,2,○,,,,,
109590,やく,約,名・副,K,2,◎,,○,○,○,○
109600,やく,葯,名,K,,,,○,,,
109610,やぐ,夜具,名,K,1,○,,,,,
109620,やくざ,,名,W,,,,,,,○
109630,やくざいし,薬剤師,名,K,3,,,,,,○
109640,やくしゃ,役者,名,K,2,○,,,,,
109650,やくしょ,役所,名,K,1,◎,,○,○,,○
109660,やくす,訳す,五他,H,2,○,,○,,,○
109670,やくそく,約束,名・ス他,K,1,◎,,○,○,○,○
109680,やくだつ,役立つ,五自,H,1,○,,,○,○,
109690,やくにたつ,役に立つ,連語,H,,,,○,,,
109700,やくにん,役人,名,K,1,○,,○,○,,
109710,やくば,役場,名,H,1,,,,,,○
109720,やくひん,薬品,名,K,2,○,,,,,
109730,やくめ,役目,名,H,1,○,,○,○,○,
109740,やぐら,矢倉・×櫓,名,W,2,,,,○,○,
109750,やくわり,役割,名,H,2,○,,○,○,○,○
109760,やけ,〈自棄〉,名,W,1,,,,,○,
109770,やけど,〈火傷〉,名,W,1,○,,○,○,○,○
109780,やける,×妬ける,下一自,W,1,,,,,○,
109790,やける,焼ける,下一自,W,1,◎,,○,○,○,○
109800,やこうれっしゃ,夜行列車,名,K,,,,,○,○,
109810,やさい,野菜,名,K,1,◎,○,○,○,○,○
109820,やさしい,易しい,形,W,1,◎,○,○,○,○,○
109830,やさしい,優しい,形,W,1,◎,,○,○,○,○
109840,やし,×椰子,名,K,2,,,,,○,
109850,やしき,屋敷・△邸,名,W,1,○,,○,,○,
109860,やしなう,養う,五他,W,2,◎,,○,○,,○
109870,やじるし,矢印,名,W,2,○,,,○,○,
109880,やしろ,社,名,W,1,,,,,○,
109890,やじろべえ,×弥次△郎△兵△衛,名,H,,,,,○,○,
109900,やしん,野心,名,K,3,○,,,,,
109910,やすい,安い,形,W,1,◎,○,○,○,○,○
109920,やすい,△易い,形,W,1,◎,,○,○,○,○
109930,やすっぽい,安っぽい,形,W,2,○,,,,,
109940,やすとも,〔固〕,名,W,,,,,,○,
109950,やすみ,休み,名,W,1,◎,○,○,○,○,○
109960,やすみじかん,休み時間,名,H,,,,,○,○,
109970,やすむ,休む,五自他,W,1,◎,○,○,○,○,○
109980,やすめる,休める,下一他,W,1,○,,○,,,
109990,やすもの,安物,名,W,2,,,○,,,○
110000,やすり,×鑢,名,W,2,,,○,,,○
110010,やせこける,×痩せこける,下一自,W,2,,,,,○,
110020,やせる,×痩せる・×瘠せる,下一自,W,1,◎,,○,○,○,○
110030,やたい,屋台・屋体,名,H,2,,,,○,○,
110040,やたら,矢×鱈,副,W,2,○,,,○,○,
110050,やちん,家賃,名,H,2,○,,,,,○
110060,やっ,,感,W,1,,,○,,,
110070,やつ,△奴,名・代,W,1,,,○,,○,
110080,やっかい,厄介,名,W,2,○,,○,○,○,○
110090,やっきょく,薬局,名,K,2,○,,○,○,○,○
110100,やっこだこ,△奴×凧,名,W,1,,,,,○,
110110,やっつ,八つ,名,W,1,◎,○,○,○,○,○
110120,やっつける,,下一他,W,1,○,,○,○,○,
110130,やってくる,やって来る,カ変自,W,1,○,,○,,○,○
110140,やっと,,副,W,1,◎,,○,○,○,○
110150,やど,宿,名,W,1,,,○,,○,○
110160,やとい,雇・×傭,名,W,1,,,,,○,
110170,やとう,雇う・×傭う,五他,W,1,◎,,○,○,○,○
110180,やとう,野党,名,K,3,○,,,,,
110190,やどかり,宿借り・〈寄居虫〉,名,W,2,,,,○,○,
110200,やどぬし,宿主,名,W,,,,○,,,
110210,やどや,宿屋,名,W,1,○,,,,,○
110220,やなぎ,柳,名,W,1,,,,○,○,
110230,やぬし,家主,名,W,2,○,,,,,○
110240,やね,屋根,名,W,1,◎,,○,○,○,○
110250,やはり,,副,W,1,◎,,○,○,○,○
110260,やばん,野蛮,名,K,2,○,,,,,
110270,やぶ,×薮,名,W,1,,,,,○,○
110280,やぶく,破く,五他,W,1,,,,○,○,
110290,やぶける,破ける,下一自,W,1,,,,○,○,
110300,やぶる,破る,五他,W,1,◎,,○,○,○,○
110310,やぶれる,破れる,下一自,W,1,◎,,○,○,○,○
110320,やぶれる,敗れる,下一自,W,2,◎,,,○,○,
110330,やま,山,名,W,1,◎,○,○,○,○,○
110340,やまいぬ,山犬,名,W,2,,,,,○,
110350,やまおく,山奥,名,W,1,,,,,○,
110360,やまかじ,山火事,名,H,1,,,,○,○,
110370,やまぐち,山口,名,W,,,,,○,○,
110380,やまごや,山小屋,名,W,1,,,,○,○,
110390,やまざき,山崎,名,W,,,,,○,,
110400,やました,〔固〕,名,W,,,,,,○,
110410,やまだ,山田,名,W,1,,,,○,○,
110420,やまと,《大和》・×倭,名,W,2,,,,○,,
110430,やまねこ,山猫,名,W,,,,,,○,
110440,やまのぼり,山登り,名,W,1,,,,○,○,
110450,やまのぼりにんぎょう,山登り人形,名,H,,,,,,○,
110460,やまびこ,山×彦,名,W,1,,,,○,○,
110470,やまぶき,山吹,名,W,1,,,,,○,
110480,やまみち,山道・山△路,名,W,1,,,,○,○,
110490,やまもと,山本,名,W,,,,,○,,
110500,やまもり,山盛り,名,W,1,,,,○,○,
110510,やまやま,山山,名・副,W,2,,,,,○,
110520,やまんば,山×姥,名,W,,,,,,○,
110530,やみ,×闇,名,W,1,○,,,,○,
110540,やむ,△止む・×已む,五自,W,1,◎,,○,○,○,○
110550,やむ,病む,五自他,W,2,○,,,,,
110560,やむをえず,やむを得ず,連語,W,2,,,,,,○
110570,やめ,△止め・×已め・△罷め,名,W,1,,,,,○,
110580,やめる,△止める・辞める・△罷める・×已める,下一他,W,1,◎,,○,○,○,○
110590,やや,,副,W,2,○,,○,,,○
110600,ややこしい,,形,W,2,,,○,,,
110610,やら,,終助・副助,W,1,,,○,○,○,○
110620,やり,×槍・×鑓,名,W,1,,,,,○,
110630,やりかけ,△遣り掛け,名,W,,,,,○,○,
110640,やりかた,△遣り方,名,W,2,○,,,○,○,
110650,やりがたけ,〔固〕,名,W,,,,,,○,
110660,やりっぱなし,△遣りっ放し,名,W,2,,,,○,○,
110670,やりとり,△遣り取り,名,W,1,,,○,,,
110680,やりなおし,△遣り直し,名,W,1,○,,,,,
110690,やりなおす,△遣り直す,五他,W,1,○,,○,○,○,○
110700,やる,△遣る,五他,W,1,◎,,○,○,○,○
110710,やれやれ,,感,W,1,,,○,,○,
110720,やわらか,柔らか・軟らか,形動,W,1,◎,,○,○,○,
110730,やわらかい,柔らかい・軟らかい,形,W,1,◎,,○,○,○,○
110740,やわらぐ,和らぐ,五自,W,3,,,,,○,
110750,やわらげる,和らげる,下一他,W,1,,,,,○,
110760,ゆ,湯,名,W,1,◎,,○,○,○,○
110770,ゆ,油,名,K,2,○,,,,,
110780,ゆいいつ,唯一,名,K,3,○,,○,,,
110790,ゆう,結う,五他,W,1,,,,○,○,○
110800,ゆう,夕,名,W,2,,,○,,,○
110810,ゆううつ,憂×鬱,名・形動,K,3,,,,,,○
110820,ゆうえき,有益,名・形動,K,2,○,,,,,
110830,ゆうえつ,優越,名・ス自,K,3,,,○,,,
110840,ゆうえんち,遊園地,名,K,1,,,,○,○,
110850,ゆうかい,誘拐,名・ス他,K,3,,,,○,○,
110860,ゆうがい,有害,名,K,2,○,,○,,,○
110870,ゆうがた,夕方,名,W,1,◎,○,○,○,○,○
110880,ユーカリ,←〔羅〕eucalyptus,名,G,,,,○,,,
110890,ゆうかん,夕刊,名,H,1,○,,,,○,
110900,ゆうかん,勇敢,形動,K,2,○,,○,○,○,○
110910,ゆうき,勇気,名,K,1,◎,,○,○,○,○
110920,ゆうぎ,遊戯,名・ス自,K,1,,,,○,○,
110930,ゆうきかごうぶつ,有機化合物,名,K,,,,○,,,
110940,ゆうきぶっしつ,有機物質,名,K,,,,○,,,
110950,ゆうきようぶん,有機養分,名,K,,,,○,,,
110960,ゆうぐれ,夕暮れ,名,W,1,○,,,○,○,
110970,ゆうこう,有効,形動,K,3,○,,○,,,○
110980,ゆうこう,友好,名,K,3,,,○,,,○
110990,ゆうごはん,夕御飯,名,H,1,,,,○,○,
111000,ゆうじ,（人名）,名,K,,,,,,○,
111010,ユーじかん,U字管,名,H,,,,○,,,
111020,ゆうじちゃん,,名,H,,,,,,○,
111030,ゆうしゅう,優秀,名,K,2,○,,○,,,○
111040,ゆうしょう,優勝,名・ス自,K,2,○,,○,○,○,○
111050,ゆうじょう,友情,名,K,2,◎,,○,○,,○
111060,ゆうしょく,夕食,名,H,2,◎,,○,○,○,○
111070,ゆうじん,友人,名,K,2,○,,○,,,○
111080,ゆうずう,融通,名・ス自他,K,3,○,,,,,
111090,ゆうすずみ,夕涼み,名,W,1,,,,○,○,
111100,ゆうする,有する,サ変他,H,3,○,,,,,
111110,ゆうせい,優勢,名,K,3,○,,,,,
111120,ゆうせん,優先,名・ス自,K,3,,,○,,,○
111130,ゆうそう,郵送,名・ス他,K,3,○,,,,,
111140,ゆうだち,夕立,名,W,1,○,,○,○,○,○
111150,ゆうどく,有毒,名,K,2,○,,○,,,
111160,ゆうのう,有能,名,K,3,○,,,,,
111170,ゆうはん,夕飯,名,H,1,○,,○,,○,
111180,ゆうひ,夕日・夕△陽,名,W,1,○,,,,○,
111190,ゆうびん,郵便,名,K,1,◎,,○,○,○,○
111200,ゆうびんきょく,郵便局,名,K,1,◎,○,○,○,○,○
111210,ゆうびんばこ,郵便箱・郵便×函,名,H,1,,,,,○,
111220,ゆうびんばんごう,郵便番号,名,K,,,,○,,,
111230,ゆうびんやさん,郵便屋さん,名,H,,,,,○,○,
111240,ゆうふく,裕福,名・形動,K,3,,,,,,○
111250,ゆうべ,夕べ・△夕,名,W,1,◎,,,○,○,
111260,ゆうべ,〈昨夜〉,名,W,2,,,○,,,○
111270,ゆうぼう,有望,名,K,3,○,,,,,
111280,ユーホー,,名,G,,,,,○,○,
111290,ゆうぼく,遊牧,名・ス自,K,3,,,○,,,
111300,ゆうめい,有名,名,K,2,◎,,○,○,○,○
111310,ユーモア,humour,名,G,3,○,,,○,,
111320,ゆうやけ,夕焼け,名,W,1,○,,,○,○,○
111330,ゆうゆう,悠悠,トタル,K,2,○,,,,,
111340,ゆうよ,猶予,名・ス他,K,3,,,,,,○
111350,ゆうり,有利,形動,K,3,○,,○,,,○
111360,ゆうり,遊離,名・ス自,K,3,,,○,,,
111370,ゆうりょう,有料,名,K,2,○,,○,,,○
111380,ゆうりょうどうろ,有料道路,名,K,,,,,○,○,
111390,ゆうりょく,有力,形動,K,2,○,,○,,,○
111400,ゆうれい,幽霊,名,K,1,,,,○,○,
111410,ゆうわく,誘惑,名・ス他,K,3,○,,,,,
111420,ゆえ,故,名,W,2,,,○,,,
111430,ゆえに,故に,接,W,3,○,,○,,,○
111440,ゆか,床・×牀,名,W,1,◎,,○,○,○,○
111450,ゆかい,愉快,名・形動,K,1,◎,,○,○,○,○
111460,ゆかた,《浴衣》,名,W,1,○,,○,○,○,○
111470,ゆがみ,×歪み,名,W,1,,,,,○,
111480,ゆがむ,×歪む,五自,W,1,○,,○,○,○,○
111490,ゆがめる,×歪める,下一他,W,1,,,,,○,
111500,ゆき,雪,名,W,1,◎,○,○,○,○,○
111510,ゆき,行き・△往き,名,W,2,,,,,,○
111520,ゆきかきぼうき,雪掻き×箒,名,W,,,,,,○,
111530,ゆきこ,〔固〕,名,W,,,,,,○,
111540,ゆきさき,行き先,名,W,,,,○,,,○
111550,ゆきだるま,雪△達磨,名,H,1,,,,○,○,
111560,ゆきちがい,行き違い,名,W,1,,,○,,,
111570,ゆきとどく,行き届く,五自,W,2,,,○,,,
111580,ゆきどまり,行き止まり,名,W,1,,,○,,,
111590,ゆきむすめ,雪娘,名,W,,,,,,○,
111600,ゆきわたる,行き渡る,五自,W,2,,,○,,,
111610,ゆく,行く,五自,W,1,,,,,,○
111620,ゆくえ,《行方》,名,W,2,,,○,,,○
111630,ゆくすえ,行く末,名,W,3,,,○,,,
111640,ゆげ,湯気,名,W,1,○,,○,○,○,○
111650,ゆけつ,輸血,名・ス自,K,3,,,○,,,○
111660,ゆさぶる,揺さぶる,五他,W,2,,,,○,○,
111670,ゆざめ,湯冷め,名,W,2,,,,○,○,
111680,ゆしゅつ,輸出,名・ス他,K,2,◎,,○,○,,○
111690,ゆすぐ,△濯ぐ,五他,W,2,,,○,○,○,○
111700,ゆすぶる,揺すぶる,五他,W,1,,,○,,○,
111710,ゆすり,揺すり,名,W,,,,,,○,
111720,ゆする,揺する,五他,W,1,,,○,○,○,
111730,ゆずる,譲る,五他,W,1,○,,○,○,○,○
111740,ゆそう,輸送,名・ス他,K,2,○,,○,,,○
111750,ゆたか,豊か,形動,W,2,○,,○,○,○,○
111760,ゆだる,×茹だる,五自,W,1,,,,,○,
111770,ゆだん,油断,名・ス自,W,1,○,,○,○,○,○
111780,ゆっくり,,副・ス自,W,1,◎,○,○,○,○,○
111790,ゆったり,,副・ス自,W,1,,,○,○,○,
111800,ゆでる,×茹でる,下一他,W,1,◎,,○,○,○,○
111810,ゆでん,油田,名,K,3,,,○,○,○,
111820,ゆとり,,名,W,3,,,,,,○
111830,ユニホーム,uniform,名,G,3,,,,○,○,
111840,ゆにゅう,輸入,名・ス他,K,2,◎,,○,○,,○
111850,ユネスコ,UNESCO,名,G,2,○,,,,,
111860,ゆのみ,湯飲み・湯×呑み,名,W,1,○,,,,,○
111870,ゆび,指,名,W,1,◎,,○,○,○,○
111880,ゆびきり,指切り,名,W,1,,,,○,○,
111890,ゆびさす,指さす,五他,W,1,○,,○,○,○,
111900,ゆびにんぎょう,指人形,名,H,1,,,,○,○,
111910,ゆびわ,指輪・指△環,名,W,1,◎,,○,○,○,○
111920,ゆみ,弓,名,W,1,○,,,,○,○
111930,ゆみや,弓矢,名,W,1,,,,○,○,
111940,ゆめ,夢,名,W,1,◎,,○,○,○,○
111950,ゆらゆら,,副・ス自,W,1,,,,○,○,
111960,ゆらり,,副,W,1,,,,,○,
111970,ゆり,〈百合〉,名,W,1,,,,○,○,
111980,ゆりかご,揺り×篭,名,W,2,,,,○,○,
111990,ゆるい,緩い,形,W,1,◎,,○,○,○,○
112000,ゆるし,許し,名,W,1,,,,,○,
112010,ゆるす,許す,五他,W,1,◎,,○,○,○,○
112020,ゆるむ,緩む・×弛む,五自,W,1,○,,○,○,○,○
112030,ゆるめる,緩める・×弛める,下一他,W,1,○,,○,○,○,○
112040,ゆるやか,緩やか,形動,W,1,,,○,○,○,
112050,ゆるゆる,,副,W,2,,,○,,,
112060,ゆれる,揺れる,下一自,W,1,◎,,○,○,○,○
112070,ゆわえる,結わえる,下一他,W,1,,,,,○,
112080,ゆわかしき,湯沸かし器,名,H,,,,,○,○,
112090,よ,,間助,W,1,,,○,○,○,○
112100,よ,夜,名,W,1,○,○,○,○,○,○
112110,よ,世・代,名,W,1,,,○,,○,○
112120,よ,余,名,K,2,,,○,,,
112130,よ,予・余,代,K,3,,,○,,,
112140,よ,四,名,W,,,,○,,,
112150,よあけ,夜明け,名,W,1,○,,○,○,○,○
112160,よい,良い・善い・△好い,形,W,1,,,,,,○
112170,よい,酔い,名,W,1,,,,,○,
112180,よいし,,感,W,,,,,,○,
112190,よいしょ,,感・名・ス他,W,1,,,○,○,○,
112200,よう,酔う,五自,W,1,◎,,○,○,○,○
112210,よう,用,名,K,1,◎,,○,○,○,○
112220,よう,曜,名,K,1,,,,,○,
112230,よう,様,名・形動,K,1,◎,,○,○,○,○
112240,よう,,助動,W,,,,○,,,○
112250,よう,洋,名,K,,,,○,,,○
112260,よう,陽,名,K,,,,○,,,
112270,ようい,用意,名・ス自他,K,1,◎,,○,○,○,○
112280,ようい,容易,形動,K,2,○,,○,,,○
112290,よういさよういさ,,感,W,,,,,,○,
112300,ようえき,溶液,名,K,3,,,○,,,
112310,ようか,八日,名,W,1,◎,○,○,○,○,○
112320,ようが,洋画,名,K,2,○,,,,,
112330,ようかいど,溶解度,名,K,,,,○,,,
112340,ようかん,羊×羹,名,K,1,,,,,○,
112350,ようき,陽気,形動・名,K,2,○,,○,○,○,○
112360,ようき,容器,名,K,3,○,,○,,,○
112370,ようきゅう,要求,名・ス他,K,2,◎,,○,○,,○
112380,ようきょく,陽極,名,K,3,,,○,,,
112390,ようぐ,用具,名,K,2,,,○,,,○
112400,ようけい,養鶏,名,K,3,,,○,,,
112410,ようけん,用件,名,K,2,○,,,,,
112420,ようこ,〔固〕,名,H,,,,,,○,
112430,ようご,用語,名,K,3,○,,○,,,○
112440,ようさい,洋裁,名,K,2,○,,○,,,○
112450,ようし,要旨,名,K,3,○,,,,,
112460,ようし,陽子,名,K,,,,○,,,
112470,ようじ,用事,名,K,1,◎,,○,○,○,○
112480,ようじ,幼児,名,K,2,○,,,,,
112490,ようじ,×楊枝・×楊子,名,K,2,,,,○,○,
112500,ようしき,様式,名,K,3,,,○,,,
112510,ようしつ,洋室,名,K,2,○,,,,,
112520,ようしょく,洋食,名,K,2,○,,○,,,
112530,ようじん,用心・要心,名・ス自,K,1,◎,,○,○,○,○
112540,ようす,様子・容子,名,K,1,◎,,○,○,○,○
112550,ようする,要する,サ変他,H,2,,,○,,,
112560,ようするに,要するに,副,H,3,○,,○,,,○
112570,ようせい,養成,名・ス他,K,2,○,,,,,
112580,ようそ,要素,名,K,3,○,,○,,,○
112590,ようそ,×沃素,名,K,,,,○,,,
112600,ようだ,,助動,H,1,,,,○,,○
112610,ようたし,用足し・用△達,名,H,1,,,○,,,
112620,ようち,幼稚,名,K,2,○,,○,,,○
112630,ようちえん,幼稚園,名,K,1,◎,○,○,○,○,○
112640,ようちゅう,幼虫,名,K,2,,,,,○,
112650,ようてん,要点,名,K,2,○,,○,,,○
112660,ようと,用途,名,K,2,○,,○,,,○
112670,ようび,曜日,名,H,1,○,,,,,
112680,ようひんてん,洋品店,名,K,,,,,○,○,
112690,ようふう,洋風,名,K,2,○,,,,,
112700,ようふく,洋服,名,K,1,◎,○,○,○,○,○
112710,ようふくや,洋服屋,名,H,,,,○,,,
112720,ようぶん,養分,名,K,2,,,○,,,○
112730,ようぼう,要望,名・ス他,K,3,○,,,,,
112740,ようもう,羊毛,名,K,2,○,,○,,,○
112750,ようもうこうぎょう,羊毛工業,名,K,,,,○,,,
112760,ようやく,△漸く,副,W,1,◎,,○,○,○,○
112770,ようよう,△漸う,副,W,1,,,○,,,
112780,ようりょう,要領,名,K,3,○,,○,,,○
112790,ようりょう,容量,名,K,3,,,○,,,○
112800,ようりょくたい,葉緑体,名,K,,,,○,,,
112810,ヨーグルト,〔独〕Yoghurt,名,G,3,,,,○,○,
112820,ヨーヨー,yo-yo,名,G,,,,,○,○,
112830,ヨーロッパ,〔葡〕Europa,名,G,2,○,,○,○,,
112840,ヨーロッパじん,ヨーロッパ人,名,H,,,,○,,,
112850,よか,余暇,名,K,3,○,,,,,
112860,よかぜ,夜風,名,W,1,,,,○,○,
112870,よかったら,,連語,W,,,,○,,,
112880,よき,予期,名・ス他,K,3,○,,,,,
112890,よきん,預金,名・ス自他,K,2,○,,,,,
112900,よく,,副,W,1,◎,○,○,○,○,○
112910,よく,欲,名,K,1,◎,,○,○,○,○
112920,よく,翌,名,K,2,○,,○,,,○
112930,よくあさ,翌朝,名,H,2,○,,,,,
112940,よくしつ,浴室,名,K,3,○,,,,,
112950,よくじつ,翌日,名,K,2,○,,,,,
112960,よくせい,抑制,名・ス他,K,3,,,○,,,
112970,よくねん,翌年,名,K,2,○,,,,,
112980,よくばり,欲張り,名,H,1,○,,○,○,○,○
112990,よくばる,欲張る,五自,H,1,,,,○,○,
113000,よくぶか,欲深,名,H,2,○,,,,,
113010,よくぶかい,欲深い,形,H,2,○,,,,,
113020,よくぼう,欲望,名,K,3,○,,,,,
113030,よけい,余計,副・形動,K,1,○,,○,○,○,○
113040,よける,△避ける,下一他,W,1,◎,,○,○,○,○
113050,よこ,横,名,W,1,◎,○,○,○,○,○
113060,よこがお,横顔,名,W,1,○,,,,,
113070,よこがき,横書き,名,W,2,○,,,,,
113080,よこぎる,横切る,五自,W,1,○,,○,○,○,○
113090,よこす,△寄越す,五他,W,1,○,,○,,○,
113100,よごす,汚す,五他,W,1,◎,,○,○,○,○
113110,よこたわる,横たわる,五自,W,2,,,,,,○
113120,よこづな,横綱,名,W,2,,,,○,○,
113130,よこどり,横取り,名,W,1,,,,○,○,
113140,よこはま,横浜,名,W,,,,,○,,
113150,よこむき,横向き,名,W,1,,,,○,○,
113160,よごれ,汚れ,名,W,1,○,,,,,
113170,よごれる,汚れる,下一自,W,1,◎,,○,○,○,○
113180,よさん,予算,名,K,2,◎,,○,○,,○
113190,よし,,感,W,1,○,,○,,○,
113200,よしあし,善し△悪し,名,W,1,○,,,,,
113210,よしお,〔固〕,名,W,,,,,,○,
113220,よしきた,よし来た,感,W,1,,,,,○,
113230,よしきり,〔鳥名〕,名,W,,,,,,○,
113240,よしこ,〔固〕,名,W,,,,,,○,
113250,よしだ,△吉田,名,W,,,,,○,○,
113260,よじのぼる,×攀じ登る,五自,W,2,,,,,○,
113270,よしゅう,予習,名・ス他,K,2,○,,○,○,○,○
113280,よしよし,,感,W,1,,,,,○,
113290,よじる,×捩る,五他,W,2,,,,,,○
113300,よじれる,×捩れる,下一自,W,2,,,○,,,○
113310,よす,△止す,五他,W,1,○,,○,○,○,○
113320,よせあつめる,寄せ集める,下一他,W,1,,,○,,,
113330,よせる,寄せる,下一自他,W,1,○,,○,○,○,○
113340,よそ,余△所・〈他所〉,名,W,1,◎,,○,○,○,○
113350,よそう,予想,名・ス自他,K,2,◎,,○,○,○,○
113360,よそう,△装う,五他,W,,,,,○,○,
113370,よそみ,余△所見,名,W,1,,,,○,○,
113380,よそる,,五他,W,,,,,,○,
113390,よたよた,,副・ス自,W,2,,,,,○,
113400,よだれ,×涎,名,W,1,,,,○,○,
113410,よち,余地,名,K,3,○,,,,,
113420,よちよち,,副・ス自,W,1,,,○,○,○,
113430,よっか,四日,名,W,1,◎,○,○,○,○,○
113440,よつかど,四つ角,名,W,1,○,,○,,,○
113450,よっきゅう,欲求,名・ス他,K,3,,,○,,,
113460,よっちゃん,〔人名〕,名,W,,,,,,○,
113470,よっつ,四つ,名,W,1,◎,○,○,○,○,○
113480,よつつじ,四つ×辻,名,W,2,,,,,,○
113490,よって,△依って・因って,連語,W,3,,,,,,○
113500,ヨット,yacht,名,G,1,,,,○,○,
113510,よっぱらい,酔っ払い,名,W,1,,,○,○,○,○
113520,よつゆ,夜露,名,W,1,,,,,○,
113530,よてい,予定,名・ス他,K,2,◎,,○,○,○,
113540,よとう,与党,名,K,3,○,,,,,
113550,よなか,夜中,名,W,1,◎,,○,○,○,○
113560,よねんせい,四年生,名,H,,,,○,,,
113570,よのなか,世の中,名,W,1,○,,○,○,○,○
113580,よび,予備,名,K,3,,,○,,,○
113590,よびあつめる,呼び集める,下一他,W,1,,,,,○,
113600,よびかける,呼び掛ける,下一他,W,1,○,,○,,○,
113610,よびすて,呼び捨て,名,W,1,,,○,,,
113620,よびだす,呼び出す,五他,W,1,○,,○,,,○
113630,よぶ,呼ぶ,五他,W,1,◎,,○,○,○,○
113640,よふかし,夜更かし,名,W,1,,,○,○,○,
113650,よぶん,余分,名,K,2,○,,○,,,○
113660,よほう,予報,名・ス他,K,2,,,○,,,○
113670,よぼう,予防,名・ス他,K,2,◎,,○,○,,○
113680,よぼうちゅうしゃ,予防注射,名,K,1,,,,○,○,
113690,よほど,余程,副,W,1,○,,○,,○,○
113700,よみ,読み,名,W,1,○,,,,○,
113710,よみかえす,読み返す,五他,W,2,,,,,○,
113720,よみがえる,×蘇る・×甦る,五自,W,2,○,,,,,
113730,よみかき,読み書き,名,W,1,○,,,,,
113740,よみかた,読み方,名,W,1,○,,○,,○,
113750,よみせ,夜店・夜見世,名,W,1,,,,○,○,
113760,よみなおす,読み直す,五他,W,,,,,,○,
113770,よむ,読む,五他,W,1,◎,○,○,○,○,○
113780,よめ,嫁,名,W,1,○,,○,,○,○
113790,よめいり,嫁入り,名,W,1,,,,,○,
113800,よめいる,嫁入る,五自,W,1,,,,,○,
113810,よめる,読める,下一自,W,1,,,,○,○,
113820,よやく,予約,名・ス他,K,2,○,,○,,,○
113830,よゆう,余裕,名,K,3,○,,○,,,○
113840,より,,格助・副,W,1,○,,○,○,○,○
113850,より,寄り,接尾,W,,,,○,,,
113860,よりかかる,寄り掛かる,五自,W,1,○,,○,○,○,
113870,よりみち,寄り道,名・ス自,W,1,,,○,○,○,
113880,よりわける,△選り分ける,下一他,W,1,,,○,,,○
113890,よる,因る・△縁る・△由る・△依る・△拠る,五自,W,1,◎,,○,○,○,○
113900,よる,寄る,五自,W,1,◎,,○,○,○,○
113910,よる,△選る,五他,W,1,,,○,,,
113920,よる,夜,名,W,1,◎,○,○,○,○,○
113930,よると,,連語,W,,,,,,,○
113940,よれば,,連語,W,,,,,,,○
113950,よれよれ,,形動,W,,,,,○,○,
113960,よろい,×鎧,名,W,1,,,,○,○,
113970,よろける,,下一自,W,1,,,○,○,○,
113980,よろこばす,喜ばす・△悦ばす,五他,W,1,,,,,○,
113990,よろこび,喜び・△悦び・△慶び,名,W,1,○,,○,○,○,○
114000,よろこぶ,喜ぶ・△悦ぶ,五他,W,1,◎,,○,○,○,○
114010,よろしい,△宜しい,形,W,1,◎,,○,○,○,○
114020,よろしいですか,,感,W,,,,○,,,
114030,よろしく,△宜しく,副,W,1,○,,○,○,○,○
114040,よろしくおつたえください,,感,W,,,,○,,,
114050,よろん,×與論,名,K,3,○,,○,,,
114060,よわい,弱い,形,W,1,◎,○,○,○,○,○
114070,よわまる,弱まる,五自,W,,,,,,,○
114080,よわむし,弱虫,名,W,1,,,,,○,
114090,よわめる,弱める,下一他,W,1,○,,○,,○,○
114100,よわる,弱る,五自,W,1,○,,○,,○,○
114110,よん,四,名,W,2,○,○,○,○,○,○
114120,よんじゅう,四十,名,H,,,○,○,,,
114130,ら,△等,接尾,W,1,○,,○,,○,○
114140,ラーメン,〔中〕△老×麺,名,G,1,,,○,○,○,○
114150,らい,来,接頭・接尾,K,2,○,,,,,○
114160,らい,来,接頭,K,,,,○,,,
114170,らいう,雷雨,名,K,2,,,,○,○,
114180,ライオン,lion,名,G,1,,,,○,○,○
114190,らいげつ,来月,名,K,1,◎,,○,○,○,○
114200,らいしゅう,来週,名,K,1,◎,○,○,○,○,○
114210,ライスカレー,〔和〕rice curry,名,G,1,,,,,○,
114220,ライター,lighter,名,G,3,,,○,○,○,○
114230,ライト,light,名,G,3,,,,○,○,
114240,らいにち,来日,名・ス自,K,2,○,,,,,
114250,らいねん,来年,名,K,1,◎,○,○,○,○,○
114260,らく,楽,名・形動,K,1,◎,,○,○,○,○
114270,らくがき,落書き,名,H,1,,,,○,○,
114280,らくご,落語,名,K,2,○,,,○,○,○
114290,らくだ,×駱×駝,名,K,1,,,,○,○,○
114300,らくだい,落第,名・ス自,K,2,○,,,,,○
114310,らくちん,,形動,H,,,,,,○,
114320,らくのう,酪農,名,K,3,,,○,,,
114330,ラケット,racket,名,G,2,○,,,○,○,
114340,らしい,,助動,W,1,◎,,○,○,○,○
114350,ラジオ,radio,名,G,1,◎,○,○,○,○,○
114360,ラジカセ,,名,G,,,,,○,○,
114370,らせんかいだん,×螺旋階段,名,K,,,,,○,○,
114380,ラチ,〔人名〕,名,G,,,,,,○,
114390,らっか,落下,名・ス自,K,3,,,○,,,
114400,らっかさん,落下傘,名,K,2,,,,,○,
114410,ラック,〔鴨名〕,名,G,,,,,,○,
114420,ラッシュ,rush,名,G,,,,,○,○,
114430,ラッシュアワー,rush hour,名,G,3,○,,,,,
114440,らっぱ,×喇×叭,名,K,1,,,,○,○,
114450,ラップ,wrap,名・ス他,G,,,,,○,○,
114460,ラムネ,←lemonade,名,G,1,,,,○,○,
114470,ららら,,副,W,,,,,,○,
114480,らららんろろろん,,副,W,,,,,,○,
114490,られる,,助動,W,1,,,○,○,○,○
114500,らん,欄,名,K,1,○,,,,,
114510,らん,卵,名,K,,,,○,,,
114520,らんかつ,卵割,名,K,,,,○,,,
114530,ランチ,lunch,名,G,3,○,,,,,
114540,ランドセル,←〔蘭〕ransel,名,G,1,,,,○,○,
114550,ランナー,runner,名,G,3,,,,○,○,
114560,ランプ,lamp,名,G,1,,,○,○,○,○
114570,らんぼう,乱暴,名・ス自・形動,K,1,◎,,○,○,○,○
114580,らんよう,濫用・乱用,名・ス他,K,3,,,○,,,
114590,り,人,接尾,W,1,○,,,,○,
114600,リーダー,leader,名,G,3,,,,○,○,
114610,りえき,利益,名,K,2,◎,,○,○,,○
114620,りか,理科,名,K,1,○,,○,○,○,
114630,りかい,理解,名・ス他,K,2,◎,,○,○,○,○
114640,りかしつ,理科室,名,K,,,,,○,○,
114650,りきがくてき,力学的,形動,K,,,,○,,,
114660,りきし,力士,名,K,2,,,,,,○
114670,りきせん,力線,名,K,,,,○,,,
114680,りく,陸,名,K,1,◎,,○,○,○,○
114690,りくぐん,陸軍,名,K,2,○,,○,,,
114700,りくじょう,陸上,名,K,2,○,,○,,,
114710,りくつ,理屈・理×窟,名,K,2,○,,○,○,,○
114720,りこう,利口,名・形動,K,1,◎,,○,○,○,○
114730,リコーダー,recorder,名,G,,,,,○,○,
114740,りこん,離婚,名・ス自他,K,3,○,,,,,
114750,りし,利子,名,K,2,○,,○,,,○
114760,りじゅん,利潤,名,K,3,,,○,,,
114770,りす,〈×栗×鼠〉,名,K,1,,,,○,○,
114780,リズム,rhythm,名,G,2,○,,,○,○,
114790,りせい,理性,名,K,3,,,○,,,○
114800,りせいてき,理性的,形動,K,,,,○,,,
114810,リゼッテおばあちゃん,,名,H,,,,,,○,
114820,リゼットおばあさん,,名,H,,,,,,○,
114830,りそう,理想,名,K,2,◎,,○,○,,○
114840,りそうてき,理想的,形動,K,,,,○,,,
114850,りそく,利息,名,K,2,◎,,○,○,,
114860,りつ,率,名,K,2,○,,○,,,○
114870,りっきゃく,立脚,名・ス自,K,3,,,○,,,
114880,りっきょう,陸橋,名,K,,,,,○,○,
114890,りったい,立体,名,K,3,,,○,,,○
114900,りったいこうさ,立体交差,名,K,,,,,○,○,
114910,りっちゃん,,名,H,,,,,,○,
114920,リットル,〔仏〕litre,名,G,2,○,,○,○,,○
114930,りっぱ,立派,形動,K,1,◎,,○,○,○,○
114940,りっぽう,立方,名,K,2,,,○,,,○
114950,りはつ,理髪,名・ス自,K,3,,,,,,○
114960,リボン,ribbon,名,G,1,,,○,○,○,
114970,リモコン,←remote control,名,G,,,,,○,○,
114980,リヤカー,〔和〕rear　car,名,G,1,,,,○,○,
114990,りゃく,略,名,K,2,,,○,,,○
115000,りゃくご,略語,名,K,3,○,,,,,
115010,りゃくす,略す,五他,H,2,○,,,,,
115020,りゅう,竜,名,K,1,,,,,○,○
115030,りゅう,流,名,K,3,○,,○,,,○
115040,りゆう,理由,名,K,2,◎,,○,○,○,○
115050,りゅうがく,留学,名・ス自,K,2,◎,,○,○,,○
115060,りゅうがくせい,留学生,名,K,2,○,,○,,,
115070,りゅうかん,流感,名,K,3,,,○,,,○
115080,りゅうきゅう,×琉球,名,K,2,,,○,,,
115090,りゅうぐう,竜宮,名,K,1,,,,,○,
115100,りゅうこう,流行,名・ス自,K,2,◎,,○,○,○,○
115110,りゅうさん,硫酸,名,K,2,,,○,,,
115120,りゅうせい,流星,名,K,2,,,,○,○,
115130,りゅうたい,流体,名,K,,,,○,,,
115140,りゅうねん,留年,名・ス自,K,,,,,,,○
115150,リュックサック,〔独〕Rucksack,名,G,1,,,,○,○,
115160,りょう,猟,名,K,1,○,,,○,○,
115170,りょう,漁,名,K,1,○,,,○,○,
115180,りょう,両,名・接尾,K,1,○,,○,○,○,
115190,りょう,量,名,K,2,◎,,○,○,○,○
115200,りょう,料,名,K,3,○,,○,,,○
115210,りょう,寮,名,K,3,◎,,○,○,,○
115220,りよう,利用,名・ス他,K,2,◎,,○,○,○,○
115230,りょうあし,両足,名,H,1,○,,,,,
115240,りょうかい,了解・×諒解・領解・領会,名・ス他,K,3,○,,○,,,○
115250,りょうがえ,両替,名,H,3,○,,○,,,○
115260,りょうがわ,両側,名,H,1,○,,○,○,○,
115270,りょうきん,料金,名,K,2,◎,,○,○,,○
115280,りょうこう,良好,名,K,2,○,,,,,
115290,りょうさん,量産,名,K,,,,○,,,
115300,りょうし,漁師,名,K,1,○,,○,○,○,○
115310,りょうじ,領事,名,K,3,,,,○,,
115320,りょうじかん,領事館,名,K,2,○,,○,,,○
115330,りょうしゃ,両者,名,K,3,○,,○,,,
115340,りょうしゅ,領主,名,K,3,,,○,,,
115350,りょうしゅうしょ,領収書,名,K,,,,○,,,○
115360,りょうしん,両親,名,K,1,◎,,○,○,○,○
115370,りょうしん,良心,名,K,2,◎,,○,○,,○
115380,りょうて,両手,名,H,1,○,,,○,○,
115390,りょうど,領土,名,K,2,○,,○,,,
115400,りょうはし,両端,名,H,1,○,,,,,
115410,りょうほう,両方,名,K,1,◎,,○,○,○,○
115420,りょうほうとも,両方とも,連語,H,,,,○,,,
115430,りょうり,料理,名・ス他,K,1,◎,,○,○,○,○
115440,りょうりばん,料理番,名,K,,,,,,○,
115450,りょかく,旅客,名,K,2,○,,,,,
115460,りょかくき,旅客機,名,K,2,○,,,,,
115470,りょかん,旅館,名,K,2,◎,,○,○,○,
115480,りょく,力,名,K,2,○,,○,,,○
115490,りょくしょくしょくぶつ,緑色植物,名,K,,,,○,,,
115500,りょくちゃ,緑茶,名,K,2,,,○,,,
115510,りょけん,旅券,名,K,3,,,○,○,,○
115520,りょこう,旅行,名・ス自,K,1,◎,,○,○,○,○
115530,りょこうしゃ,旅行社,名,K,,,,○,,,
115540,りょひ,旅費,名,K,2,○,,○,,,○
115550,りりーん,,副,W,,,,,,○,
115560,りりりーん,,副,W,,,,,,○,
115570,リレー,relay,名,G,1,,,,○,○,
115580,りれき,履歴,名,K,3,○,,,,,
115590,りれきしょ,履歴書,名,K,2,○,,○,,,○
115600,りろん,理論,名,K,3,◎,,○,○,,○
115610,りん,鈴,名,K,1,,,,,○,
115620,りん,輪,接尾,K,3,,,,○,○,
115630,リング,ring,名,G,2,,,,○,○,
115640,りんご,林×檎・〈×苹果〉,名,K,1,◎,○,○,○,○,○
115650,りんさん,林産,名,K,2,,,○,,,
115660,りんさん,燐酸,名,K,,,,○,,,
115670,りんじ,臨時,名,K,2,○,,○,,,○
115680,リンパ,〔蘭〕lympha,名,G,,,,○,,,
115690,リンパかん,リンパ管,名,H,,,,○,,,
115700,リンパせん,リンパ×腺,名,H,3,,,○,,,
115710,りんりん,×凛×凛,トタル,K,1,,,○,,,
115720,るい,類,名,K,2,,,○,,,○
115730,るいじ,類似,名・ス自,K,3,○,,,,,
115740,ルート,route,名,G,3,,,○,,,○
115750,ルール,rule,名,G,3,,,○,○,○,○
115760,るす,留守,名,K,1,◎,,○,○,○,○
115770,るすばん,留守番,名,K,1,○,,,○,○,
115780,ルリ,〔人名〕,名,G,,,,,,○,
115790,ルルちゃん,,名,H,,,,,,○,
115800,れい,礼,名,K,1,◎,,○,○,○,○
115810,れい,零,名,K,1,◎,,○,○,○,○
115820,れい,例,名,K,2,◎,,○,○,,○
115830,れいがい,例外,名,K,2,◎,,○,○,,○
115840,れいぎ,礼儀,名,K,2,◎,,○,○,○,○
115850,れいきゃく,冷却,名・ス自他,K,3,,,○,,,○
115860,れいこく,冷酷,名・形動,K,3,○,,,,,
115870,れいさいけいえい,零細経営,名,K,,,,○,,,
115880,れいせい,冷静,名・形動,K,3,○,,,,,○
115890,れいぞう,冷蔵,名・ス他,K,2,○,,,,,
115900,れいぞうこ,冷蔵庫,名,K,1,○,,○,○,○,○
115910,れいたん,冷淡,名・形動,K,3,○,,,,,
115920,れいとう,冷凍,名・ス他,K,2,○,,,,,
115930,れいとうしょくひん,冷凍食品,名,K,,,,,○,○,
115940,れいぶん,例文,名,K,3,○,,,,,
115950,れいぼう,冷房,名,K,3,○,,○,○,○,○
115960,レーザー,laser,名,G,,,,,○,○,
115970,レース,race,名,G,2,,,○,○,○,
115980,レース,lace,名,G,3,,,○,○,○,○
115990,レーダー,radar,名,G,3,,,,○,○,
116000,レール,rail,名,G,1,,,,,○,○
116010,レールバス,rail bus,名,G,,,,,,○,
116020,レーンコート,raincoat,名,G,2,○,,○,○,○,
116030,れき,歴,名,K,2,○,,,,,
116040,れきし,歴史,名,K,2,◎,,○,○,,○
116050,れきしてき,歴史的,形動,K,2,○,,,,,
116060,レクリエーション,recreation,名,G,3,○,,,,,
116070,レコード,record,名,G,1,○,,○,○,○,○
116080,レコードプレーヤー,record player,名,G,,,,○,,,
116090,レジスター,register,名,G,,,,,○,○,
116100,レストラン,〔仏〕restaurant,名,G,3,○,,○,○,○,○
116110,レタス,lettuce,名,G,,,,,,,○
116120,れつ,列,名・接尾,K,1,◎,,○,○,○,○
116130,れっしゃ,列車,名,K,1,○,,○,,,○
116140,れっする,列する,サ変自他,H,3,,,,,○,
116150,レッテル,〔蘭〕letter,名,G,2,,,○,,,○
116160,れっとう,列島,名,K,2,○,,,,,
116170,れば,,接助,W,,,,○,,,○
116180,レベル,level,名,G,3,,,,,,○
116190,レポート,report,名,G,3,○,,○,,,○
116200,レモネード,lemonade,名,G,,,,○,,,
116210,レモン,lemon,名,G,2,○,,○,○,○,
116220,れる,,助動,W,1,,,○,○,○,○
116230,れんあい,恋愛,名・ス自,K,3,◎,,○,○,,○
116240,れんが,×煉×瓦,名,K,1,○,,○,○,○,○
116250,れんげ,×蓮華,名,K,1,,,,,○,
116260,れんげそう,×蓮華草・〈紫雲英〉,名,K,1,,,,○,○,
116270,れんけつき,連結器,名,K,,,,,○,○,
116280,れんごう,連合・×聯合,名・ス自他,K,2,○,,○,,,
116290,レンジ,range,名,G,,,,,,,○
116300,れんじつ,連日,名,K,3,○,,,,,
116310,れんしゅう,練習,名・ス他,K,1,◎,○,○,○,○,○
116320,レンズ,lens,名,G,2,○,,,○,○,○
116330,れんそう,連想・×聯想,名・ス他,K,3,○,,,,,
116340,れんぞく,連続,名・ス自他,K,3,○,,○,○,,○
116350,れんたいし,連体詞,名,K,2,○,,,○,,
116360,レントゲン,〔独〕Ro¨ntgen,名,G,2,,,○,○,○,○
116370,レントゲンけんさ,レントゲン検査,名,H,2,,,,○,○,
116380,れんぽう,連邦・×聯邦,名,K,3,○,,,,,
116390,れんらく,連絡・×聯絡,名・ス自他,K,2,◎,,○,○,○,○
116400,ろ,,間助,W,1,,,,,○,
116410,ろ,炉,名,K,1,,,,,○,
116420,ろ,×櫓,名,K,1,,,,,○,
116430,ろう,×蝋,名,K,1,,,○,,○,
116440,ろう,×聾,名,K,3,,,,,○,
116450,ろうか,廊下,名,K,1,◎,,○,○,○,○
116460,ろうくみ,労組,名,H,,,,○,,,
116470,ろうし,労資,名,K,3,,,○,,,
116480,ろうじん,老人,名,K,1,◎,,○,○,,○
116490,ろうせき,×蝋石,名,K,,,,,○,○,
116500,ろうそく,×蝋×燭,名,K,1,○,,○,○,○,○
116510,ろうどう,労働,名・ス自,K,2,◎,,○,○,,○
116520,ろうどうくみあい,労働組合,名,H,,,,○,,,
116530,ろうどうしゃ,労働者,名,K,2,○,,○,,,
116540,ろうどうじょうけん,労働条件,名,K,,,,○,,,
116550,ろうどうりょく,労働力,名,K,,,,○,,,
116560,ろうにん,浪人,名・ス自,K,3,,,,,,○
116570,ろうはいぶつ,老廃物,名,K,,,,○,,,
116580,ろうひ,浪費,名・ス他,K,3,○,,,,,
116590,ろうや,×牢屋,名,H,1,,,,○,○,
116600,ろうりょく,労力,名,K,2,○,,○,,,
116610,ロープ,rope,名,G,3,,,,○,○,
116620,ロープウェイ,ropeway,名,G,,,,,○,○,
116630,ローマ,〔伊〕Roma,名,G,,,,,○,,
116640,ローマじ,ローマ字,名,H,2,◎,,○,○,,○
116650,ローラー,roller,名,G,2,,,,○,○,
116660,ローラーくん,〔自動車名〕,名,H,,,,,,○,
116670,ろく,六,名,K,1,◎,○,○,○,○,○
116680,ろく,×碌,名,K,2,○,,,,,
116690,ろくおん,録音,名・ス他,K,2,◎,,○,○,○,○
116700,ろくおんテープ,録音テープ,名,H,2,○,,,,,
116710,ろくがつ,六月,名,K,2,,,○,,,
116720,ろくじゅう,六十,名,K,,,○,○,,,
116730,ろくな,,連体,H,,,,,○,○,
116740,ろくに,,副,H,2,○,,,○,○,
116750,ろくねんせい,六年生,名,K,,,,○,,,
116760,ろくべえ,〔犬名〕,名,K,,,,,,○,
116770,ロケット,rocket,名,G,3,,,,○,○,
116780,ろこつ,露骨,名・形動,K,3,○,,,,,
116790,ろじ,路地,名,K,3,,,,○,○,
116800,ろじ,露地,名,K,3,,,,,,○
116810,ロシア,〔露〕Rossiya,名,G,2,,,,○,,
116820,ロシアご,ロシア語,名,H,2,○,,,,,
116830,ロシアじん,ロシア人,名,H,2,○,,,,,
116840,ろしゅつ,露出,名・ス自他,K,3,,,○,,,
116850,ロッカー,locker,名,G,3,,,,○,○,○
116860,ろば,×驢馬,名,K,1,,,,○,○,
116870,ロビー,lobby,名,G,3,,,○,,,○
116880,ロボット,robot,名,G,3,,,,○,○,
116890,ろん,論,名,K,2,○,,○,,,
116900,ろんずる,論ずる,サ変他,H,2,○,,,,,
116910,ロンドン,London,名,G,,,,,○,,
116920,ろんぶん,論文,名,K,2,◎,,○,○,,○
116930,ろんり,論理,名,K,3,○,,,○,,○
116940,ろんりてき,論理的,形動,K,3,○,,,,,
116950,わ,,終助,W,1,,,○,○,,
116960,わ,羽,接尾,W,1,,,○,,,○
116970,わ,輪・△環,名,W,1,○,,○,○,○,○
116980,わ,把,接尾,K,2,,,○,,,
116990,わあ,,感,W,1,,,○,○,○,
117000,わあい,,感,W,,,,,,○,
117010,わあっ,,感,W,,,,,,○,
117020,ワープロ,←word processor,名,G,,,,,,,○
117030,わあわあ,,副,W,1,,,,,○,
117040,ワイシャツ,←white shirt,名,G,2,◎,,○,○,○,○
117050,わいわい,,副,W,1,,,○,○,○,
117060,ワイン,wine,名,G,3,,,,,,○
117070,わえい,和英,名,K,2,○,,,,,
117080,わえいじてん,和英辞典,名,K,,,,○,,,
117090,わか,和歌,名,K,2,○,,,,,○
117100,わが,我が・×吾が,連体,W,2,○,,○,,,○
117110,わかい,若い,形,W,1,◎,,○,○,○,○
117120,わかいしゅ,若い衆,名,H,2,,,,,○,
117130,わかがえる,若返る,五自,W,2,,,,,,○
117140,わがくに,我国,名,W,2,○,,,,,
117150,わがし,和菓子,名,K,,,,,○,○,
117160,わかす,沸かす,五他,W,1,◎,,○,○,○,○
117170,わがまま,我が×侭,名・形動,W,1,◎,,○,○,○,○
117180,わかめ,若△布・〈和布〉,名,W,1,○,,,○,○,
117190,わかもの,若者,名,W,1,○,,,,○,○
117200,わかり,分かり,名,W,1,,,,,○,
117210,わかる,分かる・△判る,五自,W,1,◎,○,○,○,○,○
117220,わかれ,別れ・分かれ,名,W,1,○,,○,,○,○
117230,わかれる,別れる・分かれる,下一自,W,1,◎,,○,○,○,○
117240,わかわかしい,若若しい,形,W,2,○,,,,,
117250,わき,×脇・×腋,名,W,1,○,,○,○,○,○
117260,わきでる,×湧き出る・×涌き出る,下一自,W,1,,,,,○,
117270,わきのした,×腋の下・×脇の下,名,W,1,,,,○,○,
117280,わく,沸く,五自,W,1,◎,,○,○,○,○
117290,わく,×湧く,五自,W,1,◎,,○,○,○,○
117300,わく,枠,名,W,2,○,,○,○,○,○
117310,わくせい,惑星,名,K,3,,,○,,,
117320,わくわく,,副・ス自,W,1,,,,○,○,
117330,わけ,訳,名,W,1,◎,,○,○,○,○
117340,わけない,訳無い,連語,W,,,,,,○,
117350,わけめ,分け目,名,W,3,,,,○,○,
117360,わける,分ける・△別ける,下一他,W,1,◎,,○,○,○,○
117370,わご,和語,名,K,,,,,○,,
117380,わゴム,輪ゴム,名,H,2,,,○,○,○,○
117390,ワゴン,wagon,名,G,,,,,○,○,
117400,わざ,業・技,名,W,3,,,,○,○,
117410,わざと,△態と,副,W,1,○,,○,○,○,○
117420,わさび,〈山×葵〉,名,W,2,,,,○,○,○
117430,わざわざ,△態△態,副,W,1,◎,,○,○,○,○
117440,わし,×儂,代,W,1,,,,,○,
117450,わし,×鷲,名,W,1,,,,○,○,
117460,わしつ,和室,名,K,2,○,,,,,
117470,わしょく,和食,名,K,2,○,,,,,
117480,ワシントン,Washington,名,G,,,,,○,,
117490,わずか,×僅か,副・形動,W,1,◎,,○,○,○,○
117500,わすれ,忘れ,名,W,1,,,,,○,
117510,わすれもの,忘れ物,名,W,1,◎,,○,○,○,○
117520,わすれる,忘れる,下一他,W,1,◎,○,○,○,○,○
117530,わた,綿,名,W,1,◎,,○,○,○,○
117540,わたあめ,綿×飴,名,W,,,,,○,○,
117550,わだい,話題,名,K,2,◎,,○,○,,
117560,わたがし,綿菓子,名,H,,,,,○,○,
117570,わたくし,私,代・名,W,1,◎,○,○,○,○,
117580,わたぐも,綿雲,名,W,,,,,○,○,
117590,わたげ,綿毛,名,W,,,,,,○,
117600,わたし,△私,代,W,1,,○,,,,○
117610,わたし,渡し,名,W,1,,,,,○,
117620,わたしたち,△私△達,名,W,2,◎,○,○,○,○,○
117630,わたす,渡す,五他,W,1,◎,,○,○,○,○
117640,わたなべ,渡△辺,名,W,,,,,○,,
117650,わたりどり,渡り鳥,名,W,1,,,,○,○,
117660,わたりろうか,渡り廊下,名,H,2,,,,○,○,
117670,わたる,渡る・×亙る,五自,W,1,◎,,○,○,○,○
117680,わたれる,渡れる,下一他,W,,,,,,○,
117690,わっ,,副・感,W,1,,,,,○,
117700,わっしょい,,感,W,1,,,,○,○,
117710,ワット,watt,名,G,2,○,,,,,
117720,わっと,,副,W,,,,,,○,
117730,ワッペン,〔独〕Wａｐｐｅｎ,名,G,,,,,○,○,
117740,わな,×罠,名,W,1,,,○,○,○,
117750,わなげ,輪投げ,名,W,,,,,○,○,
117760,わに,×鰐,名,W,1,,,,○,○,
117770,わび,×詫び,名,W,1,○,,,,○,
117780,わびる,×詫びる,上一自他,W,1,○,,○,,○,○
117790,わふう,和風,名,K,2,○,,,,,
117800,わふく,和服,名,K,2,○,,○,,,○
117810,わら,×藁,名,W,1,○,,○,○,○,○
117820,わらい,笑い,名,W,1,○,,○,○,○,○
117830,わらいがお,笑い顔,名,W,,,,,○,○,
117840,わらいごえ,笑い声,名,W,1,○,,,,,
117850,わらいこける,笑いこける,下一自,W,,,,,○,○,
117860,わらいころげる,笑い転げる,下一自,W,,,,,,○,
117870,わらいだす,笑い出す,五自,W,1,,,,,○,
117880,わらう,笑う,五自他,W,1,◎,○,○,○,○,○
117890,わらじ,〈草×鞋〉,名,W,1,,,,,○,
117900,わらしべ,藁しべ,名,W,,,,,,○,
117910,わらしべちょうじゃ,〔固〕,名,H,,,,,,○,
117920,わらび,×蕨,名,W,1,,,,,○,
117930,わり,割り,名,W,1,,,○,,○,○
117940,わりあい,割合,名,W,1,◎,,○,○,○,○
117950,わりあて,割り当て,名,W,2,○,,○,,,○
117960,わりあてる,割り当てる,下一他,W,2,,,○,,,
117970,わりい,「悪い」,形,W,,,,,,○,
117980,わりかん,割り勘,名,H,,,,○,,,○
117990,わりこむ,割り込む,五自,W,1,,,○,○,○,
118000,わりざん,割り算,名,H,2,○,,,○,○,
118010,わりに,割に,副,W,2,○,,,○,○,
118020,わりばし,割り×箸,名,W,1,,,,○,○,
118030,わりびき,割引,名,W,2,○,,○,○,,○
118040,わる,割る・△破る,五自他,W,1,◎,,○,○,○,○
118050,わるい,悪い,形,W,1,◎,○,○,○,○,○
118060,わるくち,悪口,名,W,1,○,,○,○,○,○
118070,ワルター,〔人名〕,名,G,,,,,,○,
118080,わるもの,悪者,名,W,1,,,,○,○,
118090,われ,我・×吾,代・名,W,2,,,○,,,
118100,われめ,割れ目・△破れ目,名,W,1,,,,○,○,
118110,われる,割れる・△破れる,下一自,W,1,◎,,○,○,○,○
118120,われわれ,我我,代,W,1,◎,,○,○,○,○
118130,わん,×椀・×碗,名,K,1,,,○,,○,
118140,わん,湾,名,K,2,○,,○,,,
118150,わんしょう,腕章,名,K,2,,,,○,○,
118160,わんちゃん,,名,W,,,,,,○,
118170,わんぱく,腕白,名,W,2,,,,○,○,
118180,ワンピース,←one-piece dress,名,G,2,○,,○,○,○,
118190,ワンマンカー,one-man car,名,G,,,,,○,○,
118200,ワンリー,〔固〕,名,G,,,,,,○,
118210,わんわん,,副・名,W,1,,,○,○,○,
118220,を,,格助・間助,W,1,,,○,○,○,○
118230,をして,,連語,W,,,,○,,,
118240,ん,,感,W,,,,,,○,
118250,ん,,助動・格助,W,,,,,○,○,○
118260,んとする,,連語,W,,,,○,,,
,,,,,,,,,,,
