【82V12】小学校学習指導要領（平成29年告示）コード表　Ver 1.2,,,
教科等,No,学習指導要領テキスト,学習指導要領コード
総則,1,第１章　総　　　則,8200000000000000
総則,2,第１　小学校教育の基本と教育課程の役割,8200000100000000
総則,3,１　各学校においては，教育基本法及び学校教育法その他の法令並びにこの章以下に示すところに従い，児童の人間として調和のとれた育成を目指し，児童の心身の発達の段階や特性及び学校や地域の実態を十分考慮して，適切な教育課程を編成するものとし，これらに掲げる目標を達成するよう教育を行うものとする。,8200000110000000
総則,4,２　学校の教育活動を進めるに当たっては，各学校において，第３の１に示す主体的・対話的で深い学びの実現に向けた授業改善を通して，創意工夫を生かした特色ある教育活動を展開する中で，次の(1)から(3)までに掲げる事項の実現を図り，児童に生きる力を育むことを目指すものとする。,8200000120000000
総則,5,(1) 基礎的・基本的な知識及び技能を確実に習得させ，これらを活用して課題を解決するために必要な思考力，判断力，表現力等を育むとともに，主体的に学習に取り組む態度を養い，個性を生かし多様な人々との協働を促す教育の充実に努めること。その際，児童の発達の段階を考慮して，児童の言語活動など，学習の基盤をつくる活動を充実するとともに，家庭との連携を図りながら，児童の学習習慣が確立するよう配慮すること。 ,8200000121000000
総則,6,"(2) 道徳教育や体験活動，多様な表現や鑑賞の活動等を通して，豊かな心や創造性の涵《かん》養を目指した教育の充実に努めること。
　学校における道徳教育は，特別の教科である道徳（以下「道徳科」という。）を要として学校の教育活動全体を通じて行うものであり，道徳科はもとより，各教科，外国語活動，総合的な学習の時間及び特別活動のそれぞれの特質に応じて，児童の発達の段階を考慮して，適切な指導を行うこと。
　道徳教育は，教育基本法及び学校教育法に定められた教育の根本精神に基づき，自己の生き方を考え，主体的な判断の下に行動し，自立した人間として他者と共によりよく生きるための基盤となる道徳性を養うことを目標とすること。
　道徳教育を進めるに当たっては，人間尊重の精神と生命に対する畏敬の念を家庭，学校，その他社会における具体的な生活の中に生かし，豊かな心をもち，伝統と文化を尊重し，それらを育んできた我が国と郷土を愛し，個性豊かな文化の創造を図るとともに，平和で民主的な国家及び社会の形成者として，公共の精神を尊び，社会及び国家の発展に努め，他国を尊重し，国際社会の平和と発展や環境の保全に貢献し未来を拓《ひら》く主体性のある日本人の育成に資することとなるよう特に留意すること。",8200000122000000
総則,7,(3) 学校における体育・健康に関する指導を，児童の発達の段階を考慮して，学校の教育活動全体を通じて適切に行うことにより，健康で安全な生活と豊かなスポーツライフの実現を目指した教育の充実に努めること。特に，学校における食育の推進並びに体力の向上に関する指導，安全に関する指導及び心身の健康の保持増進に関する指導については，体育科，家庭科及び特別活動の時間はもとより，各教科，道徳科，外国語活動及び総合的な学習の時間などにおいてもそれぞれの特質に応じて適切に行うよう努めること。また，それらの指導を通して，家庭や地域社会との連携を図りながら，日常生活において適切な体育・健康に関する活動の実践を促し，生涯を通じて健康・安全で活力ある生活を送るための基礎が培われるよう配慮すること。,8200000123000000
総則,8,３　２の(1)から(3)までに掲げる事項の実現を図り，豊かな創造性を備え持続可能な社会の創り手となることが期待される児童に，生きる力を育むことを目指すに当たっては，学校教育全体並びに各教科，道徳科，外国語活動，総合的な学習の時間及び特別活動（以下「各教科等」という。ただし，第２の3の(2)のア及びウにおいて，特別活動については学級活動（学校給食に係るものを除く。)に限る。)の指導を通してどのような資質・能力の育成を目指すのかを明確にしながら，教育活動の充実を図るものとする。その際，児童の発達の段階や特性等を踏まえつつ，次に掲げることが偏りなく実現できるようにするものとする。,8200000130000000
総則,9,(1) 知識及び技能が習得されるようにすること。,8200000131000000
総則,10,(2) 思考力，判断力，表現力等を育成すること。,8200000132000000
総則,11,(3) 学びに向かう力，人間性等を涵《かん》養すること。,8200000133000000
総則,12,４　各学校においては，児童や学校，地域の実態を適切に把握し，教育の目的や目標の実現に必要な教育の内容等を教科等横断的な視点で組み立てていくこと，教育課程の実施状況を評価してその改善を図っていくこと，教育課程の実施に必要な人的又は物的な体制を確保するとともにその改善を図っていくことなどを通して，教育課程に基づき組織的かつ計画的に各学校の教育活動の質の向上を図っていくこと（以下「カリキュラム・マネジメント」という。）に努めるものとする。,8200000140000000
総則,13,第２　教育課程の編成,8200000200000000
総則,14,"１　各学校の教育目標と教育課程の編成
　教育課程の編成に当たっては，学校教育全体や各教科等における指導を通して育成を目指す資質・能力を踏まえつつ，各学校の教育目標を明確にするとともに，教育課程の編成についての基本的な方針が家庭や地域とも共有されるよう努めるものとする。その際，第５章総合的な学習の時間の第２の１に基づき定められる目標との関連を図るものとする。",8200000210000000
総則,15,２　教科等横断的な視点に立った資質・能力の育成,8200000220000000
総則,16,(1) 各学校においては，児童の発達の段階を考慮し，言語能力，情報活用能力（情報モラルを含む。），問題発見・解決能力等の学習の基盤となる資質・能力を育成していくことができるよう，各教科等の特質を生かし，教科等横断的な視点から教育課程の編成を図るものとする。,8200000221000000
総則,17,(2) 各学校においては，児童や学校，地域の実態及び児童の発達の段階を考慮し，豊かな人生の実現や災害等を乗り越えて次代の社会を形成することに向けた現代的な諸課題に対応して求められる資質・能力を，教科等横断的な視点で育成していくことができるよう，各学校の特色を生かした教育課程の編成を図るものとする。,8200000222000000
総則,18,３　教育課程の編成における共通的事項,8200000230000000
総則,19,(1) 内容等の取扱い,8200000231000000
総則,20,ア　第２章以下に示す各教科，道徳科，外国語活動及び特別活動の内容に関する事項は，特に示す場合を除き，いずれの学校においても取り扱わなければならない。,8200000231100000
総則,21,イ　学校において特に必要がある場合には，第２章以下に示していない内容を加えて指導することができる。また，第２章以下に示す内容の取扱いのうち内容の範囲や程度等を示す事項は，全ての児童に対して指導するものとする内容の範囲や程度等を示したものであり，学校において特に必要がある場合には，この事項にかかわらず加えて指導することができる。ただし，これらの場合には，第２章以下に示す各教科，道徳科，外国語活動及び特別活動の目標や内容の趣旨を逸脱したり，児童の負担過重となったりすることのないようにしなければならない。,8200000231200000
総則,22,ウ　第２章以下に示す各教科，道徳科，外国語活動及び特別活動の内容に掲げる事項の順序は，特に示す場合を除き，指導の順序を示すものではないので，学校においては，その取扱いについて適切な工夫を加えるものとする。,8200000231300000
総則,23,エ　学年の内容を２学年まとめて示した教科及び外国語活動の内容は，２学年間かけて指導する事項を示したものである。各学校においては，これらの事項を児童や学校，地域の実態に応じ，２学年間を見通して計画的に指導することとし，特に示す場合を除き，いずれかの学年に分けて，又はいずれの学年においても指導するものとする。,8200000231400000
総則,24,オ　学校において２以上の学年の児童で編制する学級について特に必要がある場合には，各教科及び道徳科の目標の達成に支障のない範囲内で，各教科及び道徳科の目標及び内容について学年別の順序によらないことができる。,8200000231500000
総則,25,カ　道徳科を要として学校の教育活動全体を通じて行う道徳教育の内容は，第３章特別の教科道徳の第２に示す内容とし，その実施に当たっては，第６に示す道徳教育に関する配慮事項を踏まえるものとする。,8200000231600000
総則,26,(2) 授業時数等の取扱い,8200000232000000
総則,27,ア　各教科等の授業は，年間35週(第１学年については34週）以上にわたって行うよう計画し，週当たりの授業時数が児童の負担過重にならないようにするものとする。ただし，各教科等や学習活動の特質に応じ効果的な場合には，夏季，冬季，学年末等の休業日の期間に授業日を設定する場合を含め，これらの授業を特定の期間に行うことができる。,8200000232100000
総則,28,イ　特別活動の授業のうち，児童会活動，クラブ活動及び学校行事については，それらの内容に応じ，年間，学期ごと，月ごとなどに適切な授業時数を充てるものとする。,8200000232200000
総則,29,ウ　各学校の時間割については，次の事項を踏まえ適切に編成するものとする。,8200000232300000
総則,30,(ｱ) 各教科等のそれぞれの授業の１単位時間は，各学校において，各教科等の年間授業時数を確保しつつ，児童の発達の段階及び各教科等や学習活動の特質を考慮して適切に定めること。,8200000232310000
総則,31,(ｲ) 各教科等の特質に応じ，10分から15分程度の短い時間を活用して特定の教科等の指導を行う場合において，教師が，単元や題材など内容や時間のまとまりを見通した中で，その指導内容の決定や指導の成果の把握と活用等を責任を持って行う体制が整備されているときは，その時間を当該教科等の年間授業時数に含めることができること。 ,8200000232320000
総則,32,(ｳ) 給食，休憩などの時間については，各学校において工夫を加え，適切に定めること。,8200000232330000
総則,33,(ｴ) 各学校において，児童や学校，地域の実態，各教科等や学習活動の特質等に応じて，創意工夫を生かした時間割を弾力的に編成できること。,8200000232340000
総則,34,エ　総合的な学習の時間における学習活動により，特別活動の学校行事に掲げる各行事の実施と同様の成果が期待できる場合においては，総合的な学習の時間における学習活動をもって相当する特別活動の学校行事に掲げる各行事の実施に替えることができる。,8200000232400000
総則,35,"(3) 指導計画の作成等に当たっての配慮事項
各学校においては，次の事項に配慮しながら，学校の創意工夫を生かし，全体として，調和のとれた具体的な指導計画を作成するものとする。",8200000233000000
総則,36,ア　各教科等の指導内容については，(1)のアを踏まえつつ，単元や題材など内容や時間のまとまりを見通しながら，そのまとめ方や重点の置き方に適切な工夫を加え，第３の１に示す主体的・対話的で深い学びの実現に向けた授業改善を通して資質・能力を育む効果的な指導ができるようにすること。,8200000233100000
総則,37,イ　各教科等及び各学年相互間の関連を図り，系統的，発展的な指導ができるようにすること。,8200000233200000
総則,38,ウ　学年の内容を２学年まとめて示した教科及び外国語活動については，当該学年間を見通して，児童や学校，地域の実態に応じ，児童の発達の段階を考慮しつつ，効果的，段階的に指導するようにすること。,8200000233300000
総則,39,エ　児童の実態等を考慮し，指導の効果を高めるため，児童の発達の段階や指導内容の関連性等を踏まえつつ，合科的・関連的な指導を進めること。,8200000233400000
総則,40,"４　学校段階等間の接続
教育課程の編成に当たっては，次の事項に配慮しながら，学校段階等間の接続を図るものとする。",8200000240000000
総則,41,"(1) 幼児期の終わりまでに育ってほしい姿を踏まえた指導を工夫することにより，幼稚園教育要領等に基づく幼児期の教育を通して育まれた資質・能力を踏まえて教育活動を実施し，児童が主体的に自己を発揮しながら学びに向かうことが可能となるようにすること。
　また，低学年における教育全体において，例えば生活科において育成する自立し生活を豊かにしていくための資質・能力が，他教科等の学習においても生かされるようにするなど，教科等間の関連を積極的に図り，幼児期の教育及び中学年以降の教育との円滑な接続が図られるよう工夫すること。特に，小学校入学当初においては，幼児期において自発的な活動としての遊びを通して育まれてきたことが，各教科等における学習に円滑に接続されるよう，生活科を中心に，合科的・関連的な指導や弾力的な時間割の設定など，指導の工夫や指導計画の作成を行うこと。",8200000241000000
総則,42,(2) 中学校学習指導要領及び高等学校学習指導要領を踏まえ，中学校教育及びその後の教育との円滑な接続が図られるよう工夫すること。特に，義務教育学校，中学校連携型小学校及び中学校併設型小学校においては，義務教育９年間を見通した計画的かつ継続的な教育課程を編成すること。,8200000242000000
総則,43,第３　教育課程の実施と学習評価,8200000300000000
総則,44,"１　主体的・対話的で深い学びの実現に向けた授業改善
　各教科等の指導に当たっては，次の事項に配慮するものとする。",8200000310000000
総則,45,"(1) 第１の３の(1)から(3)までに示すことが偏りなく実現されるよう，単元や題材など内容や時間のまとまりを見通しながら，児童の主体的・対話的で深い学びの実現に向けた授業改善を行うこと。
　特に，各教科等において身に付けた知識及び技能を活用したり，思考力，判断力，表現力等や学びに向かう力，人間性等を発揮させたりして，学習の対象となる物事を捉え思考することにより，各教科等の特質に応じた物事を捉える視点や考え方（以下「見方・考え方」という。）が鍛えられていくことに留意し，児童が各教科等の特質に応じた見方・考え方を働かせながら，知識を相互に関連付けてより深く理解したり，情報を精査して考えを形成したり，問題を見いだして解決策を考えたり，思いや考えを基に創造したりすることに向かう過程を重視した学習の充実を図ること。",8200000311000000
総則,46,(2) 第２の２の(1)に示す言語能力の育成を図るため，各学校において必要な言語環境を整えるとともに，国語科を要としつつ各教科等の特質に応じて，児童の言語活動を充実すること。あわせて，(7)に示すとおり読書活動を充実すること。,8200000312000000
総則,47,"(3) 第２の２の(1)に示す情報活用能力の育成を図るため，各学校において，コンピュータや情報通信ネットワークなどの情報手段を活用するために必要な環境を整え，これらを適切に活用した学習活動の充実を図ること。また，各種の統計資料や新聞，視聴覚教材や教育機器などの教材・教具の適切な活用を図ること。
　あわせて，各教科等の特質に応じて，次の学習活動を計画的に実施すること。",8200000313000000
総則,48,ア　児童がコンピュータで文字を入力するなどの学習の基盤として必要となる情報手段の基本的な操作を習得するための学習活動,8200000313100000
総則,49,イ　児童がプログラミングを体験しながら，コンピュータに意図した処理を行わせるために必要な論理的思考力を身に付けるための学習活動,8200000313200000
総則,50,(4) 児童が学習の見通しを立てたり学習したことを振り返ったりする活動を，計画的に取り入れるように工夫すること。,8200000314000000
総則,51,(5) 児童が生命の有限性や自然の大切さ，主体的に挑戦してみることや多様な他者と協働することの重要性などを実感しながら理解することができるよう，各教科等の特質に応じた体験活動を重視し，家庭や地域社会と連携しつつ体系的・継続的に実施できるよう工夫すること。,8200000315000000
総則,52,(6) 児童が自ら学習課題や学習活動を選択する機会を設けるなど，児童の興味・関心を生かした自主的，自発的な学習が促されるよう工夫すること。,8200000316000000
総則,53,(7) 学校図書館を計画的に利用しその機能の活用を図り，児童の主体的・対話的で深い学びの実現に向けた授業改善に生かすとともに，児童の自主的，自発的な学習活動や読書活動を充実すること。また，地域の図書館や博物館，美術館，劇場，音楽堂等の施設の活用を積極的に図り，資料を活用した情報の収集や鑑賞等の学習活動を充実すること。,8200000317000000
総則,54,"２　学習評価の充実
　学習評価の実施に当たっては，次の事項に配慮するものとする。",8200000320000000
総則,55,(1) 児童のよい点や進歩の状況などを積極的に評価し，学習したことの意義や価値を実感できるようにすること。また，各教科等の目標の実現に向けた学習状況を把握する観点から，単元や題材など内容や時間のまとまりを見通しながら評価の場面や方法を工夫して，学習の過程や成果を評価し，指導の改善や学習意欲の向上を図り，資質・能力の育成に生かすようにすること。,8200000321000000
総則,56,(2) 創意工夫の中で学習評価の妥当性や信頼性が高められるよう，組織的かつ計画的な取組を推進するとともに，学年や学校段階を越えて児童の学習の成果が円滑に接続されるように工夫すること。,8200000322000000
総則,57,第４　児童の発達の支援,8200000400000000
総則,58,"１　児童の発達を支える指導の充実
　教育課程の編成及び実施に当たっては，次の事項に配慮するものとする。",8200000410000000
総則,59,"(1) 学習や生活の基盤として，教師と児童との信頼関係及び児童相互のよりよい人間関係を育てるため，日頃から学級経営の充実を図ること。また，主に集団の場面で必要な指導や援助を行うガイダンスと，個々の児童の多様な実態を踏まえ，一人一人が抱える課題に個別に対応した指導を行うカウンセリングの双方により，児童の発達を支援すること。
　あわせて，小学校の低学年，中学年，高学年の学年の時期の特長を生かした指導の工夫を行うこと。",8200000411000000
総則,60,(2) 児童が，自己の存在感を実感しながら，よりよい人間関係を形成し，有意義で充実した学校生活を送る中で，現在及び将来における自己実現を図っていくことができるよう，児童理解を深め，学習指導と関連付けながら，生徒指導の充実を図ること。,8200000412000000
総則,61,(3) 児童が，学ぶことと自己の将来とのつながりを見通しながら，社会的・職業的自立に向けて必要な基盤となる資質・能力を身に付けていくことができるよう，特別活動を要としつつ各教科等の特質に応じて，キャリア教育の充実を図ること。,8200000413000000
総則,62,(4) 児童が，基礎的・基本的な知識及び技能の習得も含め，学習内容を確実に身に付けることができるよう，児童や学校の実態に応じ，個別学習やグループ別学習，繰り返し学習，学習内容の習熟の程度に応じた学習，児童の興味・関心等に応じた課題学習，補充的な学習や発展的な学習などの学習活動を取り入れることや，教師間の協力による指導体制を確保することなど，指導方法や指導体制の工夫改善により，個に応じた指導の充実を図ること。その際，第３の１の(3)に示す情報手段や教材・教具の活用を図ること。,8200000414000000
総則,63,２　特別な配慮を必要とする児童への指導,8200000420000000
総則,64,(1) 障害のある児童などへの指導,8200000421000000
総則,65,ア　障害のある児童などについては，特別支援学校等の助言又は援助を活用しつつ，個々の児童の障害の状態等に応じた指導内容や指導方法の工夫を組織的かつ計画的に行うものとする。,8200000421100000
総則,66,イ　特別支援学級において実施する特別の教育課程については，次のとおり編成するものとする。,8200000421200000
総則,67,(ｱ) 障害による学習上又は生活上の困難を克服し自立を図るため，特別支援学校小学部・中学部学習指導要領第７章に示す自立活動を取り入れること。,8200000421210000
総則,68,(ｲ) 児童の障害の程度や学級の実態等を考慮の上，各教科の目標や内容を下学年の教科の目標や内容に替えたり，各教科を，知的障害者である児童に対する教育を行う特別支援学校の各教科に替えたりするなどして，実態に応じた教育課程を編成すること。,8200000421220000
総則,69,ウ　障害のある児童に対して，通級による指導を行い，特別の教育課程を編成する場合には，特別支援学校小学部・中学部学習指導要領第７章に示す自立活動の内容を参考とし，具体的な目標や内容を定め，指導を行うものとする。その際，効果的な指導が行われるよう，各教科等と通級による指導との関連を図るなど，教師間の連携に努めるものとする。,8200000421300000
総則,70,エ　障害のある児童などについては，家庭，地域及び医療や福祉，保健，労働等の業務を行う関係機関との連携を図り，長期的な視点で児童への教育的支援を行うために，個別の教育支援計画を作成し活用することに努めるとともに，各教科等の指導に当たって，個々の児童の実態を的確に把握し，個別の指導計画を作成し活用することに努めるものとする。特に，特別支援学級に在籍する児童や通級による指導を受ける児童については，個々の児童の実態を的確に把握し，個別の教育支援計画や個別の指導計画を作成し，効果的に活用するものとする。,8200000421400000
総則,71,(2) 海外から帰国した児童などの学校生活への適応や，日本語の習得に困難のある児童に対する日本語指導,8200000422000000
総則,72,ア　海外から帰国した児童などについては，学校生活への適応を図るとともに，外国における生活経験を生かすなどの適切な指導を行うものとする。,8200000422100000
総則,73,イ　日本語の習得に困難のある児童については，個々の児童の実態に応じた指導内容や指導方法の工夫を組織的かつ計画的に行うものとする。特に，通級による日本語指導については，教師間の連携に努め，指導についての計画を個別に作成することなどにより，効果的な指導に努めるものとする。,8200000422200000
総則,74,(3) 不登校児童への配慮,8200000423000000
総則,75,ア　不登校児童については，保護者や関係機関と連携を図り，心理や福祉の専門家の助言又は援助を得ながら，社会的自立を目指す観点から，個々の児童の実態に応じた情報の提供その他の必要な支援を行うものとする。,8200000423100000
総則,76,イ　相当の期間小学校を欠席し引き続き欠席すると認められる児童を対象として，文部科学大臣が認める特別の教育課程を編成する場合には，児童の実態に配慮した教育課程を編成するとともに，個別学習やグループ別学習など指導方法や指導体制の工夫改善に努めるものとする。,8200000423200000
総則,77,第５　学校運営上の留意事項,8200000500000000
総則,78,１　教育課程の改善と学校評価等,8200000510000000
総則,79,ア　各学校においては，校長の方針の下に，校務分掌に基づき教職員が適切に役割を分担しつつ，相互に連携しながら，各学校の特色を生かしたカリキュラム・マネジメントを行うよう努めるものとする。また，各学校が行う学校評価については，教育課程の編成，実施，改善が教育活動や学校運営の中核となることを踏まえ，カリキュラム・マネジメントと関連付けながら実施するよう留意するものとする。,8200000511000000
総則,80,イ　教育課程の編成及び実施に当たっては，学校保健計画，学校安全計画，食に関する指導の全体計画，いじめの防止等のための対策に関する基本的な方針など，各分野における学校の全体計画等と関連付けながら，効果的な指導が行われるように留意するものとする。,8200000512000000
総則,81,"２　家庭や地域社会との連携及び協働と学校間の連携
　教育課程の編成及び実施に当たっては，次の事項に配慮するものとする。",8200000520000000
総則,82,ア　学校がその目的を達成するため，学校や地域の実態等に応じ，教育活動の実施に必要な人的又は物的な体制を家庭や地域の人々の協力を得ながら整えるなど，家庭や地域社会との連携及び協働を深めること。また，高齢者や異年齢の子供など，地域における世代を越えた交流の機会を設けること。,8200000521000000
総則,83,イ　他の小学校や，幼稚園，認定こども園，保育所，中学校，高等学校，特別支援学校などとの間の連携や交流を図るとともに，障害のある幼児児童生徒との交流及び共同学習の機会を設け，共に尊重し合いながら協働して生活していく態度を育むようにすること。,8200000522000000
総則,84,"第６　道徳教育に関する配慮事項
　道徳教育を進めるに当たっては，道徳教育の特質を踏まえ，前項までに示す事項に加え，次の事項に配慮するものとする。",8200000600000000
総則,85,１　各学校においては，第１の２の(2)に示す道徳教育の目標を踏まえ，道徳教育の全体計画を作成し，校長の方針の下に，道徳教育の推進を主に担当する教師（以下「道徳教育推進教師」という。）を中心に，全教師が協力して道徳教育を展開すること。なお，道徳教育の全体計画の作成に当たっては，児童や学校，地域の実態を考慮して，学校の道徳教育の重点目標を設定するとともに，道徳科の指導方針，第３章特別の教科道徳の第２に示す内容との関連を踏まえた各教科，外国語活動，総合的な学習の時間及び特別活動における指導の内容及び時期並びに家庭や地域社会との連携の方法を示すこと。,8200000610000000
総則,86,２　各学校においては，児童の発達の段階や特性等を踏まえ，指導内容の重点化を図ること。その際，各学年を通じて，自立心や自律性，生命を尊重する心や他者を思いやる心を育てることに留意すること。また，各学年段階においては，次の事項に留意すること。,8200000620000000
総則,87,(1) 第１学年及び第２学年においては，挨拶などの基本的な生活習慣を身に付けること，善悪を判断し，してはならないことをしないこと，社会生活上のきまりを守ること。,82000A0621000000
総則,88,(2) 第３学年及び第４学年においては，善悪を判断し，正しいと判断したことを行うこと，身近な人々と協力し助け合うこと，集団や社会のきまりを守ること。,82000C0622000000
総則,89,(3) 第５学年及び第６学年においては，相手の考え方や立場を理解して支え合うこと，法やきまりの意義を理解して進んで守ること，集団生活の充実に努めること，伝統と文化を尊重し，それらを育んできた我が国と郷土を愛するとともに，他国を尊重すること。,82000D0623000000
総則,90,３　学校や学級内の人間関係や環境を整えるとともに，集団宿泊活動やボランティア活動，自然体験活動，地域の行事への参加などの豊かな体験を充実すること。また，道徳教育の指導内容が，児童の日常生活に生かされるようにすること。その際，いじめの防止や安全の確保等にも資することとなるよう留意すること。,8200000630000000
総則,91,４　学校の道徳教育の全体計画や道徳教育に関する諸活動などの情報を積極的に公表したり，道徳教育の充実のために家庭や地域の人々の積極的な参加や協力を得たりするなど，家庭や地域社会との共通理解を深め，相互の連携を図ること。,8200000640000000
各教科（共通）,92,第２章　各教科,82n0000000000000
国語,93,第１節　国　　　語,8210000000000000
国語,94,"第１　目　標
言葉による見方・考え方を働かせ，言語活動を通して，国語で正確に理解し適切に表現する資質・能力を次のとおり育成することを目指す。",8210100000000000
国語,95,(1) 日常生活に必要な国語について，その特質を理解し適切に使うことができるようにする。,8210100100000000
国語,96,(2) 日常生活における人との関わりの中で伝え合う力を高め，思考力や想像力を養う。,8210100200000000
国語,97,(3) 言葉がもつよさを認識するとともに，言語感覚を養い，国語の大切さを自覚し，国語を尊重してその能力の向上を図る態度を養う。,8210100300000000
国語,98,第２　各学年の目標及び内容　　,8210200000000000
国語,99,〔第１学年及び第２学年〕,82102A0000000000
国語,100,１　目　標　,82102A2000000000
国語,101,(1) 日常生活に必要な国語の知識や技能を身に付けるとともに，我が国の言語文化に親しんだり理解したりすることができるようにする。,82102A2100000000
国語,102,(2) 順序立てて考える力や感じたり想像したりする力を養い，日常生活における人との関わりの中で伝え合う力を高め，自分の思いや考えをもつことができるようにする。,82102A2200000000
国語,103,(3) 言葉がもつよさを感じるとともに，楽しんで読書をし，国語を大切にして，思いや考えを伝え合おうとする態度を養う。,82102A2300000000
国語,104,２　内　容,82102A3000000000
国語,105,〔知識及び技能〕,82102A3100000000
国語,106,(1) 言葉の特徴や使い方に関する次の事項を身に付けることができるよう指導する。,82102A3110000000
国語,107,ア　言葉には，事物の内容を表す働きや，経験したことを伝える働きがあることに気付くこと。,82102A3111000000
国語,108,イ　音節と文字との関係，アクセントによる語の意味の違いなどに気付くとともに，姿勢や口形，発声や発音に注意して話すこと。,82102A3112000000
国語,109,ウ　長音，拗《よう》音，促音，撥《はつ》音などの表記，助詞の「は」，「へ」及び「を」の使い方，句読点の打ち方，かぎ（「　」）の使い方を理解して文や文章の中で使うこと。また，平仮名及び片仮名を読み，書くとともに，片仮名で書く語の種類を知り，文や文章の中で使うこと。,82102A3113000000
国語,110,エ　第１学年においては，別表の学年別漢字配当表（以下「学年別漢字配当表」という。）の第１学年に配当されている漢字を読み，漸次書き，文や文章の中で使うこと。第２学年においては，学年別漢字配当表の第２学年までに配当されている漢字を読むこと。また，第１学年に配当されている漢字を書き，文や文章の中で使うとともに，第２学年に配当されている漢字を漸次書き，文や文章の中で使うこと。,82102A3114000000
国語,111,オ　身近なことを表す語句の量を増し，話や文章の中で使うとともに，言葉には意味による語句のまとまりがあることに気付き，語彙を豊かにすること。,82102A3115000000
国語,112,カ　文の中における主語と述語との関係に気付くこと。,82102A3116000000
国語,113,キ　丁寧な言葉と普通の言葉との違いに気を付けて使うとともに，敬体で書かれた文章に慣れること。,82102A3117000000
国語,114,ク　語のまとまりや言葉の響きなどに気を付けて音読すること。,82102A3118000000
国語,115,(2) 話や文章に含まれている情報の扱い方に関する次の事項を身に付けることができるよう指導する。,82102A3120000000
国語,116,ア　共通，相違，事柄の順序など情報と情報との関係について理解すること。,82102A3121000000
国語,117,(3) 我が国の言語文化に関する次の事項を身に付けることができるよう指導する。,82102A3130000000
国語,118,ア　昔話や神話・伝承などの読み聞かせを聞くなどして，我が国の伝統的な言語文化に親しむこと。,82102A3131000000
国語,119,イ　長く親しまれている言葉遊びを通して，言葉の豊かさに気付くこと。,82102A3132000000
国語,120,ウ　書写に関する次の事項を理解し使うこと。,82102A3133000000
国語,121,(ｱ) 姿勢や筆記具の持ち方を正しくして書くこと。,82102A3133100000
国語,122,(ｲ) 点画の書き方や文字の形に注意しながら，筆順に従って丁寧に書くこと。,82102A3133200000
国語,123,(ｳ) 点画相互の接し方や交わり方，長短や方向などに注意して，文字を正しく書くこと。,82102A3133300000
国語,124,エ　読書に親しみ，いろいろな本があることを知ること。,82102A3134000000
国語,125,〔思考力，判断力，表現力等〕,82102A3200000000
国語,126,Ａ　話すこと・聞くこと,82102A3210000000
国語,127,(1) 話すこと・聞くことに関する次の事項を身に付けることができるよう指導する。,82102A3211000000
国語,128,ア　身近なことや経験したことなどから話題を決め，伝え合うために必要な事柄を選ぶこと。,82102A3211100000
国語,129,イ　相手に伝わるように，行動したことや経験したことに基づいて，話す事柄の順序を考えること。,82102A3211200000
国語,130,ウ　伝えたい事柄や相手に応じて，声の大きさや速さなどを工夫すること。,82102A3211300000
国語,131,エ　話し手が知らせたいことや自分が聞きたいことを落とさないように集中して聞き，話の内容を捉えて感想をもつこと。,82102A3211400000
国語,132,オ　互いの話に関心をもち，相手の発言を受けて話をつなぐこと。,82102A3211500000
国語,133,(2) (1)に示す事項については，例えば，次のような言語活動を通して指導するものとする。,82102A3212000000
国語,134,ア　紹介や説明，報告など伝えたいことを話したり，それらを聞いて声に出して確かめたり感想を述べたりする活動。,82102A3212100000
国語,135,イ　尋ねたり応答したりするなどして，少人数で話し合う活動。,82102A3212200000
国語,136,Ｂ　書くこと,82102A3220000000
国語,137,(1) 書くことに関する次の事項を身に付けることができるよう指導する。,82102A3221000000
国語,138,ア　経験したことや想像したことなどから書くことを見付け，必要な事柄を集めたり確かめたりして，伝えたいことを明確にすること。,82102A3221100000
国語,139,イ　自分の思いや考えが明確になるように，事柄の順序に沿って簡単な構成を考えること。,82102A3221200000
国語,140,ウ　語と語や文と文との続き方に注意しながら，内容のまとまりが分かるように書き表し方を工夫すること。,82102A3221300000
国語,141,エ　文章を読み返す習慣を付けるとともに，間違いを正したり，語と語や文と文との続き方を確かめたりすること。,82102A3221400000
国語,142,オ　文章に対する感想を伝え合い，自分の文章の内容や表現のよいところを見付けること。,82102A3221500000
国語,143,(2) (1)に示す事項については，例えば，次のような言語活動を通して指導するものとする。,82102A3222000000
国語,144,ア　身近なことや経験したことを報告したり，観察したことを記録したりするなど，見聞きしたことを書く活動。,82102A3222100000
国語,145,イ　日記や手紙を書くなど，思ったことや伝えたいことを書く活動。,82102A3222200000
国語,146,ウ　簡単な物語をつくるなど，感じたことや想像したことを書く活動。,82102A3222300000
国語,147,Ｃ　読むこと,82102A3230000000
国語,148,(1) 読むことに関する次の事項を身に付けることができるよう指導する。,82102A3231000000
国語,149,ア　時間的な順序や事柄の順序などを考えながら，内容の大体を捉えること。,82102A3231100000
国語,150,イ　場面の様子や登場人物の行動など，内容の大体を捉えること。,82102A3231200000
国語,151,ウ　文章の中の重要な語や文を考えて選び出すこと。,82102A3231300000
国語,152,エ　場面の様子に着目して，登場人物の行動を具体的に想像すること。,82102A3231400000
国語,153,オ　文章の内容と自分の体験とを結び付けて，感想をもつこと。,82102A3231500000
国語,154,カ　文章を読んで感じたことや分かったことを共有すること。,82102A3231600000
国語,155,(2) (1)に示す事項については，例えば，次のような言語活動を通して指導するものとする。,82102A3232000000
国語,156,ア　事物の仕組みを説明した文章などを読み，分かったことや考えたことを述べる活動。,82102A3232100000
国語,157,イ　読み聞かせを聞いたり物語などを読んだりして，内容や感想などを伝え合ったり，演じたりする活動。,82102A3232200000
国語,158,ウ　学校図書館などを利用し，図鑑や科学的なことについて書いた本などを読み，分かったことなどを説明する活動。,82102A3232300000
国語,159,〔第３学年及び第４学年〕,82102C0000000000
国語,160,１　目　標　,82102C2000000000
国語,161,(1) 日常生活に必要な国語の知識や技能を身に付けるとともに，我が国の言語文化に親しんだり理解したりすることができるようにする。,82102C2100000000
国語,162,(2) 筋道立てて考える力や豊かに感じたり想像したりする力を養い，日常生活における人との関わりの中で伝え合う力を高め，自分の思いや考えをまとめることができるようにする。,82102C2200000000
国語,163,(3) 言葉がもつよさに気付くとともに，幅広く読書をし，国語を大切にして，思いや考えを伝え合おうとする態度を養う。,82102C2300000000
国語,164,２　内　容,82102C3000000000
国語,165,〔知識及び技能〕,82102C3100000000
国語,166,(1) 言葉の特徴や使い方に関する次の事項を身に付けることができるよう指導する。,82102C3110000000
国語,167,ア　言葉には，考えたことや思ったことを表す働きがあることに気付くこと。,82102C3111000000
国語,168,イ　相手を見て話したり聞いたりするとともに，言葉の抑揚や強弱，間の取り方などに注意して話すこと。,82102C3112000000
国語,169,ウ　漢字と仮名を用いた表記，送り仮名の付け方，改行の仕方を理解して文や文章の中で使うとともに，句読点を適切に打つこと。また，第３学年においては，日常使われている簡単な単語について，ローマ字で表記されたものを読み，ローマ字で書くこと。,82102C3113000000
国語,170,エ　第３学年及び第４学年の各学年においては，学年別漢字配当表の当該学年までに配当されている漢字を読むこと。また，当該学年の前の学年までに配当されている漢字を書き，文や文章の中で使うとともに，当該学年に配当されている漢字を漸次書き，文や文章の中で使うこと。,82102C3114000000
国語,171,オ　様子や行動，気持ちや性格を表す語句の量を増し，話や文章の中で使うとともに，言葉には性質や役割による語句のまとまりがあることを理解し，語彙を豊かにすること。,82102C3115000000
国語,172,カ　主語と述語との関係，修飾と被修飾との関係，指示する語句と接続する語句の役割，段落の役割について理解すること。,82102C3116000000
国語,173,キ　丁寧な言葉を使うとともに，敬体と常体との違いに注意しながら書くこと。,82102C3117000000
国語,174,ク　文章全体の構成や内容の大体を意識しながら音読すること。,82102C3118000000
国語,175,(2) 話や文章に含まれている情報の扱い方に関する次の事項を身に付けることができるよう指導する。,82102C3120000000
国語,176,ア　考えとそれを支える理由や事例，全体と中心など情報と情報との関係について理解すること。,82102C3121000000
国語,177,イ　比較や分類の仕方，必要な語句などの書き留め方，引用の仕方や出典の示し方，辞書や事典の使い方を理解し使うこと。,82102C3122000000
国語,178,(3) 我が国の言語文化に関する次の事項を身に付けることができるよう指導する。,82102C3130000000
国語,179,ア　易しい文語調の短歌や俳句を音読したり暗唱したりするなどして，言葉の響きやリズムに親しむこと。,82102C3131000000
国語,180,イ　長い間使われてきたことわざや慣用句，故事成語などの意味を知り，使うこと。,82102C3132000000
国語,181,ウ　漢字が，へんやつくりなどから構成されていることについて理解すること。,82102C3133000000
国語,182,エ　書写に関する次の事項を理解し使うこと。,82102C3134000000
国語,183,(ｱ) 文字の組立て方を理解し，形を整えて書くこと。,82102C3134100000
国語,184,(ｲ) 漢字や仮名の大きさ，配列に注意して書くこと。,82102C3134200000
国語,185,(ｳ) 毛筆を使用して点画の書き方への理解を深め，筆圧などに注意して書くこと。,82102C3134300000
国語,186,オ　幅広く読書に親しみ，読書が，必要な知識や情報を得ることに役立つことに気付くこと。,82102C3135000000
国語,187,〔思考力，判断力，表現力等〕,82102C3200000000
国語,188,Ａ　話すこと・聞くこと,82102C3210000000
国語,189,(1) 話すこと・聞くことに関する次の事項を身に付けることができるよう指導する。,82102C3211000000
国語,190,ア　目的を意識して，日常生活の中から話題を決め，集めた材料を比較したり分類したりして，伝え合うために必要な事柄を選ぶこと。,82102C3211100000
国語,191,イ　相手に伝わるように，理由や事例などを挙げながら，話の中心が明確になるよう話の構成を考えること。,82102C3211200000
国語,192,ウ　話の中心や話す場面を意識して，言葉の抑揚や強弱，間の取り方などを工夫すること。,82102C3211300000
国語,193,エ　必要なことを記録したり質問したりしながら聞き，話し手が伝えたいことや自分が聞きたいことの中心を捉え，自分の考えをもつこと。,82102C3211400000
国語,194,オ　目的や進め方を確認し，司会などの役割を果たしながら話し合い，互いの意見の共通点や相違点に着目して，考えをまとめること。,82102C3211500000
国語,195,(2) (1)に示す事項については，例えば，次のような言語活動を通して指導するものとする。,82102C3212000000
国語,196,ア　説明や報告など調べたことを話したり，それらを聞いたりする活動。,82102C3212100000
国語,197,イ　質問するなどして情報を集めたり，それらを発表したりする活動。,82102C3212200000
国語,198,ウ　互いの考えを伝えるなどして，グループや学級全体で話し合う活動。,82102C3212300000
国語,199,Ｂ　書くこと,82102C3220000000
国語,200,(1) 書くことに関する次の事項を身に付けることができるよう指導する。,82102C3221000000
国語,201,ア　相手や目的を意識して，経験したことや想像したことなどから書くことを選び，集めた材料を比較したり分類したりして，伝えたいことを明確にすること。,82102C3221100000
国語,202,イ　書く内容の中心を明確にし，内容のまとまりで段落をつくったり，段落相互の関係に注意したりして，文章の構成を考えること。,82102C3221200000
国語,203,ウ　自分の考えとそれを支える理由や事例との関係を明確にして，書き表し方を工夫すること。,82102C3221300000
国語,204,エ　間違いを正したり，相手や目的を意識した表現になっているかを確かめたりして，文や文章を整えること。,82102C3221400000
国語,205,オ　書こうとしたことが明確になっているかなど，文章に対する感想や意見を伝え合い，自分の文章のよいところを見付けること。,82102C3221500000
国語,206,(2) (1)に示す事項については，例えば，次のような言語活動を通して指導するものとする。,82102C3222000000
国語,207,ア　調べたことをまとめて報告するなど，事実やそれを基に考えたことを書く活動。,82102C3222100000
国語,208,イ　行事の案内やお礼の文章を書くなど，伝えたいことを手紙に書く活動。,82102C3222200000
国語,209,ウ　詩や物語をつくるなど，感じたことや想像したことを書く活動。,82102C3222300000
国語,210,Ｃ　読むこと,82102C3230000000
国語,211,(1) 読むことに関する次の事項を身に付けることができるよう指導する。,82102C3231000000
国語,212,ア　段落相互の関係に着目しながら，考えとそれを支える理由や事例との関係などについて，叙述を基に捉えること。,82102C3231100000
国語,213,イ　登場人物の行動や気持ちなどについて，叙述を基に捉えること。,82102C3231200000
国語,214,ウ　目的を意識して，中心となる語や文を見付けて要約すること。,82102C3231300000
国語,215,エ　登場人物の気持ちの変化や性格，情景について，場面の移り変わりと結び付けて具体的に想像すること。,82102C3231400000
国語,216,オ　文章を読んで理解したことに基づいて，感想や考えをもつこと。,82102C3231500000
国語,217,カ　文章を読んで感じたことや考えたことを共有し，一人一人の感じ方などに違いがあることに気付くこと。,82102C3231600000
国語,218,(2) (1)に示す事項については，例えば，次のような言語活動を通して指導するものとする。,82102C3232000000
国語,219,ア　記録や報告などの文章を読み，文章の一部を引用して，分かったことや考えたことを説明したり，意見を述べたりする活動。,82102C3232100000
国語,220,イ　詩や物語などを読み，内容を説明したり，考えたことなどを伝え合ったりする活動。,82102C3232200000
国語,221,ウ　学校図書館などを利用し，事典や図鑑などから情報を得て，分かったことなどをまとめて説明する活動。,82102C3232300000
国語,222,〔第５学年及び第６学年〕,82102D0000000000
国語,223,１　目　標　,82102D2000000000
国語,224,(1) 日常生活に必要な国語の知識や技能を身に付けるとともに，我が国の言語文化に親しんだり理解したりすることができるようにする。,82102D2100000000
国語,225,(2) 筋道立てて考える力や豊かに感じたり想像したりする力を養い，日常生活における人との関わりの中で伝え合う力を高め，自分の思いや考えを広げることができるようにする。,82102D2200000000
国語,226,(3) 言葉がもつよさを認識するとともに，進んで読書をし，国語の大切さを自覚して，思いや考えを伝え合おうとする態度を養う。,82102D2300000000
国語,227,２　内　容,82102D3000000000
国語,228,〔知識及び技能〕,82102D3100000000
国語,229,(1) 言葉の特徴や使い方に関する次の事項を身に付けることができるよう指導する。,82102D3110000000
国語,230,ア　言葉には，相手とのつながりをつくる働きがあることに気付くこと。,82102D3111000000
国語,231,イ　話し言葉と書き言葉との違いに気付くこと。,82102D3112000000
国語,232,ウ　文や文章の中で漢字と仮名を適切に使い分けるとともに，送り仮名や仮名遣いに注意して正しく書くこと。,82102D3113000000
国語,233,エ　第５学年及び第６学年の各学年においては，学年別漢字配当表の当該学年までに配当されている漢字を読むこと。また，当該学年の前の学年までに配当されている漢字を書き，文や文章の中で使うとともに，当該学年に配当されている漢字を漸次書き，文や文章の中で使うこと。,82102D3114000000
国語,234,オ　思考に関わる語句の量を増し，話や文章の中で使うとともに，語句と語句との関係，語句の構成や変化について理解し，語彙を豊かにすること。また，語感や言葉の使い方に対する感覚を意識して，語や語句を使うこと。,82102D3115000000
国語,235,カ　文の中での語句の係り方や語順，文と文との接続の関係，話や文章の構成や展開，話や文章の種類とその特徴について理解すること。,82102D3116000000
国語,236,キ　日常よく使われる敬語を理解し使い慣れること。,82102D3117000000
国語,237,ク　比喩や反復などの表現の工夫に気付くこと。,82102D3118000000
国語,238,ケ　文章を音読したり朗読したりすること。,82102D3119000000
国語,239,(2) 話や文章に含まれている情報の扱い方に関する次の事項を身に付けることができるよう指導する。,82102D3120000000
国語,240,ア　原因と結果など情報と情報との関係について理解すること。,82102D3121000000
国語,241,イ　情報と情報との関係付けの仕方，図などによる語句と語句との関係の表し方を理解し使うこと。,82102D3122000000
国語,242,(3) 我が国の言語文化に関する次の事項を身に付けることができるよう指導する。,82102D3130000000
国語,243,ア　親しみやすい古文や漢文，近代以降の文語調の文章を音読するなどして，言葉の響きやリズムに親しむこと。,82102D3131000000
国語,244,イ　古典について解説した文章を読んだり作品の内容の大体を知ったりすることを通して，昔の人のものの見方や感じ方を知ること。,82102D3132000000
国語,245,ウ　語句の由来などに関心をもつとともに，時間の経過による言葉の変化や世代による言葉の違いに気付き，共通語と方言との違いを理解すること。また，仮名及び漢字の由来，特質などについて理解すること。,82102D3133000000
国語,246,エ　書写に関する次の事項を理解し使うこと。,82102D3134000000
国語,247,(ｱ) 用紙全体との関係に注意して，文字の大きさや配列などを決めるとともに，書く速さを意識して書くこと。,82102D3134100000
国語,248,(ｲ) 毛筆を使用して，穂先の動きと点画のつながりを意識して書くこと。,82102D3134200000
国語,249,(ｳ) 目的に応じて使用する筆記具を選び，その特徴を生かして書くこと。,82102D3134300000
国語,250,オ　日常的に読書に親しみ，読書が，自分の考えを広げることに役立つことに気付くこと。,82102D3135000000
国語,251,〔思考力，判断力，表現力等〕,82102D3200000000
国語,252,Ａ　話すこと・聞くこと,82102D3210000000
国語,253,(1) 話すこと・聞くことに関する次の事項を身に付けることができるよう指導する。,82102D3211000000
国語,254,ア　目的や意図に応じて，日常生活の中から話題を決め，集めた材料を分類したり関係付けたりして，伝え合う内容を検討すること。,82102D3211100000
国語,255,イ　話の内容が明確になるように，事実と感想，意見とを区別するなど，話の構成を考えること。,82102D3211200000
国語,256,ウ　資料を活用するなどして，自分の考えが伝わるように表現を工夫すること。,82102D3211300000
国語,257,エ　話し手の目的や自分が聞こうとする意図に応じて，話の内容を捉え，話し手の考えと比較しながら，自分の考えをまとめること。,82102D3211400000
国語,258,オ　互いの立場や意図を明確にしながら計画的に話し合い，考えを広げたりまとめたりすること。,82102D3211500000
国語,259,(2) (1)に示す事項については，例えば，次のような言語活動を通して指導するものとする。,82102D3212000000
国語,260,ア　意見や提案など自分の考えを話したり，それらを聞いたりする活動。,82102D3212100000
国語,261,イ　インタビューなどをして必要な情報を集めたり，それらを発表したりする活動。,82102D3212200000
国語,262,ウ　それぞれの立場から考えを伝えるなどして話し合う活動。　　,82102D3212300000
国語,263,Ｂ　書くこと,82102D3220000000
国語,264,(1) 書くことに関する次の事項を身に付けることができるよう指導する。,82102D3221000000
国語,265,ア　目的や意図に応じて，感じたことや考えたことなどから書くことを選び，集めた材料を分類したり関係付けたりして，伝えたいことを明確にすること。,82102D3221100000
国語,266,イ　筋道の通った文章となるように，文章全体の構成や展開を考えること。,82102D3221200000
国語,267,ウ　目的や意図に応じて簡単に書いたり詳しく書いたりするとともに，事実と感想，意見とを区別して書いたりするなど，自分の考えが伝わるように書き表し方を工夫すること。,82102D3221300000
国語,268,エ　引用したり，図表やグラフなどを用いたりして，自分の考えが伝わるように書き表し方を工夫すること。,82102D3221400000
国語,269,オ　文章全体の構成や書き表し方などに着目して，文や文章を整えること。,82102D3221500000
国語,270,カ　文章全体の構成や展開が明確になっているかなど，文章に対する感想や意見を伝え合い，自分の文章のよいところを見付けること。,82102D3221600000
国語,271,(2) (1)に示す事項については，例えば，次のような言語活動を通して指導するものとする。,82102D3222000000
国語,272,ア　事象を説明したり意見を述べたりするなど，考えたことや伝えたいことを書く活動。,82102D3222100000
国語,273,イ　短歌や俳句をつくるなど，感じたことや想像したことを書く活動。,82102D3222200000
国語,274,ウ　事実や経験を基に，感じたり考えたりしたことや自分にとっての意味について文章に書く活動。　　,82102D3222300000
国語,275,Ｃ　読むこと,82102D3230000000
国語,276,(1) 読むことに関する次の事項を身に付けることができるよう指導する。,82102D3231000000
国語,277,ア　事実と感想，意見などとの関係を叙述を基に押さえ，文章全体の構成を捉えて要旨を把握すること。,82102D3231100000
国語,278,イ　登場人物の相互関係や心情などについて，描写を基に捉えること。,82102D3231200000
国語,279,ウ　目的に応じて，文章と図表などを結び付けるなどして必要な情報を見付けたり，論の進め方について考えたりすること。,82102D3231300000
国語,280,エ　人物像や物語などの全体像を具体的に想像したり，表現の効果を考えたりすること。,82102D3231400000
国語,281,オ　文章を読んで理解したことに基づいて，自分の考えをまとめること。,82102D3231500000
国語,282,カ　文章を読んでまとめた意見や感想を共有し，自分の考えを広げること。,82102D3231600000
国語,283,(2) (1)に示す事項については，例えば，次のような言語活動を通して指導するものとする。,82102D3232000000
国語,284,ア　説明や解説などの文章を比較するなどして読み，分かったことや考えたことを，話し合ったり文章にまとめたりする活動。,82102D3232100000
国語,285,イ　詩や物語，伝記などを読み，内容を説明したり，自分の生き方などについて考えたことを伝え合ったりする活動。,82102D3232200000
国語,286,ウ　学校図書館などを利用し，複数の本や新聞などを活用して，調べたり考えたりしたことを報告する活動。,82102D3232300000
国語,287,第３　指導計画の作成と内容の取扱い,8210300000000000
国語,288,１　指導計画の作成に当たっては，次の事項に配慮するものとする。,8210300100000000
国語,289,(1) 単元など内容や時間のまとまりを見通して，その中で育む資質・能力の育成に向けて，児童の主体的・対話的で深い学びの実現を図るようにすること。その際，言葉による見方・考え方を働かせ，言語活動を通して，言葉の特徴や使い方などを理解し自分の思いや考えを深める学習の充実を図ること。,8210300110000000
国語,290,(2) 第２の各学年の内容の指導については，必要に応じて当該学年より前の学年において初歩的な形で取り上げたり，その後の学年で程度を高めて取り上げたりするなどして，弾力的に指導すること。,8210300120000000
国語,291,(3) 第２の各学年の内容の〔知識及び技能〕に示す事項については，〔思考力，判断力，表現力等〕に示す事項の指導を通して指導することを基本とし，必要に応じて，特定の事項だけを取り上げて指導したり，それらをまとめて指導したりするなど，指導の効果を高めるよう工夫すること。なお，その際，第１章総則の第２の３の(2)のウの(ｲ)に掲げる指導を行う場合には，当該指導のねらいを明確にするとともに，単元など内容や時間のまとまりを見通して資質・能力が偏りなく育成されるよう計画的に指導すること。,8210300130000000
国語,292,(4) 第２の各学年の内容の〔思考力，判断力，表現力等〕の「Ａ話すこと・聞くこと」に関する指導については，意図的，計画的に指導する機会が得られるように，第１学年及び第２学年では年間35単位時間程度，第３学年及び第４学年では年間30単位時間程度，第５学年及び第６学年では年間25単位時間程度を配当すること。その際，音声言語のための教材を活用するなどして指導の効果を高めるよう工夫すること。,8210300140000000
国語,293,(5) 第２の各学年の内容の〔思考力，判断力，表現力等〕の「Ｂ書くこと」に関する指導については，第１学年及び第２学年では年間100単位時間程度，第３学年及び第４学年では年間85単位時間程度，第５学年及び第６学年では年間55単位時間程度を配当すること。その際，実際に文章を書く活動をなるべく多くすること。,8210300150000000
国語,294,(6) 第２の第１学年及び第２学年の内容の〔知識及び技能〕の(3)のエ，第３学年及び第４学年，第５学年及び第６学年の内容の〔知識及び技能〕の(3)のオ及び各学年の内容の〔思考力，判断力，表現力等〕の「Ｃ読むこと」に関する指導については，読書意欲を高め，日常生活において読書活動を活発に行うようにするとともに，他教科等の学習における読書の指導や学校図書館における指導との関連を考えて行うこと。,8210300160000000
国語,295,(7) 低学年においては，第１章総則の第２の４の(1)を踏まえ，他教科等との関連を積極的に図り，指導の効果を高めるようにするとともに，幼稚園教育要領等に示す幼児期の終わりまでに育ってほしい姿との関連を考慮すること。特に，小学校入学当初においては，生活科を中心とした合科的・関連的な指導や，弾力的な時間割の設定を行うなどの工夫をすること。,82103A0170000000
国語,296,(8) 言語能力の向上を図る観点から，外国語活動及び外国語科など他教科等との関連を積極的に図り，指導の効果を高めるようにすること。,8210300180000000
国語,297,(9) 障害のある児童などについては，学習活動を行う場合に生じる困難さに応じた指導内容や指導方法の工夫を計画的，組織的に行うこと。,8210300190000000
国語,298,(10)　第１章総則の第１の２の(2)に示す道徳教育の目標に基づき，道徳科などとの関連を考慮しながら，第３章特別の教科道徳の第２に示す内容について，国語科の特質に応じて適切な指導をすること。,82103001A0000000
国語,299,２　第２の内容の取扱いについては，次の事項に配慮するものとする。,8210300200000000
国語,300,(1) 〔知識及び技能〕に示す事項については，次のとおり取り扱うこと。,8210300210000000
国語,301,ア　日常の言語活動を振り返ることなどを通して，児童が，実際に話したり聞いたり書いたり読んだりする場面を意識できるよう指導を工夫すること。,8210300211000000
国語,302,イ　表現したり理解したりするために必要な文字や語句については，辞書や事典を利用して調べる活動を取り入れるなど，調べる習慣が身に付くようにすること。,8210300212000000
国語,303,ウ　第３学年におけるローマ字の指導に当たっては，第５章総合的な学習の時間の第３の２の(3)に示す，コンピュータで文字を入力するなどの学習の基盤として必要となる情報手段の基本的な操作を習得し，児童が情報や情報手段を主体的に選択し活用できるよう配慮することとの関連が図られるようにすること。,8210330213000000
国語,304,エ　漢字の指導については，第２の内容に定めるほか，次のとおり取り扱うこと。,8210300214000000
国語,305,(ｱ) 学年ごとに配当されている漢字は，児童の学習負担に配慮しつつ，必要に応じて，当該学年以前の学年又は当該学年以降の学年において指導することもできること。 ,8210300214100000
国語,306,(ｲ) 当該学年より後の学年に配当されている漢字及びそれ以外の漢字については，振り仮名を付けるなど，児童の学習負担に配慮しつつ提示することができること。 ,8210300214200000
国語,307,(ｳ) 他教科等の学習において必要となる漢字については，当該教科等と関連付けて指導するなど，その確実な定着が図られるよう指導を工夫すること。 ,8210300214300000
国語,308,(ｴ) 漢字の指導においては，学年別漢字配当表に示す漢字の字体を標準とすること。　　,8210300214400000
国語,309,オ　各学年の(3)のア及びイに関する指導については，各学年で行い，古典に親しめるよう配慮すること。,8210300215000000
国語,310,カ　書写の指導については，第２の内容に定めるほか，次のとおり取り扱うこと。,8210300216000000
国語,311,(ｱ) 文字を正しく整えて書くことができるようにするとともに，書写の能力を学習や生活に役立てる態度を育てるよう配慮すること。,8210300216100000
国語,312,(ｲ) 硬筆を使用する書写の指導は各学年で行うこと。,8210300216200000
国語,313,(ｳ) 毛筆を使用する書写の指導は第３学年以上の各学年で行い，各学年年間30単位時間程度を配当するとともに，毛筆を使用する書写の指導は硬筆による書写の能力の基礎を養うよう指導すること。,82103L0216300000
国語,314,(ｴ) 第１学年及び第２学年の(3)のウの(ｲ)の指導については，適切に運筆する能力の向上につながるよう，指導を工夫すること。,82103A0216400000
国語,315,(2) 第２の内容の指導に当たっては，児童がコンピュータや情報通信ネットワークを積極的に活用する機会を設けるなどして，指導の効果を高めるよう工夫すること。,8210300220000000
国語,316,(3) 第２の内容の指導に当たっては，学校図書館などを目的をもって計画的に利用しその機能の活用を図るようにすること。その際，本などの種類や配置，探し方について指導するなど，児童が必要な本などを選ぶことができるよう配慮すること。なお，児童が読む図書については，人間形成のため偏りがないよう配慮して選定すること。,8210300230000000
国語,317,３　教材については，次の事項に留意するものとする。,8210300300000000
国語,318,(1) 教材は，第２の各学年の目標及び内容に示す資質・能力を偏りなく養うことや読書に親しむ態度の育成を通して読書習慣を形成することをねらいとし，児童の発達の段階に即して適切な話題や題材を精選して調和的に取り上げること。また，第２の各学年の内容の〔思考力，判断力，表現力等〕の 「Ａ話すこと・聞くこと」，「Ｂ書くこと」及び「Ｃ読むこと」のそれぞれの(2)に掲げる言語活動が十分行われるよう教材を選定すること。,8210300310000000
国語,319,(2) 教材は，次のような観点に配慮して取り上げること。,8210300320000000
国語,320,ア　国語に対する関心を高め，国語を尊重する態度を育てるのに役立つこと。,8210300321000000
国語,321,イ　伝え合う力，思考力や想像力及び言語感覚を養うのに役立つこと。,8210300322000000
国語,322,ウ　公正かつ適切に判断する能力や態度を育てるのに役立つこと。,8210300323000000
国語,323,エ　科学的，論理的に物事を捉え考察し，視野を広げるのに役立つこと。,8210300324000000
国語,324,オ　生活を明るくし，強く正しく生きる意志を育てるのに役立つこと。,8210300325000000
国語,325,カ　生命を尊重し，他人を思いやる心を育てるのに役立つこと。,8210300326000000
国語,326,キ　自然を愛し，美しいものに感動する心を育てるのに役立つこと。,8210300327000000
国語,327,ク　我が国の伝統と文化に対する理解と愛情を育てるのに役立つこと。,8210300328000000
国語,328,ケ　日本人としての自覚をもって国を愛し，国家，社会の発展を願う態度を育てるのに役立つこと。,8210300329000000
国語,329,コ　世界の風土や文化などを理解し，国際協調の精神を養うのに役立つこと。,821030032A000000
国語,330,(3) 第２の各学年の内容の〔思考力，判断力，表現力等〕の「Ｃ読むこと」の教材については，各学年で説明的な文章や文学的な文章などの文章形態を調和的に取り扱うこと。また，説明的な文章については，適宜，図表や写真などを含むものを取り上げること。,8210300330000000
国語,331,別表　学年別漢字配当表,8210000100000000
国語,332,第一学年（80字）,8210010110000000
国語,333,一,8210010110010000
国語,334,右,8210010110020000
国語,335,雨,8210010110030000
国語,336,円,8210010110040000
国語,337,王,8210010110050000
国語,338,音,8210010110060000
国語,339,下,8210010110070000
国語,340,火,8210010110080000
国語,341,花,8210010110090000
国語,342,貝,8210010110100000
国語,343,学,8210010110110000
国語,344,気,8210010110120000
国語,345,九,8210010110130000
国語,346,休,8210010110140000
国語,347,玉,8210010110150000
国語,348,金,8210010110160000
国語,349,空,8210010110170000
国語,350,月,8210010110180000
国語,351,犬,8210010110190000
国語,352,見,8210010110200000
国語,353,五,8210010110210000
国語,354,口,8210010110220000
国語,355,校,8210010110230000
国語,356,左,8210010110240000
国語,357,三,8210010110250000
国語,358,山,8210010110260000
国語,359,子,8210010110270000
国語,360,四,8210010110280000
国語,361,糸,8210010110290000
国語,362,字,8210010110300000
国語,363,耳,8210010110310000
国語,364,七,8210010110320000
国語,365,車,8210010110330000
国語,366,手,8210010110340000
国語,367,十,8210010110350000
国語,368,出,8210010110360000
国語,369,女,8210010110370000
国語,370,小,8210010110380000
国語,371,上,8210010110390000
国語,372,森,8210010110400000
国語,373,人,8210010110410000
国語,374,水,8210010110420000
国語,375,正,8210010110430000
国語,376,生,8210010110440000
国語,377,青,8210010110450000
国語,378,夕,8210010110460000
国語,379,石,8210010110470000
国語,380,赤,8210010110480000
国語,381,千,8210010110490000
国語,382,川,8210010110500000
国語,383,先,8210010110510000
国語,384,早,8210010110520000
国語,385,草,8210010110530000
国語,386,足,8210010110540000
国語,387,村,8210010110550000
国語,388,大,8210010110560000
国語,389,男,8210010110570000
国語,390,竹,8210010110580000
国語,391,中,8210010110590000
国語,392,虫,8210010110600000
国語,393,町,8210010110610000
国語,394,天,8210010110620000
国語,395,田,8210010110630000
国語,396,土,8210010110640000
国語,397,二,8210010110650000
国語,398,日,8210010110660000
国語,399,入,8210010110670000
国語,400,年,8210010110680000
国語,401,白,8210010110690000
国語,402,八,8210010110700000
国語,403,百,8210010110710000
国語,404,文,8210010110720000
国語,405,木,8210010110730000
国語,406,本,8210010110740000
国語,407,名,8210010110750000
国語,408,目,8210010110760000
国語,409,立,8210010110770000
国語,410,力,8210010110780000
国語,411,林,8210010110790000
国語,412,六,8210010110800000
国語,413,第二学年（160字）,8210020120000000
国語,414,引,8210020120010000
国語,415,羽,8210020120020000
国語,416,雲,8210020120030000
国語,417,園,8210020120040000
国語,418,遠,8210020120050000
国語,419,何,8210020120060000
国語,420,科,8210020120070000
国語,421,夏,8210020120080000
国語,422,家,8210020120090000
国語,423,歌,8210020120100000
国語,424,画,8210020120110000
国語,425,回,8210020120120000
国語,426,会,8210020120130000
国語,427,海,8210020120140000
国語,428,絵,8210020120150000
国語,429,外,8210020120160000
国語,430,角,8210020120170000
国語,431,楽,8210020120180000
国語,432,活,8210020120190000
国語,433,間,8210020120200000
国語,434,丸,8210020120210000
国語,435,岩,8210020120220000
国語,436,顔,8210020120230000
国語,437,汽,8210020120240000
国語,438,記,8210020120250000
国語,439,帰,8210020120260000
国語,440,弓,8210020120270000
国語,441,牛,8210020120280000
国語,442,魚,8210020120290000
国語,443,京,8210020120300000
国語,444,強,8210020120310000
国語,445,教,8210020120320000
国語,446,近,8210020120330000
国語,447,兄,8210020120340000
国語,448,形,8210020120350000
国語,449,計,8210020120360000
国語,450,元,8210020120370000
国語,451,言,8210020120380000
国語,452,原,8210020120390000
国語,453,戸,8210020120400000
国語,454,古,8210020120410000
国語,455,午,8210020120420000
国語,456,後,8210020120430000
国語,457,語,8210020120440000
国語,458,工,8210020120450000
国語,459,公,8210020120460000
国語,460,広,8210020120470000
国語,461,交,8210020120480000
国語,462,光,8210020120490000
国語,463,考,8210020120500000
国語,464,行,8210020120510000
国語,465,高,8210020120520000
国語,466,黄,8210020120530000
国語,467,合,8210020120540000
国語,468,谷,8210020120550000
国語,469,国,8210020120560000
国語,470,黒,8210020120570000
国語,471,今,8210020120580000
国語,472,才,8210020120590000
国語,473,細,8210020120600000
国語,474,作,8210020120610000
国語,475,算,8210020120620000
国語,476,止,8210020120630000
国語,477,市,8210020120640000
国語,478,矢,8210020120650000
国語,479,姉,8210020120660000
国語,480,思,8210020120670000
国語,481,紙,8210020120680000
国語,482,寺,8210020120690000
国語,483,自,8210020120700000
国語,484,時,8210020120710000
国語,485,室,8210020120720000
国語,486,社,8210020120730000
国語,487,弱,8210020120740000
国語,488,首,8210020120750000
国語,489,秋,8210020120760000
国語,490,週,8210020120770000
国語,491,春,8210020120780000
国語,492,書,8210020120790000
国語,493,少,8210020120800000
国語,494,場,8210020120810000
国語,495,色,8210020120820000
国語,496,食,8210020120830000
国語,497,心,8210020120840000
国語,498,新,8210020120850000
国語,499,親,8210020120860000
国語,500,図,8210020120870000
国語,501,数,8210020120880000
国語,502,西,8210020120890000
国語,503,声,8210020120900000
国語,504,星,8210020120910000
国語,505,晴,8210020120920000
国語,506,切,8210020120930000
国語,507,雪,8210020120940000
国語,508,船,8210020120950000
国語,509,線,8210020120960000
国語,510,前,8210020120970000
国語,511,組,8210020120980000
国語,512,走,8210020120990000
国語,513,多,8210020121000000
国語,514,太,8210020121010000
国語,515,体,8210020121020000
国語,516,台,8210020121030000
国語,517,地,8210020121040000
国語,518,池,8210020121050000
国語,519,知,8210020121060000
国語,520,茶,8210020121070000
国語,521,昼,8210020121080000
国語,522,長,8210020121090000
国語,523,鳥,8210020121100000
国語,524,朝,8210020121110000
国語,525,直,8210020121120000
国語,526,通,8210020121130000
国語,527,弟,8210020121140000
国語,528,店,8210020121150000
国語,529,点,8210020121160000
国語,530,電,8210020121170000
国語,531,刀,8210020121180000
国語,532,冬,8210020121190000
国語,533,当,8210020121200000
国語,534,東,8210020121210000
国語,535,答,8210020121220000
国語,536,頭,8210020121230000
国語,537,同,8210020121240000
国語,538,道,8210020121250000
国語,539,読,8210020121260000
国語,540,内,8210020121270000
国語,541,南,8210020121280000
国語,542,肉,8210020121290000
国語,543,馬,8210020121300000
国語,544,売,8210020121310000
国語,545,買,8210020121320000
国語,546,麦,8210020121330000
国語,547,半,8210020121340000
国語,548,番,8210020121350000
国語,549,父,8210020121360000
国語,550,風,8210020121370000
国語,551,分,8210020121380000
国語,552,聞,8210020121390000
国語,553,米,8210020121400000
国語,554,歩,8210020121410000
国語,555,母,8210020121420000
国語,556,方,8210020121430000
国語,557,北,8210020121440000
国語,558,毎,8210020121450000
国語,559,妹,8210020121460000
国語,560,万,8210020121470000
国語,561,明,8210020121480000
国語,562,鳴,8210020121490000
国語,563,毛,8210020121500000
国語,564,門,8210020121510000
国語,565,夜,8210020121520000
国語,566,野,8210020121530000
国語,567,友,8210020121540000
国語,568,用,8210020121550000
国語,569,曜,8210020121560000
国語,570,来,8210020121570000
国語,571,里,8210020121580000
国語,572,理,8210020121590000
国語,573,話,8210020121600000
国語,574,第三学年（200字）,8210030130000000
国語,575,悪,8210030130010000
国語,576,安,8210030130020000
国語,577,暗,8210030130030000
国語,578,医,8210030130040000
国語,579,委,8210030130050000
国語,580,意,8210030130060000
国語,581,育,8210030130070000
国語,582,員,8210030130080000
国語,583,院,8210030130090000
国語,584,飲,8210030130100000
国語,585,運,8210030130110000
国語,586,泳,8210030130120000
国語,587,駅,8210030130130000
国語,588,央,8210030130140000
国語,589,横,8210030130150000
国語,590,屋,8210030130160000
国語,591,温,8210030130170000
国語,592,化,8210030130180000
国語,593,荷,8210030130190000
国語,594,界,8210030130200000
国語,595,開,8210030130210000
国語,596,階,8210030130220000
国語,597,寒,8210030130230000
国語,598,感,8210030130240000
国語,599,漢,8210030130250000
国語,600,館,8210030130260000
国語,601,岸,8210030130270000
国語,602,起,8210030130280000
国語,603,期,8210030130290000
国語,604,客,8210030130300000
国語,605,究,8210030130310000
国語,606,急,8210030130320000
国語,607,級,8210030130330000
国語,608,宮,8210030130340000
国語,609,球,8210030130350000
国語,610,去,8210030130360000
国語,611,橋,8210030130370000
国語,612,業,8210030130380000
国語,613,曲,8210030130390000
国語,614,局,8210030130400000
国語,615,銀,8210030130410000
国語,616,区,8210030130420000
国語,617,苦,8210030130430000
国語,618,具,8210030130440000
国語,619,君,8210030130450000
国語,620,係,8210030130460000
国語,621,軽,8210030130470000
国語,622,血,8210030130480000
国語,623,決,8210030130490000
国語,624,研,8210030130500000
国語,625,県,8210030130510000
国語,626,庫,8210030130520000
国語,627,湖,8210030130530000
国語,628,向,8210030130540000
国語,629,幸,8210030130550000
国語,630,港,8210030130560000
国語,631,号,8210030130570000
国語,632,根,8210030130580000
国語,633,祭,8210030130590000
国語,634,皿,8210030130600000
国語,635,仕,8210030130610000
国語,636,死,8210030130620000
国語,637,使,8210030130630000
国語,638,始,8210030130640000
国語,639,指,8210030130650000
国語,640,歯,8210030130660000
国語,641,詩,8210030130670000
国語,642,次,8210030130680000
国語,643,事,8210030130690000
国語,644,持,8210030130700000
国語,645,式,8210030130710000
国語,646,実,8210030130720000
国語,647,写,8210030130730000
国語,648,者,8210030130740000
国語,649,主,8210030130750000
国語,650,守,8210030130760000
国語,651,取,8210030130770000
国語,652,酒,8210030130780000
国語,653,受,8210030130790000
国語,654,州,8210030130800000
国語,655,拾,8210030130810000
国語,656,終,8210030130820000
国語,657,習,8210030130830000
国語,658,集,8210030130840000
国語,659,住,8210030130850000
国語,660,重,8210030130860000
国語,661,宿,8210030130870000
国語,662,所,8210030130880000
国語,663,暑,8210030130890000
国語,664,助,8210030130900000
国語,665,昭,8210030130910000
国語,666,消,8210030130920000
国語,667,商,8210030130930000
国語,668,章,8210030130940000
国語,669,勝,8210030130950000
国語,670,乗,8210030130960000
国語,671,植,8210030130970000
国語,672,申,8210030130980000
国語,673,身,8210030130990000
国語,674,神,8210030131000000
国語,675,真,8210030131010000
国語,676,深,8210030131020000
国語,677,進,8210030131030000
国語,678,世,8210030131040000
国語,679,整,8210030131050000
国語,680,昔,8210030131060000
国語,681,全,8210030131070000
国語,682,相,8210030131080000
国語,683,送,8210030131090000
国語,684,想,8210030131100000
国語,685,息,8210030131110000
国語,686,速,8210030131120000
国語,687,族,8210030131130000
国語,688,他,8210030131140000
国語,689,打,8210030131150000
国語,690,対,8210030131160000
国語,691,待,8210030131170000
国語,692,代,8210030131180000
国語,693,第,8210030131190000
国語,694,題,8210030131200000
国語,695,炭,8210030131210000
国語,696,短,8210030131220000
国語,697,談,8210030131230000
国語,698,着,8210030131240000
国語,699,注,8210030131250000
国語,700,柱,8210030131260000
国語,701,丁,8210030131270000
国語,702,帳,8210030131280000
国語,703,調,8210030131290000
国語,704,追,8210030131300000
国語,705,定,8210030131310000
国語,706,庭,8210030131320000
国語,707,笛,8210030131330000
国語,708,鉄,8210030131340000
国語,709,転,8210030131350000
国語,710,都,8210030131360000
国語,711,度,8210030131370000
国語,712,投,8210030131380000
国語,713,豆,8210030131390000
国語,714,島,8210030131400000
国語,715,湯,8210030131410000
国語,716,登,8210030131420000
国語,717,等,8210030131430000
国語,718,動,8210030131440000
国語,719,童,8210030131450000
国語,720,農,8210030131460000
国語,721,波,8210030131470000
国語,722,配,8210030131480000
国語,723,倍,8210030131490000
国語,724,箱,8210030131500000
国語,725,畑,8210030131510000
国語,726,発,8210030131520000
国語,727,反,8210030131530000
国語,728,坂,8210030131540000
国語,729,板,8210030131550000
国語,730,皮,8210030131560000
国語,731,悲,8210030131570000
国語,732,美,8210030131580000
国語,733,鼻,8210030131590000
国語,734,筆,8210030131600000
国語,735,氷,8210030131610000
国語,736,表,8210030131620000
国語,737,秒,8210030131630000
国語,738,病,8210030131640000
国語,739,品,8210030131650000
国語,740,負,8210030131660000
国語,741,部,8210030131670000
国語,742,服,8210030131680000
国語,743,福,8210030131690000
国語,744,物,8210030131700000
国語,745,平,8210030131710000
国語,746,返,8210030131720000
国語,747,勉,8210030131730000
国語,748,放,8210030131740000
国語,749,味,8210030131750000
国語,750,命,8210030131760000
国語,751,面,8210030131770000
国語,752,問,8210030131780000
国語,753,役,8210030131790000
国語,754,薬,8210030131800000
国語,755,由,8210030131810000
国語,756,油,8210030131820000
国語,757,有,8210030131830000
国語,758,遊,8210030131840000
国語,759,予,8210030131850000
国語,760,羊,8210030131860000
国語,761,洋,8210030131870000
国語,762,葉,8210030131880000
国語,763,陽,8210030131890000
国語,764,様,8210030131900000
国語,765,落,8210030131910000
国語,766,流,8210030131920000
国語,767,旅,8210030131930000
国語,768,両,8210030131940000
国語,769,緑,8210030131950000
国語,770,礼,8210030131960000
国語,771,列,8210030131970000
国語,772,練,8210030131980000
国語,773,路,8210030131990000
国語,774,和,8210030132000000
国語,775,第四学年（202字）,8210040140000000
国語,776,愛,8210040140010000
国語,777,案,8210040140020000
国語,778,以,8210040140030000
国語,779,衣,8210040140040000
国語,780,位,8210040140050000
国語,781,茨,8210040140060000
国語,782,印,8210040140070000
国語,783,英,8210040140080000
国語,784,栄,8210040140090000
国語,785,媛,8210040140100000
国語,786,塩,8210040140110000
国語,787,岡,8210040140120000
国語,788,億,8210040140130000
国語,789,加,8210040140140000
国語,790,果,8210040140150000
国語,791,貨,8210040140160000
国語,792,課,8210040140170000
国語,793,芽,8210040140180000
国語,794,賀,8210040140190000
国語,795,改,8210040140200000
国語,796,械,8210040140210000
国語,797,害,8210040140220000
国語,798,街,8210040140230000
国語,799,各,8210040140240000
国語,800,覚,8210040140250000
国語,801,潟,8210040140260000
国語,802,完,8210040140270000
国語,803,官,8210040140280000
国語,804,管,8210040140290000
国語,805,関,8210040140300000
国語,806,観,8210040140310000
国語,807,願,8210040140320000
国語,808,岐,8210040140330000
国語,809,希,8210040140340000
国語,810,季,8210040140350000
国語,811,旗,8210040140360000
国語,812,器,8210040140370000
国語,813,機,8210040140380000
国語,814,議,8210040140390000
国語,815,求,8210040140400000
国語,816,泣,8210040140410000
国語,817,給,8210040140420000
国語,818,挙,8210040140430000
国語,819,漁,8210040140440000
国語,820,共,8210040140450000
国語,821,協,8210040140460000
国語,822,鏡,8210040140470000
国語,823,競,8210040140480000
国語,824,極,8210040140490000
国語,825,熊,8210040140500000
国語,826,訓,8210040140510000
国語,827,軍,8210040140520000
国語,828,郡,8210040140530000
国語,829,群,8210040140540000
国語,830,径,8210040140550000
国語,831,景,8210040140560000
国語,832,芸,8210040140570000
国語,833,欠,8210040140580000
国語,834,結,8210040140590000
国語,835,建,8210040140600000
国語,836,健,8210040140610000
国語,837,験,8210040140620000
国語,838,固,8210040140630000
国語,839,功,8210040140640000
国語,840,好,8210040140650000
国語,841,香,8210040140660000
国語,842,候,8210040140670000
国語,843,康,8210040140680000
国語,844,佐,8210040140690000
国語,845,差,8210040140700000
国語,846,菜,8210040140710000
国語,847,最,8210040140720000
国語,848,埼,8210040140730000
国語,849,材,8210040140740000
国語,850,崎,8210040140750000
国語,851,昨,8210040140760000
国語,852,札,8210040140770000
国語,853,刷,8210040140780000
国語,854,察,8210040140790000
国語,855,参,8210040140800000
国語,856,産,8210040140810000
国語,857,散,8210040140820000
国語,858,残,8210040140830000
国語,859,氏,8210040140840000
国語,860,司,8210040140850000
国語,861,試,8210040140860000
国語,862,児,8210040140870000
国語,863,治,8210040140880000
国語,864,滋,8210040140890000
国語,865,辞,8210040140900000
国語,866,鹿,8210040140910000
国語,867,失,8210040140920000
国語,868,借,8210040140930000
国語,869,種,8210040140940000
国語,870,周,8210040140950000
国語,871,祝,8210040140960000
国語,872,順,8210040140970000
国語,873,初,8210040140980000
国語,874,松,8210040140990000
国語,875,笑,8210040141000000
国語,876,唱,8210040141010000
国語,877,焼,8210040141020000
国語,878,照,8210040141030000
国語,879,城,8210040141040000
国語,880,縄,8210040141050000
国語,881,臣,8210040141060000
国語,882,信,8210040141070000
国語,883,井,8210040141080000
国語,884,成,8210040141090000
国語,885,省,8210040141100000
国語,886,清,8210040141110000
国語,887,静,8210040141120000
国語,888,席,8210040141130000
国語,889,積,8210040141140000
国語,890,折,8210040141150000
国語,891,節,8210040141160000
国語,892,説,8210040141170000
国語,893,浅,8210040141180000
国語,894,戦,8210040141190000
国語,895,選,8210040141200000
国語,896,然,8210040141210000
国語,897,争,8210040141220000
国語,898,倉,8210040141230000
国語,899,巣,8210040141240000
国語,900,束,8210040141250000
国語,901,側,8210040141260000
国語,902,続,8210040141270000
国語,903,卒,8210040141280000
国語,904,孫,8210040141290000
国語,905,帯,8210040141300000
国語,906,隊,8210040141310000
国語,907,達,8210040141320000
国語,908,単,8210040141330000
国語,909,置,8210040141340000
国語,910,仲,8210040141350000
国語,911,沖,8210040141360000
国語,912,兆,8210040141370000
国語,913,低,8210040141380000
国語,914,底,8210040141390000
国語,915,的,8210040141400000
国語,916,典,8210040141410000
国語,917,伝,8210040141420000
国語,918,徒,8210040141430000
国語,919,努,8210040141440000
国語,920,灯,8210040141450000
国語,921,働,8210040141460000
国語,922,特,8210040141470000
国語,923,徳,8210040141480000
国語,924,栃,8210040141490000
国語,925,奈,8210040141500000
国語,926,梨,8210040141510000
国語,927,熱,8210040141520000
国語,928,念,8210040141530000
国語,929,敗,8210040141540000
国語,930,梅,8210040141550000
国語,931,博,8210040141560000
国語,932,阪,8210040141570000
国語,933,飯,8210040141580000
国語,934,飛,8210040141590000
国語,935,必,8210040141600000
国語,936,票,8210040141610000
国語,937,標,8210040141620000
国語,938,不,8210040141630000
国語,939,夫,8210040141640000
国語,940,付,8210040141650000
国語,941,府,8210040141660000
国語,942,阜,8210040141670000
国語,943,富,8210040141680000
国語,944,副,8210040141690000
国語,945,兵,8210040141700000
国語,946,別,8210040141710000
国語,947,辺,8210040141720000
国語,948,変,8210040141730000
国語,949,便,8210040141740000
国語,950,包,8210040141750000
国語,951,法,8210040141760000
国語,952,望,8210040141770000
国語,953,牧,8210040141780000
国語,954,末,8210040141790000
国語,955,満,8210040141800000
国語,956,未,8210040141810000
国語,957,民,8210040141820000
国語,958,無,8210040141830000
国語,959,約,8210040141840000
国語,960,勇,8210040141850000
国語,961,要,8210040141860000
国語,962,養,8210040141870000
国語,963,浴,8210040141880000
国語,964,利,8210040141890000
国語,965,陸,8210040141900000
国語,966,良,8210040141910000
国語,967,料,8210040141920000
国語,968,量,8210040141930000
国語,969,輪,8210040141940000
国語,970,類,8210040141950000
国語,971,令,8210040141960000
国語,972,冷,8210040141970000
国語,973,例,8210040141980000
国語,974,連,8210040141990000
国語,975,老,8210040142000000
国語,976,労,8210040142010000
国語,977,録,8210040142020000
国語,978,第五学年（193字）,8210050150000000
国語,979,圧,8210050150010000
国語,980,囲,8210050150020000
国語,981,移,8210050150030000
国語,982,因,8210050150040000
国語,983,永,8210050150050000
国語,984,営,8210050150060000
国語,985,衛,8210050150070000
国語,986,易,8210050150080000
国語,987,益,8210050150090000
国語,988,液,8210050150100000
国語,989,演,8210050150110000
国語,990,応,8210050150120000
国語,991,往,8210050150130000
国語,992,桜,8210050150140000
国語,993,可,8210050150150000
国語,994,仮,8210050150160000
国語,995,価,8210050150170000
国語,996,河,8210050150180000
国語,997,過,8210050150190000
国語,998,快,8210050150200000
国語,999,解,8210050150210000
国語,1000,格,8210050150220000
国語,1001,確,8210050150230000
国語,1002,額,8210050150240000
国語,1003,刊,8210050150250000
国語,1004,幹,8210050150260000
国語,1005,慣,8210050150270000
国語,1006,眼,8210050150280000
国語,1007,紀,8210050150290000
国語,1008,基,8210050150300000
国語,1009,寄,8210050150310000
国語,1010,規,8210050150320000
国語,1011,喜,8210050150330000
国語,1012,技,8210050150340000
国語,1013,義,8210050150350000
国語,1014,逆,8210050150360000
国語,1015,久,8210050150370000
国語,1016,旧,8210050150380000
国語,1017,救,8210050150390000
国語,1018,居,8210050150400000
国語,1019,許,8210050150410000
国語,1020,境,8210050150420000
国語,1021,均,8210050150430000
国語,1022,禁,8210050150440000
国語,1023,句,8210050150450000
国語,1024,型,8210050150460000
国語,1025,経,8210050150470000
国語,1026,潔,8210050150480000
国語,1027,件,8210050150490000
国語,1028,険,8210050150500000
国語,1029,検,8210050150510000
国語,1030,限,8210050150520000
国語,1031,現,8210050150530000
国語,1032,減,8210050150540000
国語,1033,故,8210050150550000
国語,1034,個,8210050150560000
国語,1035,護,8210050150570000
国語,1036,効,8210050150580000
国語,1037,厚,8210050150590000
国語,1038,耕,8210050150600000
国語,1039,航,8210050150610000
国語,1040,鉱,8210050150620000
国語,1041,構,8210050150630000
国語,1042,興,8210050150640000
国語,1043,講,8210050150650000
国語,1044,告,8210050150660000
国語,1045,混,8210050150670000
国語,1046,査,8210050150680000
国語,1047,再,8210050150690000
国語,1048,災,8210050150700000
国語,1049,妻,8210050150710000
国語,1050,採,8210050150720000
国語,1051,際,8210050150730000
国語,1052,在,8210050150740000
国語,1053,財,8210050150750000
国語,1054,罪,8210050150760000
国語,1055,殺,8210050150770000
国語,1056,雑,8210050150780000
国語,1057,酸,8210050150790000
国語,1058,賛,8210050150800000
国語,1059,士,8210050150810000
国語,1060,支,8210050150820000
国語,1061,史,8210050150830000
国語,1062,志,8210050150840000
国語,1063,枝,8210050150850000
国語,1064,師,8210050150860000
国語,1065,資,8210050150870000
国語,1066,飼,8210050150880000
国語,1067,示,8210050150890000
国語,1068,似,8210050150900000
国語,1069,識,8210050150910000
国語,1070,質,8210050150920000
国語,1071,舎,8210050150930000
国語,1072,謝,8210050150940000
国語,1073,授,8210050150950000
国語,1074,修,8210050150960000
国語,1075,述,8210050150970000
国語,1076,術,8210050150980000
国語,1077,準,8210050150990000
国語,1078,序,8210050151000000
国語,1079,招,8210050151010000
国語,1080,証,8210050151020000
国語,1081,象,8210050151030000
国語,1082,賞,8210050151040000
国語,1083,条,8210050151050000
国語,1084,状,8210050151060000
国語,1085,常,8210050151070000
国語,1086,情,8210050151080000
国語,1087,織,8210050151090000
国語,1088,職,8210050151100000
国語,1089,制,8210050151110000
国語,1090,性,8210050151120000
国語,1091,政,8210050151130000
国語,1092,勢,8210050151140000
国語,1093,精,8210050151150000
国語,1094,製,8210050151160000
国語,1095,税,8210050151170000
国語,1096,責,8210050151180000
国語,1097,績,8210050151190000
国語,1098,接,8210050151200000
国語,1099,設,8210050151210000
国語,1100,絶,8210050151220000
国語,1101,祖,8210050151230000
国語,1102,素,8210050151240000
国語,1103,総,8210050151250000
国語,1104,造,8210050151260000
国語,1105,像,8210050151270000
国語,1106,増,8210050151280000
国語,1107,則,8210050151290000
国語,1108,測,8210050151300000
国語,1109,属,8210050151310000
国語,1110,率,8210050151320000
国語,1111,損,8210050151330000
国語,1112,貸,8210050151340000
国語,1113,態,8210050151350000
国語,1114,団,8210050151360000
国語,1115,断,8210050151370000
国語,1116,築,8210050151380000
国語,1117,貯,8210050151390000
国語,1118,張,8210050151400000
国語,1119,停,8210050151410000
国語,1120,提,8210050151420000
国語,1121,程,8210050151430000
国語,1122,適,8210050151440000
国語,1123,統,8210050151450000
国語,1124,堂,8210050151460000
国語,1125,銅,8210050151470000
国語,1126,導,8210050151480000
国語,1127,得,8210050151490000
国語,1128,毒,8210050151500000
国語,1129,独,8210050151510000
国語,1130,任,8210050151520000
国語,1131,燃,8210050151530000
国語,1132,能,8210050151540000
国語,1133,破,8210050151550000
国語,1134,犯,8210050151560000
国語,1135,判,8210050151570000
国語,1136,版,8210050151580000
国語,1137,比,8210050151590000
国語,1138,肥,8210050151600000
国語,1139,非,8210050151610000
国語,1140,費,8210050151620000
国語,1141,備,8210050151630000
国語,1142,評,8210050151640000
国語,1143,貧,8210050151650000
国語,1144,布,8210050151660000
国語,1145,婦,8210050151670000
国語,1146,武,8210050151680000
国語,1147,復,8210050151690000
国語,1148,複,8210050151700000
国語,1149,仏,8210050151710000
国語,1150,粉,8210050151720000
国語,1151,編,8210050151730000
国語,1152,弁,8210050151740000
国語,1153,保,8210050151750000
国語,1154,墓,8210050151760000
国語,1155,報,8210050151770000
国語,1156,豊,8210050151780000
国語,1157,防,8210050151790000
国語,1158,貿,8210050151800000
国語,1159,暴,8210050151810000
国語,1160,脈,8210050151820000
国語,1161,務,8210050151830000
国語,1162,夢,8210050151840000
国語,1163,迷,8210050151850000
国語,1164,綿,8210050151860000
国語,1165,輸,8210050151870000
国語,1166,余,8210050151880000
国語,1167,容,8210050151890000
国語,1168,略,8210050151900000
国語,1169,留,8210050151910000
国語,1170,領,8210050151920000
国語,1171,歴,8210050151930000
国語,1172,第六学年（191字）,8210060160000000
国語,1173,胃,8210060160010000
国語,1174,異,8210060160020000
国語,1175,遺,8210060160030000
国語,1176,域,8210060160040000
国語,1177,宇,8210060160050000
国語,1178,映,8210060160060000
国語,1179,延,8210060160070000
国語,1180,沿,8210060160080000
国語,1181,恩,8210060160090000
国語,1182,我,8210060160100000
国語,1183,灰,8210060160110000
国語,1184,拡,8210060160120000
国語,1185,革,8210060160130000
国語,1186,閣,8210060160140000
国語,1187,割,8210060160150000
国語,1188,株,8210060160160000
国語,1189,干,8210060160170000
国語,1190,巻,8210060160180000
国語,1191,看,8210060160190000
国語,1192,簡,8210060160200000
国語,1193,危,8210060160210000
国語,1194,机,8210060160220000
国語,1195,揮,8210060160230000
国語,1196,貴,8210060160240000
国語,1197,疑,8210060160250000
国語,1198,吸,8210060160260000
国語,1199,供,8210060160270000
国語,1200,胸,8210060160280000
国語,1201,郷,8210060160290000
国語,1202,勤,8210060160300000
国語,1203,筋,8210060160310000
国語,1204,系,8210060160320000
国語,1205,敬,8210060160330000
国語,1206,警,8210060160340000
国語,1207,劇,8210060160350000
国語,1208,激,8210060160360000
国語,1209,穴,8210060160370000
国語,1210,券,8210060160380000
国語,1211,絹,8210060160390000
国語,1212,権,8210060160400000
国語,1213,憲,8210060160410000
国語,1214,源,8210060160420000
国語,1215,厳,8210060160430000
国語,1216,己,8210060160440000
国語,1217,呼,8210060160450000
国語,1218,誤,8210060160460000
国語,1219,后,8210060160470000
国語,1220,孝,8210060160480000
国語,1221,皇,8210060160490000
国語,1222,紅,8210060160500000
国語,1223,降,8210060160510000
国語,1224,鋼,8210060160520000
国語,1225,刻,8210060160530000
国語,1226,穀,8210060160540000
国語,1227,骨,8210060160550000
国語,1228,困,8210060160560000
国語,1229,砂,8210060160570000
国語,1230,座,8210060160580000
国語,1231,済,8210060160590000
国語,1232,裁,8210060160600000
国語,1233,策,8210060160610000
国語,1234,冊,8210060160620000
国語,1235,蚕,8210060160630000
国語,1236,至,8210060160640000
国語,1237,私,8210060160650000
国語,1238,姿,8210060160660000
国語,1239,視,8210060160670000
国語,1240,詞,8210060160680000
国語,1241,誌,8210060160690000
国語,1242,磁,8210060160700000
国語,1243,射,8210060160710000
国語,1244,捨,8210060160720000
国語,1245,尺,8210060160730000
国語,1246,若,8210060160740000
国語,1247,樹,8210060160750000
国語,1248,収,8210060160760000
国語,1249,宗,8210060160770000
国語,1250,就,8210060160780000
国語,1251,衆,8210060160790000
国語,1252,従,8210060160800000
国語,1253,縦,8210060160810000
国語,1254,縮,8210060160820000
国語,1255,熟,8210060160830000
国語,1256,純,8210060160840000
国語,1257,処,8210060160850000
国語,1258,署,8210060160860000
国語,1259,諸,8210060160870000
国語,1260,除,8210060160880000
国語,1261,承,8210060160890000
国語,1262,将,8210060160900000
国語,1263,傷,8210060160910000
国語,1264,障,8210060160920000
国語,1265,蒸,8210060160930000
国語,1266,針,8210060160940000
国語,1267,仁,8210060160950000
国語,1268,垂,8210060160960000
国語,1269,推,8210060160970000
国語,1270,寸,8210060160980000
国語,1271,盛,8210060160990000
国語,1272,聖,8210060161000000
国語,1273,誠,8210060161010000
国語,1274,舌,8210060161020000
国語,1275,宣,8210060161030000
国語,1276,専,8210060161040000
国語,1277,泉,8210060161050000
国語,1278,洗,8210060161060000
国語,1279,染,8210060161070000
国語,1280,銭,8210060161080000
国語,1281,善,8210060161090000
国語,1282,奏,8210060161100000
国語,1283,窓,8210060161110000
国語,1284,創,8210060161120000
国語,1285,装,8210060161130000
国語,1286,層,8210060161140000
国語,1287,操,8210060161150000
国語,1288,蔵,8210060161160000
国語,1289,臓,8210060161170000
国語,1290,存,8210060161180000
国語,1291,尊,8210060161190000
国語,1292,退,8210060161200000
国語,1293,宅,8210060161210000
国語,1294,担,8210060161220000
国語,1295,探,8210060161230000
国語,1296,誕,8210060161240000
国語,1297,段,8210060161250000
国語,1298,暖,8210060161260000
国語,1299,値,8210060161270000
国語,1300,宙,8210060161280000
国語,1301,忠,8210060161290000
国語,1302,著,8210060161300000
国語,1303,庁,8210060161310000
国語,1304,頂,8210060161320000
国語,1305,腸,8210060161330000
国語,1306,潮,8210060161340000
国語,1307,賃,8210060161350000
国語,1308,痛,8210060161360000
国語,1309,敵,8210060161370000
国語,1310,展,8210060161380000
国語,1311,討,8210060161390000
国語,1312,党,8210060161400000
国語,1313,糖,8210060161410000
国語,1314,届,8210060161420000
国語,1315,難,8210060161430000
国語,1316,乳,8210060161440000
国語,1317,認,8210060161450000
国語,1318,納,8210060161460000
国語,1319,脳,8210060161470000
国語,1320,派,8210060161480000
国語,1321,拝,8210060161490000
国語,1322,背,8210060161500000
国語,1323,肺,8210060161510000
国語,1324,俳,8210060161520000
国語,1325,班,8210060161530000
国語,1326,晩,8210060161540000
国語,1327,否,8210060161550000
国語,1328,批,8210060161560000
国語,1329,秘,8210060161570000
国語,1330,俵,8210060161580000
国語,1331,腹,8210060161590000
国語,1332,奮,8210060161600000
国語,1333,並,8210060161610000
国語,1334,陛,8210060161620000
国語,1335,閉,8210060161630000
国語,1336,片,8210060161640000
国語,1337,補,8210060161650000
国語,1338,暮,8210060161660000
国語,1339,宝,8210060161670000
国語,1340,訪,8210060161680000
国語,1341,亡,8210060161690000
国語,1342,忘,8210060161700000
国語,1343,棒,8210060161710000
国語,1344,枚,8210060161720000
国語,1345,幕,8210060161730000
国語,1346,密,8210060161740000
国語,1347,盟,8210060161750000
国語,1348,模,8210060161760000
国語,1349,訳,8210060161770000
国語,1350,郵,8210060161780000
国語,1351,優,8210060161790000
国語,1352,預,8210060161800000
国語,1353,幼,8210060161810000
国語,1354,欲,8210060161820000
国語,1355,翌,8210060161830000
国語,1356,乱,8210060161840000
国語,1357,卵,8210060161850000
国語,1358,覧,8210060161860000
国語,1359,裏,8210060161870000
国語,1360,律,8210060161880000
国語,1361,臨,8210060161890000
国語,1362,朗,8210060161900000
国語,1363,論,8210060161910000
社会,1364,第２節　社　　会,82200L0000000000
社会,1365,"第１　目　標
社会的な見方・考え方を働かせ，課題を追究したり解決したりする活動を通して，グローバル化する国際社会に主体的に生きる平和で民主的な国家及び社会の形成者に必要な公民としての資質・能力の基礎を次のとおり育成することを目指す。",82201L0000000000
社会,1366,(1) 地域や我が国の国土の地理的環境，現代社会の仕組みや働き，地域や我が国の歴史や伝統と文化を通して社会生活について理解するとともに，様々な資料や調査活動を通して情報を適切に調べまとめる技能を身に付けるようにする。,82201L0100000000
社会,1367,(2) 社会的事象の特色や相互の関連，意味を多角的に考えたり，社会に見られる課題を把握して，その解決に向けて社会への関わり方を選択・判断したりする力，考えたことや選択・判断したことを適切に表現する力を養う。,82201L0200000000
社会,1368,(3) 社会的事象について，よりよい社会を考え主体的に問題解決しようとする態度を養うとともに，多角的な思考や理解を通して，地域社会に対する誇りと愛情，地域社会の一員としての自覚，我が国の国土と歴史に対する愛情，我が国の将来を担う国民としての自覚，世界の国々の人々と共に生きていくことの大切さについての自覚などを養う。,82201L0300000000
社会,1369,第２　各学年の目標及び内容,82202L0000000000
社会,1370,〔第３学年〕,8220230000000000
社会,1371,"１　目　標
社会的事象の見方・考え方を働かせ，学習の問題を追究・解決する活動を通して，次のとおり資質・能力を育成することを目指す。",8220232000000000
社会,1372,(1) 身近な地域や市区町村の地理的環境，地域の安全を守るための諸活動や地域の産業と消費生活の様子，地域の様子の移り変わりについて，人々の生活との関連を踏まえて理解するとともに，調査活動，地図帳や各種の具体的資料を通して，必要な情報を調べまとめる技能を身に付けるようにする。,8220232100000000
社会,1373,(2) 社会的事象の特色や相互の関連，意味を考える力，社会に見られる課題を把握して，その解決に向けて社会への関わり方を選択・判断する力，考えたことや選択・判断したことを表現する力を養う。,8220232200000000
社会,1374,(3) 社会的事象について，主体的に学習の問題を解決しようとする態度や，よりよい社会を考え学習したことを社会生活に生かそうとする態度を養うとともに，思考や理解を通して，地域社会に対する誇りと愛情，地域社会の一員としての自覚を養う。,8220232300000000
社会,1375,２　内　容,8220233000000000
社会,1376,(1) 身近な地域や市区町村（以下第２章第２節において「市」という。）の様子について，学習の問題を追究・解決する活動を通して，次の事項を身に付けることができるよう指導する。,8220233100000000
社会,1377,ア　次のような知識及び技能を身に付けること。,8220233110000000
社会,1378,(ｱ) 身近な地域や自分たちの市の様子を大まかに理解すること。,8220233111000000
社会,1379,(ｲ) 観察・調査したり地図などの資料で調べたりして，白地図などにまとめること。,8220233112000000
社会,1380,イ　次のような思考力，判断力，表現力等を身に付けること。,8220233120000000
社会,1381,(ｱ) 都道府県内における市の位置，市の地形や土地利用，交通の広がり，市役所など主な公共施設の場所と働き，古くから残る建造物の分布などに着目して，身近な地域や市の様子を捉え，場所による違いを考え，表現すること。,8220233121000000
社会,1382,(2) 地域に見られる生産や販売の仕事について，学習の問題を追究・解決する活動を通して，次の事項を身に付けることができるよう指導する。,8220233200000000
社会,1383,ア　次のような知識及び技能を身に付けること。,8220233210000000
社会,1384,(ｱ) 生産の仕事は，地域の人々の生活と密接な関わりをもって行われていることを理解すること。,8220233211000000
社会,1385,(ｲ) 販売の仕事は，消費者の多様な願いを踏まえ売り上げを高めるよう，工夫して行われていることを理解すること。,8220233212000000
社会,1386,(ｳ) 見学・調査したり地図などの資料で調べたりして，白地図などにまとめること。,8220233213000000
社会,1387,イ　次のような思考力，判断力，表現力等を身に付けること。,8220233220000000
社会,1388,(ｱ) 仕事の種類や産地の分布，仕事の工程などに着目して，生産に携わっている人々の仕事の様子を捉え，地域の人々の生活との関連を考え，表現すること。,8220233221000000
社会,1389,(ｲ) 消費者の願い，販売の仕方，他地域や外国との関わりなどに着目して，販売に携わっている人々の仕事の様子を捉え，それらの仕事に見られる工夫を考え，表現すること。,8220233222000000
社会,1390,(3) 地域の安全を守る働きについて，学習の問題を追究・解決する活動を通して，次の事項を身に付けることができるよう指導する。,8220233300000000
社会,1391,ア　次のような知識及び技能を身に付けること。,8220233310000000
社会,1392,(ｱ) 消防署や警察署などの関係機関は，地域の安全を守るために，相互に連携して緊急時に対処する体制をとっていることや，関係機関が地域の人々と協力して火災や事故などの防止に努めていることを理解すること。,8220233311000000
社会,1393,(ｲ) 見学・調査したり地図などの資料で調べたりして，まとめること。,8220233312000000
社会,1394,イ　次のような思考力，判断力，表現力等を身に付けること。,8220233320000000
社会,1395,(ｱ) 施設・設備などの配置，緊急時への備えや対応などに着目して，関係機関や地域の人々の諸活動を捉え，相互の関連や従事する人々の働きを考え，表現すること。,8220233321000000
社会,1396,(4) 市の様子の移り変わりについて，学習の問題を追究・解決する活動を通して，次の事項を身に付けることができるよう指導する。,8220233400000000
社会,1397,ア　次のような知識及び技能を身に付けること。,8220233410000000
社会,1398,(ｱ) 市や人々の生活の様子は，時間の経過に伴い，移り変わってきたことを理解すること。,8220233411000000
社会,1399,(ｲ) 聞き取り調査をしたり地図などの資料で調べたりして，年表などにまとめること。,8220233412000000
社会,1400,イ　次のような思考力，判断力，表現力等を身に付けること。,8220233420000000
社会,1401,(ｱ) 交通や公共施設，土地利用や人口，生活の道具などの時期による違いに着目して，市や人々の生活の様子を捉え，それらの変化を考え，表現すること。,8220233421000000
社会,1402,３　内容の取扱い,8220235000000000
社会,1403,(1) 内容の(1)については，次のとおり取り扱うものとする。,8220235100000000
社会,1404,ア　学年の導入で扱うこととし，アの(ｱ)については，「自分たちの市」に重点を置くよう配慮すること。,8220235110000000
社会,1405,イ　アの(ｲ)については，「白地図などにまとめる」際に，教科用図書「地図」(以下第２章第２節において「地図帳」という。)を参照し，方位や主な地図記号について扱うこと。,8220235120000000
社会,1406,(2) 内容の(2)については，次のとおり取り扱うものとする。,8220235200000000
社会,1407,ア　アの(ｱ)及びイの(ｱ)については，事例として農家，工場などの中から選択して取り上げるようにすること。,8220235210000000
社会,1408,イ　アの(ｲ)及びイの(ｲ)については，商店を取り上げ，「他地域や外国との関わり」を扱う際には，地図帳などを使用して都道府県や国の名称と位置などを調べるようにすること。,8220235220000000
社会,1409,ウ　イの(ｲ)については，我が国や外国には国旗があることを理解し，それを尊重する態度を養うよう配慮すること。,8220235230000000
社会,1410,(3) 内容の(3)については，次のとおり取り扱うものとする。,8220235300000000
社会,1411,ア　アの(ｱ)の「緊急時に対処する体制をとっていること」と「防止に努めていること」については，火災と事故はいずれも取り上げること。その際，どちらかに重点を置くなど効果的な指導を工夫をすること。,8220235310000000
社会,1412,イ　イの(ｱ)については，社会生活を営む上で大切な法やきまりについて扱うとともに，地域や自分自身の安全を守るために自分たちにできることなどを考えたり選択・判断したりできるよう配慮すること。,8220235320000000
社会,1413,(4) 内容の(4)については，次のとおり取り扱うものとする。,8220235400000000
社会,1414,ア　アの(ｲ)の「年表などにまとめる」際には，時期の区分について，昭和，平成など元号を用いた言い表し方などがあることを取り上げること。,8220235410000000
社会,1415,イ　イの(ｱ)の「公共施設」については，市が公共施設の整備を進めてきたことを取り上げること。その際，租税の役割に触れること。,8220235420000000
社会,1416,ウ　イの(ｱ)の「人口」を取り上げる際には，少子高齢化，国際化などに触れ，これからの市の発展について考えることができるよう配慮すること。,8220235430000000
社会,1417,〔第４学年〕,8220240000000000
社会,1418,"１　目　標
社会的事象の見方・考え方を働かせ，学習の問題を追究・解決する活動を通して，次のとおり資質・能力を育成することを目指す。",8220242000000000
社会,1419,(1) 自分たちの都道府県の地理的環境の特色，地域の人々の健康と生活環境を支える働きや自然災害から地域の安全を守るための諸活動，地域の伝統と文化や地域の発展に尽くした先人の働きなどについて，人々の生活との関連を踏まえて理解するとともに，調査活動，地図帳や各種の具体的資料を通して，必要な情報を調べまとめる技能を身に付けるようにする。,8220242100000000
社会,1420,(2) 社会的事象の特色や相互の関連，意味を考える力，社会に見られる課題を把握して，その解決に向けて社会への関わり方を選択・判断する力，考えたことや選択・判断したことを表現する力を養う。,8220242200000000
社会,1421,(3) 社会的事象について，主体的に学習の問題を解決しようとする態度や，よりよい社会を考え学習したことを社会生活に生かそうとする態度を養うとともに，思考や理解を通して，地域社会に対する誇りと愛情，地域社会の一員としての自覚を養う。,8220242300000000
社会,1422,２　内　容,8220243000000000
社会,1423,(1) 都道府県（以下第２章第２節において「県」という。）の様子について，学習の問題を追究・解決する活動を通して，次の事項を身に付けることができるよう指導する。,8220243100000000
社会,1424,ア　次のような知識及び技能を身に付けること。,8220243110000000
社会,1425,(ｱ) 自分たちの県の地理的環境の概要を理解すること。また，47都道府県の名称と位置を理解すること。,8220243111000000
社会,1426,(ｲ) 地図帳や各種の資料で調べ，白地図などにまとめること。,8220243112000000
社会,1427,イ　次のような思考力，判断力，表現力等を身に付けること。,8220243120000000
社会,1428,(ｱ) 我が国における自分たちの県の位置，県全体の地形や主な産業の分布，交通網や主な都市の位置などに着目して，県の様子を捉え，地理的環境の特色を考え，表現すること。,8220243121000000
社会,1429,(2) 人々の健康や生活環境を支える事業について，学習の問題を追究・解決する活動を通して，次の事項を身に付けることができるよう指導する。,8220243200000000
社会,1430,ア　次のような知識及び技能を身に付けること。,8220243210000000
社会,1431,(ｱ) 飲料水，電気，ガスを供給する事業は，安全で安定的に供給できるよう進められていることや，地域の人々の健康な生活の維持と向上に役立っていることを理解すること。,8220243211000000
社会,1432,(ｲ) 廃棄物を処理する事業は，衛生的な処理や資源の有効利用ができるよう進められていることや，生活環境の維持と向上に役立っていることを理解すること。,8220243212000000
社会,1433,(ｳ) 見学・調査したり地図などの資料で調べたりして，まとめること。,8220243213000000
社会,1434,イ　次のような思考力，判断力，表現力等を身に付けること。,8220243220000000
社会,1435,(ｱ) 供給の仕組みや経路，県内外の人々の協力などに着目して，飲料水，電気，ガスの供給のための事業の様子を捉え，それらの事業が果たす役割を考え，表現すること。,8220243221000000
社会,1436,(ｲ) 処理の仕組みや再利用，県内外の人々の協力などに着目して，廃棄物の処理のための事業の様子を捉え，その事業が果たす役割を考え，表現すること。,8220243222000000
社会,1437,(3) 自然災害から人々を守る活動について，学習の問題を追究・解決する活動を通して，次の事項を身に付けることができるよう指導する。,8220243300000000
社会,1438,ア　次のような知識及び技能を身に付けること。,8220243310000000
社会,1439,(ｱ) 地域の関係機関や人々は，自然災害に対し，様々な協力をして対処してきたことや，今後想定される災害に対し，様々な備えをしていることを理解すること。,8220243311000000
社会,1440,(ｲ) 聞き取り調査をしたり地図や年表などの資料で調べたりして，まとめること。,8220243312000000
社会,1441,イ　次のような思考力，判断力，表現力等を身に付けること。,8220243320000000
社会,1442,(ｱ) 過去に発生した地域の自然災害，関係機関の協力などに着目して，災害から人々を守る活動を捉え，その働きを考え，表現すること。,8220243321000000
社会,1443,(4) 県内の伝統や文化，先人の働きについて，学習の問題を追究・解決する活動を通して，次の事項を身に付けることができるよう指導する。,8220243400000000
社会,1444,ア　次のような知識及び技能を身に付けること。,8220243410000000
社会,1445,(ｱ) 県内の文化財や年中行事は，地域の人々が受け継いできたことや，それらには地域の発展など人々の様々な願いが込められていることを理解すること。,8220243411000000
社会,1446,(ｲ) 地域の発展に尽くした先人は，様々な苦心や努力により当時の生活の向上に貢献したことを理解すること。,8220243412000000
社会,1447,(ｳ) 見学・調査したり地図などの資料で調べたりして，年表などにまとめること。,8220243413000000
社会,1448,イ　次のような思考力，判断力，表現力等を身に付けること。,8220243420000000
社会,1449,(ｱ) 歴史的背景や現在に至る経過，保存や継承のための取組などに着目して，県内の文化財や年中行事の様子を捉え，人々の願いや努力を考え，表現すること。,8220243421000000
社会,1450,(ｲ) 当時の世の中の課題や人々の願いなどに着目して，地域の発展に尽くした先人の具体的事例を捉え，先人の働きを考え，表現すること。,8220243422000000
社会,1451,(5) 県内の特色ある地域の様子について，学習の問題を追究・解決する活動を通して，次の事項を身に付けることができるよう指導する。,8220243500000000
社会,1452,ア　次のような知識及び技能を身に付けること。,8220243510000000
社会,1453,(ｱ) 県内の特色ある地域では，人々が協力し，特色あるまちづくりや観光などの産業の発展に努めていることを理解すること。,8220243511000000
社会,1454,(ｲ) 地図帳や各種の資料で調べ，白地図などにまとめること。,8220243512000000
社会,1455,イ　次のような思考力，判断力，表現力等を身に付けること。,8220243520000000
社会,1456,(ｱ) 特色ある地域の位置や自然環境，人々の活動や産業の歴史的背景，人々の協力関係などに着目して，地域の様子を捉え，それらの特色を考え，表現すること。,8220243521000000
社会,1457,３　内容の取扱い,8220245000000000
社会,1458,(1) 内容の(2)については，次のとおり取り扱うものとする。,8220245100000000
社会,1459,ア　アの(ｱ)及び(ｲ)については，現在に至るまでに仕組みが計画的に改善され公衆衛生が向上してきたことに触れること。,8220245110000000
社会,1460,イ　アの(ｱ)及びイの(ｱ)については，飲料水，電気，ガスの中から選択して取り上げること。,8220245120000000
社会,1461,ウ　アの(ｲ)及びイの(ｲ)については，ごみ，下水のいずれかを選択して取り上げること。,8220245130000000
社会,1462,エ　イの(ｱ)については，節水や節電など自分たちにできることを考えたり選択・判断したりできるよう配慮すること。,8220245140000000
社会,1463,オ　イの(ｲ)については，社会生活を営む上で大切な法やきまりについて扱うとともに，ごみの減量や水を汚さない工夫など，自分たちにできることを考えたり選択・判断したりできるよう配慮すること。,8220245150000000
社会,1464,(2) 内容の(3)については，次のとおり取り扱うものとする。,8220245200000000
社会,1465,ア　アの(ｱ)については，地震災害，津波災害，風水害，火山災害，雪害などの中から，過去に県内で発生したものを選択して取り上げること。,8220245210000000
社会,1466,イ　アの(ｱ)及びイの(ｱ)の「関係機関」については，県庁や市役所の働きなどを中心に取り上げ，防災情報の発信，避難体制の確保などの働き，自衛隊など国の機関との関わりを取り上げること。,8220245220000000
社会,1467,ウ　イの(ｱ)については，地域で起こり得る災害を想定し，日頃から必要な備えをするなど，自分たちにできることなどを考えたり選択・判断したりできるよう配慮すること。,8220245230000000
社会,1468,(3) 内容の(4)については，次のとおり取り扱うものとする。,8220245300000000
社会,1469,ア　アの(ｱ)については，県内の主な文化財や年中行事が大まかに分かるようにするとともに，イの(ｱ)については，それらの中から具体的事例を取り上げること。,8220245310000000
社会,1470,イ　アの(ｲ)及びイの(ｲ)については，開発，教育，医療，文化，産業などの地域の発展に尽くした先人の中から選択して取り上げること。,8220245320000000
社会,1471,ウ　イの(ｱ)については，地域の伝統や文化の保存や継承に関わって，自分たちにできることなどを考えたり選択・判断したりできるよう配慮すること。,8220245330000000
社会,1472,(4) 内容の(5)については，次のとおり取り扱うものとする。,8220245400000000
社会,1473,ア　県内の特色ある地域が大まかに分かるようにするとともに，伝統的な技術を生かした地場産業が盛んな地域，国際交流に取り組んでいる地域及び地域の資源を保護・活用している地域を取り上げること。その際，地域の資源を保護・活用している地域については，自然環境，伝統的な文化のいずれかを選択して取り上げること。,8220245410000000
社会,1474,イ　国際交流に取り組んでいる地域を取り上げる際には，我が国や外国には国旗があることを理解し，それを尊重する態度を養うよう配慮すること。,8220245420000000
社会,1475,〔第５学年〕,8220250000000000
社会,1476,"１　目　標
社会的事象の見方・考え方を働かせ，学習の問題を追究・解決する活動を通して，次のとおり資質・能力を育成することを目指す。",8220252000000000
社会,1477,(1) 我が国の国土の地理的環境の特色や産業の現状，社会の情報化と産業の関わりについて，国民生活との関連を踏まえて理解するとともに，地図帳や地球儀，統計などの各種の基礎的資料を通して，情報を適切に調べまとめる技能を身に付けるようにする。,8220252100000000
社会,1478,(2) 社会的事象の特色や相互の関連，意味を多角的に考える力，社会に見られる課題を把握して，その解決に向けて社会への関わり方を選択・判断する力，考えたことや選択・判断したことを説明したり，それらを基に議論したりする力を養う。,8220252200000000
社会,1479,(3) 社会的事象について，主体的に学習の問題を解決しようとする態度や，よりよい社会を考え学習したことを社会生活に生かそうとする態度を養うとともに，多角的な思考や理解を通して，我が国の国土に対する愛情，我が国の産業の発展を願い我が国の将来を担う国民としての自覚を養う。,8220252300000000
社会,1480,２　内　容,8220253000000000
社会,1481,(1) 我が国の国土の様子と国民生活について，学習の問題を追究・解決する活動を通して，次の事項を身に付けることができるよう指導する。,8220253100000000
社会,1482,ア　次のような知識及び技能を身に付けること。,8220253110000000
社会,1483,(ｱ) 世界における我が国の国土の位置，国土の構成，領土の範囲などを大まかに理解すること。,8220253111000000
社会,1484,(ｲ) 我が国の国土の地形や気候の概要を理解するとともに，人々は自然環境に適応して生活していることを理解すること。,8220253112000000
社会,1485,(ｳ) 地図帳や地球儀，各種の資料で調べ，まとめること。,8220253113000000
社会,1486,イ　次のような思考力，判断力，表現力等を身に付けること。,8220253120000000
社会,1487,(ｱ) 世界の大陸と主な海洋，主な国の位置，海洋に囲まれ多数の島からなる国土の構成などに着目して，我が国の国土の様子を捉え，その特色を考え，表現すること。,8220253121000000
社会,1488,(ｲ) 地形や気候などに着目して，国土の自然などの様子や自然条件から見て特色ある地域の人々の生活を捉え，国土の自然環境の特色やそれらと国民生活との関連を考え，表現すること。,8220253122000000
社会,1489,(2) 我が国の農業や水産業における食料生産について，学習の問題を追究・解決する活動を通して，次の事項を身に付けることができるよう指導する。,8220253200000000
社会,1490,ア　次のような知識及び技能を身に付けること。,8220253210000000
社会,1491,(ｱ) 我が国の食料生産は，自然条件を生かして営まれていることや，国民の食料を確保する重要な役割を果たしていることを理解すること。,8220253211000000
社会,1492,(ｲ) 食料生産に関わる人々は，生産性や品質を高めるよう努力したり輸送方法や販売方法を工夫したりして，良質な食料を消費地に届けるなど，食料生産を支えていることを理解すること。,8220253212000000
社会,1493,(ｳ) 地図帳や地球儀，各種の資料で調べ，まとめること。,8220253213000000
社会,1494,イ　次のような思考力，判断力，表現力等を身に付けること。,8220253220000000
社会,1495,(ｱ) 生産物の種類や分布，生産量の変化，輸入など外国との関わりなどに着目して，食料生産の概要を捉え，食料生産が国民生活に果たす役割を考え，表現すること。,8220253221000000
社会,1496,(ｲ) 生産の工程，人々の協力関係，技術の向上，輸送，価格や費用などに着目して，食料生産に関わる人々の工夫や努力を捉え，その働きを考え，表現すること。,8220253222000000
社会,1497,(3) 我が国の工業生産について，学習の問題を追究・解決する活動を通して，次の事項を身に付けることができるよう指導する。,8220253300000000
社会,1498,ア　次のような知識及び技能を身に付けること。,8220253310000000
社会,1499,(ｱ) 我が国では様々な工業生産が行われていることや，国土には工業の盛んな地域が広がっていること及び工業製品は国民生活の向上に重要な役割を果たしていることを理解すること。,8220253311000000
社会,1500,(ｲ) 工業生産に関わる人々は，消費者の需要や社会の変化に対応し，優れた製品を生産するよう様々な工夫や努力をして，工業生産を支えていることを理解すること。,8220253312000000
社会,1501,(ｳ) 貿易や運輸は，原材料の確保や製品の販売などにおいて，工業生産を支える重要な役割を果たしていることを理解すること。,8220253313000000
社会,1502,(ｴ) 地図帳や地球儀，各種の資料で調べ，まとめること。,8220253314000000
社会,1503,イ　次のような思考力，判断力，表現力等を身に付けること。,8220253320000000
社会,1504,"(ｱ) 工業の種類，工業の盛んな地域の分布，工業製品の改良などに着目して,工業生産の概要を捉え，工業生産が国民生活に果たす役割を考え，表現すること。",8220253321000000
社会,1505,(ｲ) 製造の工程，工場相互の協力関係，優れた技術などに着目して，工業生産に関わる人々の工夫や努力を捉え，その働きを考え，表現すること。,8220253322000000
社会,1506,(ｳ) 交通網の広がり，外国との関わりなどに着目して，貿易や運輸の様子を捉え，それらの役割を考え，表現すること。,8220253323000000
社会,1507,(4) 我が国の産業と情報との関わりについて，学習の問題を追究・解決する活動を通して，次の事項を身に付けることができるよう指導する。,8220253400000000
社会,1508,ア　次のような知識及び技能を身に付けること。,8220253410000000
社会,1509,(ｱ) 放送，新聞などの産業は，国民生活に大きな影響を及ぼしていることを理解すること。,8220253411000000
社会,1510,(ｲ) 大量の情報や情報通信技術の活用は，様々な産業を発展させ，国民生活を向上させていることを理解すること。,8220253412000000
社会,1511,(ｳ) 聞き取り調査をしたり映像や新聞などの各種資料で調べたりして，まとめること。,8220253413000000
社会,1512,イ　次のような思考力，判断力，表現力等を身に付けること。,8220253420000000
社会,1513,(ｱ) 情報を集め発信するまでの工夫や努力などに着目して，放送，新聞などの産業の様子を捉え，それらの産業が国民生活に果たす役割を考え，表現すること。,8220253421000000
社会,1514,(ｲ) 情報の種類，情報の活用の仕方などに着目して，産業における情報活用の現状を捉え，情報を生かして発展する産業が国民生活に果たす役割を考え，表現すること。,8220253422000000
社会,1515,(5) 我が国の国土の自然環境と国民生活との関連について，学習の問題を追究・解決する活動を通して，次の事項を身に付けることができるよう指導する。,8220253500000000
社会,1516,ア　次のような知識及び技能を身に付けること。,8220253510000000
社会,1517,(ｱ) 自然災害は国土の自然条件などと関連して発生していることや，自然災害から国土を保全し国民生活を守るために国や県などが様々な対策や事業を進めていることを理解すること。,8220253511000000
社会,1518,(ｲ) 森林は，その育成や保護に従事している人々の様々な工夫と努力により国土の保全など重要な役割を果たしていることを理解すること。,8220253512000000
社会,1519,(ｳ) 関係機関や地域の人々の様々な努力により公害の防止や生活環境の改善が図られてきたことを理解するとともに，公害から国土の環境や国民の健康な生活を守ることの大切さを理解すること。,8220253513000000
社会,1520,(ｴ) 地図帳や各種の資料で調べ，まとめること。,8220253514000000
社会,1521,イ　次のような思考力，判断力，表現力等を身に付けること。,8220253520000000
社会,1522,(ｱ) 災害の種類や発生の位置や時期，防災対策などに着目して，国土の自然災害の状況を捉え，自然条件との関連を考え，表現すること。,8220253521000000
社会,1523,(ｲ) 森林資源の分布や働きなどに着目して，国土の環境を捉え，森林資源が果たす役割を考え，表現すること。,8220253522000000
社会,1524,(ｳ) 公害の発生時期や経過，人々の協力や努力などに着目して，公害防止の取組を捉え，その働きを考え，表現すること。,8220253523000000
社会,1525,３　内容の取扱い,8220255000000000
社会,1526,(1) 内容の(1)については，次のとおり取り扱うものとする。,8220255100000000
社会,1527,ア　アの(ｱ)の「領土の範囲」については，竹島や北方領土，尖閣諸島が我が国の固有の領土であることに触れること。,8220255110000000
社会,1528,イ　アの(ｳ)については，地図帳や地球儀を用いて，方位，緯度や経度などによる位置の表し方について取り扱うこと。,8220255120000000
社会,1529,ウ　イの(ｱ)の「主な国」については，名称についても扱うようにし，近隣の諸国を含めて取り上げること。その際，我が国や諸外国には国旗があることを理解し，それを尊重する態度を養うよう配慮すること。,8220255130000000
社会,1530,エ　イの(ｲ)の「自然条件から見て特色ある地域」については，地形条件や気候条件から見て特色ある地域を取り上げること。,8220255140000000
社会,1531,(2) 内容の(2)については，次のとおり取り扱うものとする。,8220255200000000
社会,1532,ア　アの(ｲ)及びイの(ｲ)については，食料生産の盛んな地域の具体的事例を通して調べることとし，稲作のほか，野菜，果物，畜産物，水産物などの中から一つを取り上げること。,8220255210000000
社会,1533,イ　イの(ｱ)及び(ｲ)については，消費者や生産者の立場などから多角的に考えて，これからの農業などの発展について，自分の考えをまとめることができるよう配慮すること。,8220255220000000
社会,1534,(3) 内容の(3)については，次のとおり取り扱うものとする。,8220255300000000
社会,1535,ア　アの(ｲ)及びイの(ｲ)については，工業の盛んな地域の具体的事例を通して調べることとし，金属工業，機械工業，化学工業，食料品工業などの中から一つを取り上げること。,8220255310000000
社会,1536,イ　イの(ｱ)及び(ｲ)については，消費者や生産者の立場などから多角的に考えて，これからの工業の発展について，自分の考えをまとめることができるよう配慮すること。,8220255320000000
社会,1537,(4) 内容の(4)については，次のとおり取り扱うものとする。,8220255400000000
社会,1538,ア　アの(ｱ)の「放送，新聞などの産業」については，それらの中から選択して取り上げること。その際，情報を有効に活用することについて，情報の送り手と受け手の立場から多角的に考え，受け手として正しく判断することや送り手として責任をもつことが大切であることに気付くようにすること。,8220255410000000
社会,1539,イ　アの(ｲ)及びイの(ｲ)については，情報や情報技術を活用して発展している販売，運輸，観光，医療，福祉などに関わる産業の中から選択して取り上げること。その際，産業と国民の立場から多角的に考えて，情報化の進展に伴う産業の発展や国民生活の向上について，自分の考えをまとめることができるよう配慮すること。,8220255420000000
社会,1540,(5) 内容の(5)については，次のとおり取り扱うものとする。,8220255500000000
社会,1541,ア　アの(ｱ)については，地震災害，津波災害，風水害，火山災害，雪害などを取り上げること。,8220255510000000
社会,1542,イ　アの(ｳ)及びイの(ｳ)については，大気の汚染，水質の汚濁などの中から具体的事例を選択して取り上げること。,8220255520000000
社会,1543,ウ　イの(ｲ)及び(ｳ)については，国土の環境保全について，自分たちにできることなどを考えたり選択・判断したりできるよう配慮すること。,8220255530000000
社会,1544,〔第６学年〕,8220260000000000
社会,1545,"１　目　標
社会的事象の見方・考え方を働かせ，学習の問題を追究・解決する活動を通して，次のとおり資質・能力を育成することを目指す。",8220262000000000
社会,1546,(1) 我が国の政治の考え方と仕組みや働き，国家及び社会の発展に大きな働きをした先人の業績や優れた文化遺産，我が国と関係の深い国の生活やグローバル化する国際社会における我が国の役割について理解するとともに，地図帳や地球儀，統計や年表などの各種の基礎的資料を通して，情報を適切に調べまとめる技能を身に付けるようにする。,8220262100000000
社会,1547,(2) 社会的事象の特色や相互の関連，意味を多角的に考える力，社会に見られる課題を把握して，その解決に向けて社会への関わり方を選択・判断する力，考えたことや選択・判断したことを説明したり，それらを基に議論したりする力を養う。,8220262200000000
社会,1548,(3) 社会的事象について，主体的に学習の問題を解決しようとする態度や，よりよい社会を考え学習したことを社会生活に生かそうとする態度を養うとともに，多角的な思考や理解を通して，我が国の歴史や伝統を大切にして国を愛する心情，我が国の将来を担う国民としての自覚や平和を願う日本人として世界の国々の人々と共に生きることの大切さについての自覚を養う。,8220262300000000
社会,1549,２　内　容,8220263000000000
社会,1550,(1) 我が国の政治の働きについて，学習の問題を追究・解決する活動を通して，次の事項を身に付けることができるよう指導する。,8220263100000000
社会,1551,ア　次のような知識及び技能を身に付けること。,8220263110000000
社会,1552,(ｱ) 日本国憲法は国家の理想，天皇の地位，国民としての権利及び義務など国家や国民生活の基本を定めていることや，現在の我が国の民主政治は日本国憲法の基本的な考え方に基づいていることを理解するとともに，立法，行政，司法の三権がそれぞれの役割を果たしていることを理解すること。,8220263111000000
社会,1553,(ｲ) 国や地方公共団体の政治は，国民主権の考え方の下，国民生活の安定と向上を図る大切な働きをしていることを理解すること。,8220263112000000
社会,1554,(ｳ) 見学・調査したり各種の資料で調べたりして，まとめること。,8220263113000000
社会,1555,イ　次のような思考力，判断力，表現力等を身に付けること。,8220263120000000
社会,1556,(ｱ) 日本国憲法の基本的な考え方に着目して，我が国の民主政治を捉え，日本国憲法が国民生活に果たす役割や，国会，内閣，裁判所と国民との関わりを考え，表現すること。,8220263121000000
社会,1557,(ｲ) 政策の内容や計画から実施までの過程，法令や予算との関わりなどに着目して，国や地方公共団体の政治の取組を捉え，国民生活における政治の働きを考え，表現すること。,8220263122000000
社会,1558,(2) 我が国の歴史上の主な事象について，学習の問題を追究・解決する活動を通して，次の事項を身に付けることができるよう指導する。,8220263200000000
社会,1559,ア　次のような知識及び技能を身に付けること。その際，我が国の歴史上の主な事象を手掛かりに，大まかな歴史を理解するとともに，関連する先人の業績，優れた文化遺産を理解すること。,8220263210000000
社会,1560,(ｱ) 狩猟・採集や農耕の生活，古墳，大和朝廷（大和政権）による統一の様子を手掛かりに，むらからくにへと変化したことを理解すること。その際，神話・伝承を手掛かりに，国の形成に関する考え方などに関心をもつこと。,8220263211000000
社会,1561,(ｲ) 大陸文化の摂取，大化の改新，大仏造営の様子を手掛かりに，天皇を中心とした政治が確立されたことを理解すること。,8220263212000000
社会,1562,(ｳ) 貴族の生活や文化を手掛かりに，日本風の文化が生まれたことを理解すること。,8220263213000000
社会,1563,(ｴ) 源平の戦い，鎌倉幕府の始まり，元との戦いを手掛かりに，武士による政治が始まったことを理解すること。,8220263214000000
社会,1564,(ｵ) 京都の室町に幕府が置かれた頃の代表的な建造物や絵画を手掛かりに，今日の生活文化につながる室町文化が生まれたことを理解すること。,8220263215000000
社会,1565,(ｶ) キリスト教の伝来，織田《おだ》・豊臣《とよとみ》の天下統一を手掛かりに，戦国の世が統一されたことを理解すること。,8220263216000000
社会,1566,(ｷ) 江戸幕府の始まり，参勤交代や鎖国などの幕府の政策，身分制を手掛かりに，武士による政治が安定したことを理解すること。,8220263217000000
社会,1567,(ｸ) 歌舞伎や浮世絵，国学や蘭学《らんがく》を手掛かりに，町人の文化が栄え新しい学問がおこったことを理解すること。,8220263218000000
社会,1568,(ｹ) 黒船の来航，廃藩置県や四民平等などの改革，文明開化などを手掛かりに，我が国が明治維新を機に欧米の文化を取り入れつつ近代化を進めたことを理解すること。,8220263219000000
社会,1569,(ｺ) 大日本帝国憲法の発布，日清《にっしん》・日露の戦争，条約改正，科学の発展などを手掛かりに，我が国の国力が充実し国際的地位が向上したことを理解すること。,822026321A000000
社会,1570,(ｻ) 日中戦争や我が国に関わる第二次世界大戦，日本国憲法の制定，オリンピック・パラリンピックの開催などを手掛かりに，戦後我が国は民主的な国家として出発し，国民生活が向上し，国際社会の中で重要な役割を果たしてきたことを理解すること。,822026321B000000
社会,1571,(ｼ) 遺跡や文化財，地図や年表などの資料で調べ，まとめること。,822026321C000000
社会,1572,イ　次のような思考力，判断力，表現力等を身に付けること。,8220263220000000
社会,1573,(ｱ) 世の中の様子，人物の働きや代表的な文化遺産などに着目して，我が国の歴史上の主な事象を捉え，我が国の歴史の展開を考えるとともに，歴史を学ぶ意味を考え，表現すること。,8220263221000000
社会,1574,(3) グローバル化する世界と日本の役割について，学習の問題を追究・解決する活動を通して，次の事項を身に付けることができるよう指導する。,8220263300000000
社会,1575,ア　次のような知識及び技能を身に付けること。,8220263310000000
社会,1576,(ｱ) 我が国と経済や文化などの面でつながりが深い国の人々の生活は，多様であることを理解するとともに，スポーツや文化などを通して他国と交流し，異なる文化や習慣を尊重し合うことが大切であることを理解すること。,8220263311000000
社会,1577,(ｲ) 我が国は，平和な世界の実現のために国際連合の一員として重要な役割を果たしたり，諸外国の発展のために援助や協力を行ったりしていることを理解すること。,8220263312000000
社会,1578,(ｳ) 地図帳や地球儀，各種の資料で調べ，まとめること。,8220263313000000
社会,1579,イ　次のような思考力，判断力，表現力等を身に付けること。,8220263320000000
社会,1580,(ｱ) 外国の人々の生活の様子などに着目して，日本の文化や習慣との違いを捉え，国際交流の果たす役割を考え，表現すること。,8220263321000000
社会,1581,"(ｲ) 地球規模で発生している課題の解決に向けた連携・協力などに着目して,国際連合の働きや我が国の国際協力の様子を捉え，国際社会において我が国が果たしている役割を考え，表現すること。",8220263322000000
社会,1582,３　内容の取扱い,8220265000000000
社会,1583,(1) 内容の(1)については，次のとおり取り扱うものとする。,8220265100000000
社会,1584,ア　アの(ｱ)については，国会などの議会政治や選挙の意味，国会と内閣と裁判所の三権相互の関連，裁判員制度や租税の役割などについて扱うこと。その際，イの(ｱ)に関わって，国民としての政治への関わり方について多角的に考えて，自分の考えをまとめることができるよう配慮すること。,8220265110000000
社会,1585,イ　アの(ｱ)の「天皇の地位」については，日本国憲法に定める天皇の国事に関する行為など児童に理解しやすい事項を取り上げ，歴史に関する学習との関連も図りながら，天皇についての理解と敬愛の念を深めるようにすること。また，「国民としての権利及び義務」については，参政権，納税の義務などを取り上げること。,8220265120000000
社会,1586,ウ　アの(ｲ)の「国や地方公共団体の政治」については，社会保障，自然災害からの復旧や復興，地域の開発や活性化などの取組の中から選択して取り上げること。,8220265130000000
社会,1587,エ　イの(ｱ)の「国会」について，国民との関わりを指導する際には，各々の国民の祝日に関心をもち，我が国の社会や文化における意義を考えることができるよう配慮すること。,8220265140000000
社会,1588,(2) 内容の(2)については，次のとおり取り扱うものとする。,8220265200000000
社会,1589,ア　アの(ｱ)から(ｻ)までについては，児童の興味・関心を重視し，取り上げる人物や文化遺産の重点の置き方に工夫を加えるなど，精選して具体的に理解できるようにすること。その際，アの(ｻ)の指導に当たっては，児童の発達の段階を考慮すること。,8220265210000000
社会,1590,イ　アの(ｱ)から(ｻ)までについては，例えば，国宝，重要文化財に指定されているものや，世界文化遺産に登録されているものなどを取り上げ，我が国の代表的な文化遺産を通して学習できるように配慮すること。,8220265220000000
社会,1591,ウ　アの(ｱ)から(ｺ)までについては，例えば，次に掲げる人物を取り上げ，人物の働きを通して学習できるよう指導すること。,8220265230000000
社会,1592,卑弥呼《ひみこ》,8220265230100000
社会,1593,聖徳太子《しょうとくたいし》,8220265230200000
社会,1594,小野妹子《おののいもこ》,8220265230300000
社会,1595,中大兄皇子《なかのおおえのおうじ》,8220265230400000
社会,1596,中臣鎌足《なかとみのかまたり》,8220265230500000
社会,1597,聖武《しょうむ》天皇,8220265230600000
社会,1598,行基《ぎょうき》,8220265230700000
社会,1599,鑑真《がんじん》,8220265230800000
社会,1600,藤原道長《ふじわらのみちなが》,8220265230900000
社会,1601,紫式部《むらさきしきぶ》,8220265231000000
社会,1602,清少納言《せいしょうなごん》,8220265231100000
社会,1603,平清盛《たいらのきよもり》,8220265231200000
社会,1604,源頼朝《みなもとのよりとも》,8220265231300000
社会,1605,源義経《みなもとのよしつね》,8220265231400000
社会,1606,北条時宗《ほうじょうときむね》,8220265231500000
社会,1607,足利義満《あしかがよしみつ》,8220265231600000
社会,1608,足利義政《あしかがよしまさ》,8220265231700000
社会,1609,雪舟《せっしゅう》,8220265231800000
社会,1610,ザビエル,8220265231900000
社会,1611,織田信長《おだのぶなが》,8220265232000000
社会,1612,豊臣秀吉《とよとみひでよし》,8220265232100000
社会,1613,徳川家康《とくがわいえやす》,8220265232200000
社会,1614,徳川家光《とくがわいえみつ》,8220265232300000
社会,1615,近松門左衛門《ちかまつもんざえもん》,8220265232400000
社会,1616,歌川広重《うたがわひろしげ》,8220265232500000
社会,1617,本居宣長《もとおりのりなが》,8220265232600000
社会,1618,杉田玄白《すぎたげんぱく》,8220265232700000
社会,1619,伊能忠敬《いのうただたか》,8220265232800000
社会,1620,ペリー,8220265232900000
社会,1621,勝海舟《かつかいしゅう》,8220265233000000
社会,1622,西郷隆盛《さいごうたかもり》,8220265233100000
社会,1623,大久保利通《おおくぼとしみち》,8220265233200000
社会,1624,木戸孝允《きどたかよし》,8220265233300000
社会,1625,明治天皇,8220265233400000
社会,1626,福沢諭吉《ふくざわゆきち》,8220265233500000
社会,1627,大隈重信《おおくましげのぶ》,8220265233600000
社会,1628,板垣退助《いたがきたいすけ》,8220265233700000
社会,1629,伊藤博文《いとうひろぶみ》,8220265233800000
社会,1630,陸奥宗光《むつむねみつ》,8220265233900000
社会,1631,東郷平八郎《とうごうへいはちろう》,8220265234000000
社会,1632,小村寿太郎《こむらじゅたろう》,8220265234100000
社会,1633,野口英世《のぐちひでよ》,8220265234200000
社会,1634,エ　アの(ｱ)の「神話・伝承」については，古事記，日本書紀，風土記などの中から適切なものを取り上げること。,8220265240000000
社会,1635,オ　アの(ｲ)から(ｻ)までについては，当時の世界との関わりにも目を向け，我が国の歴史を広い視野から捉えられるよう配慮すること。,8220265250000000
社会,1636,カ　アの(ｼ)については，年表や絵画など資料の特性に留意した読み取り方についても指導すること。,8220265260000000
社会,1637,キ　イの(ｱ)については，歴史学習全体を通して，我が国は長い歴史をもち伝統や文化を育んできたこと，我が国の歴史は政治の中心地や世の中の様子などによって幾つかの時期に分けられることに気付くようにするとともに，現在の自分たちの生活と過去の出来事との関わりを考えたり，過去の出来事を基に現在及び将来の発展を考えたりするなど，歴史を学ぶ意味を考えるようにすること。,8220265270000000
社会,1638,(3) 内容の(3)については，次のとおり取り扱うものとする。,8220265300000000
社会,1639,ア　アについては，我が国の国旗と国歌の意義を理解し，これを尊重する態度を養うとともに，諸外国の国旗と国歌も同様に尊重する態度を養うよう配慮すること。,8220265310000000
社会,1640,イ　アの(ｱ)については，我が国とつながりが深い国から数か国を取り上げること。その際，児童が１か国を選択して調べるよう配慮すること。,8220265320000000
社会,1641,ウ　アの(ｱ)については，我が国や諸外国の伝統や文化を尊重しようとする態度を養うよう配慮すること。,8220265330000000
社会,1642,エ　イについては，世界の人々と共に生きていくために大切なことや，今後，我が国が国際社会において果たすべき役割などを多角的に考えたり選択・判断したりできるよう配慮すること。,8220265340000000
社会,1643,オ　イの(ｲ)については，網羅的，抽象的な扱いを避けるため，「国際連合の働き」については，ユニセフやユネスコの身近な活動を取り上げること。また，「我が国の国際協力の様子」については，教育，医療，農業などの分野で世界に貢献している事例の中から選択して取り上げること。,8220265350000000
社会,1644,第３　指導計画の作成と内容の取扱い,82203L0000000000
社会,1645,１　指導計画の作成に当たっては，次の事項に配慮するものとする。,82203L0100000000
社会,1646,(1) 単元など内容や時間のまとまりを見通して，その中で育む資質・能力の育成に向けて，児童の主体的・対話的で深い学びの実現を図るようにすること。その際，問題解決への見通しをもつこと，社会的事象の見方・考え方を働かせ，事象の特色や意味などを考え概念などに関する知識を獲得すること，学習の過程や成果を振り返り学んだことを活用することなど，学習の問題を追究・解決する活動の充実を図ること。,82203L0110000000
社会,1647,(2) 各学年の目標や内容を踏まえて，事例の取り上げ方を工夫して，内容の配列や授業時数の配分などに留意して効果的な年間指導計画を作成すること。,82203L0120000000
社会,1648,(3) 我が国の47都道府県の名称と位置，世界の大陸と主な海洋の名称と位置については，学習内容と関連付けながら，その都度，地図帳や地球儀などを使って確認するなどして，小学校卒業までに身に付け活用できるように工夫して指導すること。,82203L0130000000
社会,1649,(4) 障害のある児童などについては，学習活動を行う場合に生じる困難さに応じた指導内容や指導方法の工夫を計画的，組織的に行うこと。,82203L0140000000
社会,1650,(5) 第１章総則の第１の２の(2)に示す道徳教育の目標に基づき，道徳科などとの関連を考慮しながら，第３章特別の教科道徳の第２に示す内容について，社会科の特質に応じて適切な指導をすること。,82203L0150000000
社会,1651,２　第２の内容の取扱いについては，次の事項に配慮するものとする。,82203L0200000000
社会,1652,(1) 各学校においては，地域の実態を生かし，児童が興味・関心をもって学習に取り組めるようにするとともに，観察や見学，聞き取りなどの調査活動を含む具体的な体験を伴う学習やそれに基づく表現活動の一層の充実を図ること。また，社会的事象の特色や意味，社会に見られる課題などについて，多角的に考えたことや選択・判断したことを論理的に説明したり，立場や根拠を明確にして議論したりするなど言語活動に関わる学習を一層重視すること。,82203L0210000000
社会,1653,(2) 学校図書館や公共図書館，コンピュータなどを活用して，情報の収集やまとめなどを行うようにすること。また，全ての学年において，地図帳を活用すること。,82203L0220000000
社会,1654,(3) 博物館や資料館などの施設の活用を図るとともに，身近な地域及び国土の遺跡や文化財などについての調査活動を取り入れるようにすること。また，内容に関わる専門家や関係者，関係の諸機関との連携を図るようにすること。,82203L0230000000
社会,1655,(4) 児童の発達の段階を考慮し，社会的事象については，児童の考えが深まるよう様々な見解を提示するよう配慮し，多様な見解のある事柄，未確定な事柄を取り上げる場合には，有益適切な教材に基づいて指導するとともに，特定の事柄を強調し過ぎたり，一面的な見解を十分な配慮なく取り上げたりするなどの偏った取扱いにより，児童が多角的に考えたり，事実を客観的に捉え，公正に判断したりすることを妨げることのないよう留意すること。,82203L0240000000
算数,1656,第 ３ 節　算　　数,8250000000000000
算数,1657,"第１　目　標
数学的な見方・考え方を働かせ，数学的活動を通して，数学的に考える資質・能力を次のとおり育成することを目指す。",8250100000000000
算数,1658,(1) 数量や図形などについての基礎的・基本的な概念や性質などを理解するとともに，日常の事象を数理的に処理する技能を身に付けるようにする。,8250100100000000
算数,1659,(2) 日常の事象を数理的に捉え見通しをもち筋道を立てて考察する力，基礎的・基本的な数量や図形の性質などを見いだし統合的・発展的に考察する力，数学的な表現を用いて事象を簡潔・明瞭・的確に表したり目的に応じて柔軟に表したりする力を養う。,8250100200000000
算数,1660,(3) 数学的活動の楽しさや数学のよさに気付き，学習を振り返ってよりよく問題解決しようとする態度，算数で学んだことを生活や学習に活用しようとする態度を養う。,8250100300000000
算数,1661,第２　各学年の目標及び内容,8250200000000000
算数,1662,〔第１学年〕,8250210000000000
算数,1663,１　目　標,8250212000000000
算数,1664,(1) 数の概念とその表し方及び計算の意味を理解し，量，図形及び数量の関係についての理解の基礎となる経験を重ね，数量や図形についての感覚を豊かにするとともに，加法及び減法の計算をしたり，形を構成したり，身の回りにある量の大きさを比べたり，簡単な絵や図などに表したりすることなどについての技能を身に付けるようにする。,8250212100000000
算数,1665,(2) ものの数に着目し，具体物や図などを用いて数の数え方や計算の仕方を考える力，ものの形に着目して特徴を捉えたり，具体的な操作を通して形の構成について考えたりする力，身の回りにあるものの特徴を量に着目して捉え，量の大きさの比べ方を考える力，データの個数に着目して身の回りの事象の特徴を捉える力などを養う。,8250212200000000
算数,1666,(3) 数量や図形に親しみ，算数で学んだことのよさや楽しさを感じながら学ぶ態度を養う。,8250212300000000
算数,1667,２　内　容,8250213000000000
算数,1668,Ａ　数と計算,8250213100000000
算数,1669,(1) 数の構成と表し方に関わる数学的活動を通して，次の事項を身に付けることができるよう指導する。,8250213110000000
算数,1670,ア　次のような知識及び技能を身に付けること。,8250213111000000
算数,1671,(ｱ) ものとものとを対応させることによって，ものの個数を比べること。,8250213111100000
算数,1672,(ｲ) 個数や順番を正しく数えたり表したりすること。,8250213111200000
算数,1673,(ｳ) 数の大小や順序を考えることによって，数の系列を作ったり，数直線の上に表したりすること。,8250213111300000
算数,1674,(ｴ) 一つの数をほかの数の和や差としてみるなど，ほかの数と関係付けてみること。,8250213111400000
算数,1675,(ｵ) ２位数の表し方について理解すること。,8250213111500000
算数,1676,(ｶ) 簡単な場合について，３位数の表し方を知ること。,8250213111600000
算数,1677,(ｷ) 数を，十を単位としてみること。,8250213111700000
算数,1678,(ｸ) 具体物をまとめて数えたり等分したりして整理し，表すこと。,8250213111800000
算数,1679,イ　次のような思考力，判断力，表現力等を身に付けること。,8250213112000000
算数,1680,(ｱ) 数のまとまりに着目し，数の大きさの比べ方や数え方を考え，それらを日常生活に生かすこと。,8250213112100000
算数,1681,(2) 加法及び減法に関わる数学的活動を通して，次の事項を身に付けることができるよう指導する。,8250213120000000
算数,1682,ア　次のような知識及び技能を身に付けること。,8250213121000000
算数,1683,(ｱ) 加法及び減法の意味について理解し，それらが用いられる場合について知ること。,8250213121100000
算数,1684,(ｲ) 加法及び減法が用いられる場面を式に表したり，式を読み取ったりすること。,8250213121200000
算数,1685,(ｳ) １位数と１位数の加法及びその逆の減法の計算が確実にできること。,8250213121300000
算数,1686,(ｴ) 簡単な場合について，２位数などについても加法及び減法ができることを知ること。,8250213121400000
算数,1687,イ　次のような思考力，判断力，表現力等を身に付けること。,8250213122000000
算数,1688,(ｱ) 数量の関係に着目し，計算の意味や計算の仕方を考えたり，日常生活に生かしたりすること。,8250213122100000
算数,1689,Ｂ　図形,8250213200000000
算数,1690,(1) 身の回りにあるものの形に関わる数学的活動を通して，次の事項を身に付けることができるよう指導する。,8250213210000000
算数,1691,ア　次のような知識及び技能を身に付けること。,8250213211000000
算数,1692,(ｱ) ものの形を認め，形の特徴を知ること。,8250213211100000
算数,1693,(ｲ) 具体物を用いて形を作ったり分解したりすること。,8250213211200000
算数,1694,(ｳ) 前後，左右，上下など方向や位置についての言葉を用いて，ものの位置を表すこと。,8250213211300000
算数,1695,イ　次のような思考力，判断力，表現力等を身に付けること。,8250213212000000
算数,1696,(ｱ) ものの形に着目し，身の回りにあるものの特徴を捉えたり，具体的な操作を通して形の構成について考えたりすること。,8250213212100000
算数,1697,Ｃ　測定,8250213300000000
算数,1698,(1) 身の回りのものの大きさに関わる数学的活動を通して，次の事項を身に付けることができるよう指導する。,8250213310000000
算数,1699,ア　次のような知識及び技能を身に付けること。,8250213311000000
算数,1700,(ｱ) 長さ，広さ，かさなどの量を，具体的な操作によって直接比べたり，他のものを用いて比べたりすること。,8250213311100000
算数,1701,(ｲ) 身の回りにあるものの大きさを単位として，その幾つ分かで大きさを比べること。,8250213311200000
算数,1702,イ　次のような思考力，判断力，表現力等を身に付けること。,8250213312000000
算数,1703,(ｱ) 身の回りのものの特徴に着目し，量の大きさの比べ方を見いだすこと。,8250213312100000
算数,1704,(2) 時刻に関わる数学的活動を通して，次の事項を身に付けることができるよう指導する。,8250213320000000
算数,1705,ア　次のような知識及び技能を身に付けること。,8250213321000000
算数,1706,(ｱ) 日常生活の中で時刻を読むこと。,8250213321100000
算数,1707,イ　次のような思考力，判断力，表現力等を身に付けること。,8250213322000000
算数,1708,(ｱ) 時刻の読み方を用いて，時刻と日常生活を関連付けること。,8250213322100000
算数,1709,Ｄ　データの活用,8250213400000000
算数,1710,(1) 数量の整理に関わる数学的活動を通して，次の事項を身に付けることができるよう指導する。,8250213410000000
算数,1711,ア　次のような知識及び技能を身に付けること。,8250213411000000
算数,1712,(ｱ) ものの個数について，簡単な絵や図などに表したり，それらを読み取ったりすること。,8250213411100000
算数,1713,イ　次のような思考力，判断力，表現力等を身に付けること。,8250213412000000
算数,1714,(ｱ) データの個数に着目し，身の回りの事象の特徴を捉えること。,8250213412100000
算数,1715,〔数学的活動〕 ,8250213500000000
算数,1716,(1) 内容の「Ａ数と計算」，「Ｂ図形」，「Ｃ測定」及び「Ｄデータの活用」に示す学習については，次のような数学的活動に取り組むものとする。,8250213510000000
算数,1717,ア　身の回りの事象を観察したり，具体物を操作したりして，数量や形を見いだす活動,8250213511000000
算数,1718,イ　日常生活の問題を具体物などを用いて解決したり結果を確かめたりする活動,8250213512000000
算数,1719,ウ　算数の問題を具体物などを用いて解決したり結果を確かめたりする活動,8250213513000000
算数,1720,エ　問題解決の過程や結果を，具体物や図などを用いて表現する活動,8250213514000000
算数,1721,〔用語・記号〕 ,8250213600000000
算数,1722,一の位,8250213601000000
算数,1723,十の位,8250213602000000
算数,1724,＋,8250213603000000
算数,1725,－,8250213604000000
算数,1726,＝,8250213605000000
算数,1727,〔第２学年〕,8250220000000000
算数,1728,１　目　標　,8250222000000000
算数,1729,(1) 数の概念についての理解を深め，計算の意味と性質，基本的な図形の概念，量の概念，簡単な表とグラフなどについて理解し，数量や図形についての感覚を豊かにするとともに，加法，減法及び乗法の計算をしたり，図形を構成したり，長さやかさなどを測定したり，表やグラフに表したりすることなどについての技能を身に付けるようにする。,8250222100000000
算数,1730,(2) 数とその表現や数量の関係に着目し，必要に応じて具体物や図などを用いて数の表し方や計算の仕方などを考察する力，平面図形の特徴を図形を構成する要素に着目して捉えたり，身の回りの事象を図形の性質から考察したりする力，身の回りにあるものの特徴を量に着目して捉え，量の単位を用いて的確に表現する力，身の回りの事象をデータの特徴に着目して捉え，簡潔に表現したり考察したりする力などを養う。,8250222200000000
算数,1731,(3) 数量や図形に進んで関わり，数学的に表現・処理したことを振り返り，数理的な処理のよさに気付き生活や学習に活用しようとする態度を養う。,8250222300000000
算数,1732,２　内　容,8250223000000000
算数,1733,Ａ　数と計算,8250223100000000
算数,1734,(1) 数の構成と表し方に関わる数学的活動を通して，次の事項を身に付けることができるよう指導する。,8250223110000000
算数,1735,ア　次のような知識及び技能を身に付けること。,8250223111000000
算数,1736,(ｱ) 同じ大きさの集まりにまとめて数えたり，分類して数えたりすること。,8250223111100000
算数,1737,(ｲ) ４位数までについて，十進位取り記数法による数の表し方及び数の大小や順序について理解すること。,8250223111200000
算数,1738,(ｳ) 数を十や百を単位としてみるなど，数の相対的な大きさについて理解すること。,8250223111300000
算数,1739,(ｴ) 一つの数をほかの数の積としてみるなど，ほかの数と関係付けてみること。,8250223111400000
算数,1740,(ｵ) 簡単な事柄を分類整理し，それを数を用いて表すこと。,8250223111500000
算数,1741,(ｶ)1/2，1/3 など簡単な分数について知ること。,8250223111600000
算数,1742,イ　次のような思考力，判断力，表現力等を身に付けること。,8250223112000000
算数,1743,(ｱ) 数のまとまりに着目し，大きな数の大きさの比べ方や数え方を考え，日常生活に生かすこと。,8250223112100000
算数,1744,(2) 加法及び減法に関わる数学的活動を通して，次の事項を身に付けることができるよう指導する。,8250223120000000
算数,1745,ア　次のような知識及び技能を身に付けること。,8250223121000000
算数,1746,(ｱ) ２位数の加法及びその逆の減法の計算が，１位数などについての基本的な計算を基にしてできることを理解し，それらの計算が確実にできること。また，それらの筆算の仕方について理解すること。,8250223121100000
算数,1747,(ｲ) 簡単な場合について，３位数などの加法及び減法の計算の仕方を知ること。,8250223121200000
算数,1748,(ｳ) 加法及び減法に関して成り立つ性質について理解すること。,8250223121300000
算数,1749,(ｴ) 加法と減法との相互関係について理解すること。,8250223121400000
算数,1750,イ　次のような思考力，判断力，表現力等を身に付けること。,8250223122000000
算数,1751,(ｱ) 数量の関係に着目し，計算の仕方を考えたり計算に関して成り立つ性質を見いだしたりするとともに，その性質を活用して，計算を工夫したり計算の確かめをしたりすること。,8250223122100000
算数,1752,(3) 乗法に関わる数学的活動を通して，次の事項を身に付けることができるよう指導する。,8250223130000000
算数,1753,ア　次のような知識及び技能を身に付けること。,8250223131000000
算数,1754,(ｱ) 乗法の意味について理解し，それが用いられる場合について知ること。,8250223131100000
算数,1755,(ｲ) 乗法が用いられる場面を式に表したり，式を読み取ったりすること。,8250223131200000
算数,1756,(ｳ) 乗法に関して成り立つ簡単な性質について理解すること。,8250223131300000
算数,1757,(ｴ) 乗法九九について知り，１位数と１位数との乗法の計算が確実にできること。,8250223131400000
算数,1758,(ｵ) 簡単な場合について，２位数と１位数との乗法の計算の仕方を知ること。,8250223131500000
算数,1759,イ　次のような思考力，判断力，表現力等を身に付けること。,8250223132000000
算数,1760,(ｱ) 数量の関係に着目し，計算の意味や計算の仕方を考えたり計算に関して成り立つ性質を見いだしたりするとともに，その性質を活用して，計算を工夫したり計算の確かめをしたりすること。,8250223132100000
算数,1761,(ｲ) 数量の関係に着目し，計算を日常生活に生かすこと。,8250223132200000
算数,1762,Ｂ　図形,8250223200000000
算数,1763,(1) 図形に関わる数学的活動を通して，次の事項を身に付けることができるよう指導する。,8250223210000000
算数,1764,ア　次のような知識及び技能を身に付けること。,8250223211000000
算数,1765,(ｱ) 三角形，四角形について知ること。,8250223211100000
算数,1766,(ｲ) 正方形，長方形，直角三角形について知ること。,8250223211200000
算数,1767,(ｳ) 正方形や長方形の面で構成される箱の形をしたものについて理解し，それらを構成したり分解したりすること。,8250223211300000
算数,1768,イ　次のような思考力，判断力，表現力等を身に付けること。,8250223212000000
算数,1769,(ｱ) 図形を構成する要素に着目し，構成の仕方を考えるとともに，身の回りのものの形を図形として捉えること。,8250223212100000
算数,1770,Ｃ　測定,8250223300000000
算数,1771,(1) 量の単位と測定に関わる数学的活動を通して，次の事項を身に付けることができるよう指導する。,8250223310000000
算数,1772,ア　次のような知識及び技能を身に付けること。,8250223311000000
算数,1773,(ｱ) 長さの単位（ミリメートル（mm），センチメートル（cm），メートル（m））及びかさの単位（ミリリットル（mL），デシリットル（dL），リットル（L））について知り，測定の意味を理解すること。,8250223311100000
算数,1774,(ｲ) 長さ及びかさについて，およその見当を付け，単位を適切に選択して測定すること。,8250223311200000
算数,1775,イ　次のような思考力，判断力，表現力等を身に付けること。,8250223312000000
算数,1776,(ｱ) 身の回りのものの特徴に着目し，目的に応じた単位で量の大きさを的確に表現したり，比べたりすること。,8250223312100000
算数,1777,(2) 時刻と時間に関わる数学的活動を通して，次の事項を身に付けることができるよう指導する。,8250223320000000
算数,1778,ア　次のような知識及び技能を身に付けること。,8250223321000000
算数,1779,(ｱ) 日，時，分について知り，それらの関係を理解すること。,8250223321100000
算数,1780,イ　次のような思考力，判断力，表現力等を身に付けること。,8250223322000000
算数,1781,(ｱ) 時間の単位に着目し，時刻や時間を日常生活に生かすこと。,8250223322100000
算数,1782,Ｄ　データの活用,8250223400000000
算数,1783,(1) データの分析に関わる数学的活動を通して，次の事項を身に付けることができるよう指導する。,8250223410000000
算数,1784,ア　次のような知識及び技能を身に付けること。,8250223411000000
算数,1785,(ｱ) 身の回りにある数量を分類整理し，簡単な表やグラフを用いて表したり読み取ったりすること。,8250223411100000
算数,1786,イ　次のような思考力，判断力，表現力等を身に付けること。,8250223412000000
算数,1787,(ｱ) データを整理する観点に着目し，身の回りの事象について表やグラフを用いて考察すること。,8250223412100000
算数,1788,〔数学的活動〕,8250223500000000
算数,1789,(1) 内容の「Ａ数と計算」，「Ｂ図形」，「Ｃ測定」及び「Ｄデータの活用」に示す学習については，次のような数学的活動に取り組むものとする。,8250223510000000
算数,1790,ア　身の回りの事象を観察したり，具体物を操作したりして，数量や図形に進んで関わる活動,8250223511000000
算数,1791,イ　日常の事象から見いだした算数の問題を，具体物，図，数，式などを用いて解決し，結果を確かめる活動,8250223512000000
算数,1792,ウ　算数の学習場面から見いだした算数の問題を，具体物，図，数，式などを用いて解決し，結果を確かめる活動,8250223513000000
算数,1793,エ　問題解決の過程や結果を，具体物，図，数，式などを用いて表現し伝え合う活動,8250223514000000
算数,1794,〔用語・記号〕,8250223600000000
算数,1795,直線,8250223601000000
算数,1796,直角,8250223602000000
算数,1797,頂点,8250223603000000
算数,1798,辺,8250223604000000
算数,1799,面,8250223605000000
算数,1800,単位,8250223606000000
算数,1801,×,8250223607000000
算数,1802,＞,8250223608000000
算数,1803,＜,8250223609000000
算数,1804,３　内容の取扱い,8250225000000000
算数,1805,(1) 内容の「Ａ数と計算」の(1)については，１万についても取り扱うものとする。,8250225100000000
算数,1806,(2) 内容の「Ａ数と計算」の(2)については，必要な場合には，（　）や□などを用いることができる。また，計算の結果の見積りについて配慮するものとする。,8250225200000000
算数,1807,(3) 内容の「Ａ数と計算」の(2)のアの(ｳ)については，交換法則や結合法則を取り扱うものとする。,8250225300000000
算数,1808,(4) 内容の「Ａ数と計算」の(3)のアの(ｳ)については，主に乗数が１ずつ増えるときの積の増え方や交換法則を取り扱うものとする。,8250225400000000
算数,1809,(5) 内容の「Ｂ図形」の(1)のアの(ｲ)に関連して，正方形，長方形が身の回りで多く使われていることが分かるようにするとともに，敷き詰めるなどの操作的な活動を通して，平面の広がりについての基礎となる経験を豊かにするよう配慮するものとする。,8250225500000000
算数,1810,〔第３学年〕,8250230000000000
算数,1811,１　目　標　,8250232000000000
算数,1812,(1) 数の表し方，整数の計算の意味と性質，小数及び分数の意味と表し方，基本的な図形の概念，量の概念，棒グラフなどについて理解し，数量や図形についての感覚を豊かにするとともに，整数などの計算をしたり，図形を構成したり，長さや重さなどを測定したり，表やグラフに表したりすることなどについての技能を身に付けるようにする。,8250232100000000
算数,1813,(2) 数とその表現や数量の関係に着目し，必要に応じて具体物や図などを用いて数の表し方や計算の仕方などを考察する力，平面図形の特徴を図形を構成する要素に着目して捉えたり，身の回りの事象を図形の性質から考察したりする力，身の回りにあるものの特徴を量に着目して捉え，量の単位を用いて的確に表現する力，身の回りの事象をデータの特徴に着目して捉え，簡潔に表現したり適切に判断したりする力などを養う。,8250232200000000
算数,1814,(3) 数量や図形に進んで関わり，数学的に表現・処理したことを振り返り，数理的な処理のよさに気付き生活や学習に活用しようとする態度を養う。,8250232300000000
算数,1815,２　内　容,8250233000000000
算数,1816,Ａ　数と計算,8250233100000000
算数,1817,(1) 整数の表し方に関わる数学的活動を通して，次の事項を身に付けることができるよう指導する。,8250233110000000
算数,1818,ア　次のような知識及び技能を身に付けること。,8250233111000000
算数,1819,(ｱ) 万の単位について知ること。,8250233111100000
算数,1820,(ｲ) 10倍，100倍，1000倍，1/10 の大きさの数及びそれらの表し方について知ること。,8250233111200000
算数,1821,(ｳ) 数の相対的な大きさについての理解を深めること。,8250233111300000
算数,1822,イ　次のような思考力，判断力，表現力等を身に付けること。,8250233112000000
算数,1823,(ｱ) 数のまとまりに着目し，大きな数の大きさの比べ方や表し方を考え，日常生活に生かすこと。,8250233112100000
算数,1824,(2) 加法及び減法に関わる数学的活動を通して，次の事項を身に付けることができるよう指導する。,8250233120000000
算数,1825,ア　次のような知識及び技能を身に付けること。,8250233121000000
算数,1826,(ｱ) ３位数や４位数の加法及び減法の計算が，２位数などについての基本的な計算を基にしてできることを理解すること。また，それらの筆算の仕方について理解すること。,8250233121100000
算数,1827,(ｲ) 加法及び減法の計算が確実にでき，それらを適切に用いること。,8250233121200000
算数,1828,イ　次のような思考力，判断力，表現力等を身に付けること。,8250233122000000
算数,1829,(ｱ) 数量の関係に着目し，計算の仕方を考えたり計算に関して成り立つ性質を見いだしたりするとともに，その性質を活用して，計算を工夫したり，計算の確かめをしたりすること。,8250233122100000
算数,1830,(3) 乗法に関わる数学的活動を通して，次の事項を身に付けることができるよう指導する。,8250233130000000
算数,1831,ア　次のような知識及び技能を身に付けること。,8250233131000000
算数,1832,(ｱ) ２位数や３位数に１位数や２位数をかける乗法の計算が，乗法九九などの基本的な計算を基にしてできることを理解すること。また，その筆算の仕方について理解すること。,8250233131100000
算数,1833,(ｲ) 乗法の計算が確実にでき，それを適切に用いること。,8250233131200000
算数,1834,(ｳ) 乗法に関して成り立つ性質について理解すること。,8250233131300000
算数,1835,イ　次のような思考力，判断力，表現力等を身に付けること。,8250233132000000
算数,1836,(ｱ) 数量の関係に着目し，計算の仕方を考えたり計算に関して成り立つ性質を見いだしたりするとともに，その性質を活用して，計算を工夫したり，計算の確かめをしたりすること。,8250233132100000
算数,1837,(4) 除法に関わる数学的活動を通して，次の事項を身に付けることができるよう指導する。,8250233140000000
算数,1838,ア　次のような知識及び技能を身に付けること。,8250233141000000
算数,1839,(ｱ) 除法の意味について理解し，それが用いられる場合について知ること。また，余りについて知ること。,8250233141100000
算数,1840,(ｲ) 除法が用いられる場面を式に表したり，式を読み取ったりすること。,8250233141200000
算数,1841,(ｳ) 除法と乗法や減法との関係について理解すること。,8250233141300000
算数,1842,(ｴ) 除数と商が共に１位数である除法の計算が確実にできること。,8250233141400000
算数,1843,(ｵ) 簡単な場合について，除数が１位数で商が２位数の除法の計算の仕方を知ること。,8250233141500000
算数,1844,イ　次のような思考力，判断力，表現力等を身に付けること。,8250233142000000
算数,1845,(ｱ) 数量の関係に着目し，計算の意味や計算の仕方を考えたり，計算に関して成り立つ性質を見いだしたりするとともに，その性質を活用して，計算を工夫したり計算の確かめをしたりすること。,8250233142100000
算数,1846,(ｲ) 数量の関係に着目し，計算を日常生活に生かすこと。,8250233142200000
算数,1847,(5) 小数とその表し方に関わる数学的活動を通して，次の事項を身に付けることができるよう指導する。,8250233150000000
算数,1848,ア　次のような知識及び技能を身に付けること。,8250233151000000
算数,1849,(ｱ) 端数部分の大きさを表すのに小数を用いることを知ること。また，小数の表し方及び1/10 の位について知ること。,8250233151100000
算数,1850,(ｲ) 1/10の位までの小数の加法及び減法の意味について理解し，それらの計算ができることを知ること。,8250233151200000
算数,1851,イ　次のような思考力，判断力，表現力等を身に付けること。,8250233152000000
算数,1852,(ｱ) 数のまとまりに着目し，小数でも数の大きさを比べたり計算したりできるかどうかを考えるとともに，小数を日常生活に生かすこと。,8250233152100000
算数,1853,(6) 分数とその表し方に関わる数学的活動を通して，次の事項を身に付けることができるよう指導する。,8250233160000000
算数,1854,ア　次のような知識及び技能を身に付けること。,8250233161000000
算数,1855,(ｱ) 等分してできる部分の大きさや端数部分の大きさを表すのに分数を用いることを知ること。また，分数の表し方について知ること。,8250233161100000
算数,1856,(ｲ) 分数が単位分数の幾つ分かで表すことができることを知ること。,8250233161200000
算数,1857,(ｳ) 簡単な場合について，分数の加法及び減法の意味について理解し，それらの計算ができることを知ること。,8250233161300000
算数,1858,イ　次のような思考力，判断力，表現力等を身に付けること。,8250233162000000
算数,1859,(ｱ) 数のまとまりに着目し，分数でも数の大きさを比べたり計算したりできるかどうかを考えるとともに，分数を日常生活に生かすこと。,8250233162100000
算数,1860,(7) 数量の関係を表す式に関わる数学的活動を通して，次の事項を身に付けることができるよう指導する。,8250233170000000
算数,1861,ア　次のような知識及び技能を身に付けること。,8250233171000000
算数,1862,(ｱ) 数量の関係を表す式について理解するとともに，数量を□などを用いて表し，その関係を式に表したり，□などに数を当てはめて調べたりすること。,8250233171100000
算数,1863,イ　次のような思考力，判断力，表現力等を身に付けること。,8250233172000000
算数,1864,(ｱ) 数量の関係に着目し，数量の関係を図や式を用いて簡潔に表したり，式と図を関連付けて式を読んだりすること。,8250233172100000
算数,1865,(8) そろばんを用いた数の表し方と計算に関わる数学的活動を通して，次の事項を身に付けることができるよう指導する。,8250233180000000
算数,1866,ア　次のような知識及び技能を身に付けること。,8250233181000000
算数,1867,(ｱ) そろばんによる数の表し方について知ること。,8250233181100000
算数,1868,(ｲ) 簡単な加法及び減法の計算の仕方について知り，計算すること。,8250233181200000
算数,1869,イ　次のような思考力，判断力，表現力等を身に付けること。,8250233182000000
算数,1870,(ｱ) そろばんの仕組みに着目し，大きな数や小数の計算の仕方を考えること。,8250233182100000
算数,1871,Ｂ　図形 ,8250233200000000
算数,1872,(1) 図形に関わる数学的活動を通して，次の事項を身に付けることができるよう指導する。,8250233210000000
算数,1873,ア　次のような知識及び技能を身に付けること。,8250233211000000
算数,1874,(ｱ) 二等辺三角形，正三角形などについて知り，作図などを通してそれらの関係に次第に着目すること。,8250233211100000
算数,1875,(ｲ) 基本的な図形と関連して角について知ること。,8250233211200000
算数,1876,(ｳ) 円について，中心，半径，直径を知ること。また，円に関連して，球についても直径などを知ること。,8250233211300000
算数,1877,イ　次のような思考力，判断力，表現力等を身に付けること。,8250233212000000
算数,1878,(ｱ) 図形を構成する要素に着目し，構成の仕方を考えるとともに，図形の性質を見いだし，身の回りのものの形を図形として捉えること。,8250233212100000
算数,1879,Ｃ　測定,8250233300000000
算数,1880,(1) 量の単位と測定に関わる数学的活動を通して，次の事項を身に付けることができるよう指導する。,8250233310000000
算数,1881,ア　次のような知識及び技能を身に付けること。,8250233311000000
算数,1882,(ｱ) 長さの単位（キロメートル（km））及び重さの単位（グラム（g），キログラム（kg））について知り，測定の意味を理解すること。,8250233311100000
算数,1883,(ｲ) 長さや重さについて，適切な単位で表したり，およその見当を付け計器を適切に選んで測定したりすること。,8250233311200000
算数,1884,イ　次のような思考力，判断力，表現力等を身に付けること。,8250233312000000
算数,1885,(ｱ) 身の回りのものの特徴に着目し，単位の関係を統合的に考察すること。,8250233312100000
算数,1886,(2) 時刻と時間に関わる数学的活動を通して，次の事項を身に付けることができるよう指導する。,8250233320000000
算数,1887,ア　次のような知識及び技能を身に付けること。,8250233321000000
算数,1888,(ｱ) 秒について知ること。,8250233321100000
算数,1889,(ｲ) 日常生活に必要な時刻や時間を求めること。,8250233321200000
算数,1890,イ　次のような思考力，判断力，表現力等を身に付けること。,8250233322000000
算数,1891,(ｱ) 時間の単位に着目し，時刻や時間の求め方について考察し，日常生活に生かすこと。,8250233322100000
算数,1892,Ｄ　データの活用,8250233400000000
算数,1893,(1) データの分析に関わる数学的活動を通して，次の事項を身に付けることができるよう指導する。,8250233410000000
算数,1894,ア　次のような知識及び技能を身に付けること。,8250233411000000
算数,1895,(ｱ) 日時の観点や場所の観点などからデータを分類整理し，表に表したり読んだりすること。,8250233411100000
算数,1896,(ｲ) 棒グラフの特徴やその用い方を理解すること。,8250233411200000
算数,1897,イ　次のような思考力，判断力，表現力等を身に付けること。,8250233412000000
算数,1898,(ｱ) データを整理する観点に着目し，身の回りの事象について表やグラフを用いて考察して，見いだしたことを表現すること。,8250233412100000
算数,1899,〔数学的活動〕 ,8250233500000000
算数,1900,(1) 内容の「Ａ数と計算」，「Ｂ図形」，「Ｃ測定」及び「Ｄデータの活用」に示す学習については，次のような数学的活動に取り組むものとする。,8250233510000000
算数,1901,ア　身の回りの事象を観察したり，具体物を操作したりして，数量や図形に進んで関わる活動,8250233511000000
算数,1902,イ　日常の事象から見いだした算数の問題を，具体物，図，数，式などを用いて解決し，結果を確かめる活動,8250233512000000
算数,1903,ウ　算数の学習場面から見いだした算数の問題を，具体物，図，数，式などを用いて解決し，結果を確かめる活動,8250233513000000
算数,1904,エ　問題解決の過程や結果を，具体物，図，数，式などを用いて表現し伝え合う活動,8250233514000000
算数,1905,〔用語・記号〕 ,8250233600000000
算数,1906,等号,8250233601000000
算数,1907,不等号,8250233602000000
算数,1908,小数点,8250233603000000
算数,1909, 1/10の位,8250233604000000
算数,1910,数直線,8250233605000000
算数,1911,分母,8250233606000000
算数,1912,分子,8250233607000000
算数,1913,÷,8250233608000000
算数,1914,３　内容の取扱い,8250235000000000
算数,1915,(1) 内容の「Ａ数と計算」の(1)については，１億についても取り扱うものとする。,8250235100000000
算数,1916,(2) 内容の「Ａ数と計算」の(2)及び(3)については，簡単な計算は暗算でできるよう配慮するものとする。また，計算の結果の見積りについても触れるものとする。,8250235200000000
算数,1917,(3) 内容の「Ａ数と計算」の(3)については，乗数又は被乗数が０の場合の計算についても取り扱うものとする。,8250235300000000
算数,1918,(4) 内容の「Ａ数と計算」の(3)のアの(ｳ)については，交換法則，結合法則，分配法則を取り扱うものとする。,8250235400000000
算数,1919,(5) 内容の「Ａ数と計算」の(5)及び(6)については，小数の0.1と分数の1/10などを数直線を用いて関連付けて取り扱うものとする。,8250235500000000
算数,1920,(6) 内容の「Ｂ図形」の(1)の基本的な図形については，定規，コンパスなどを用いて，図形をかいたり確かめたりする活動を重視するとともに，三角形や円などを基にして模様をかくなどの具体的な活動を通して，図形のもつ美しさに関心をもたせるよう配慮するものとする。,8250235600000000
算数,1921,(7) 内容の「Ｃ測定」の(1)については，重さの単位のトン(t)について触れるとともに，接頭語（キロ（k）やミリ（m））についても触れるものとする。,8250235700000000
算数,1922,(8) 内容の「Ｄデータの活用」の(1)のアの(ｲ)については，最小目盛りが２，５又は20，50などの棒グラフや，複数の棒グラフを組み合わせたグラフなどにも触れるものとする。,8250235800000000
算数,1923,〔第４学年〕,8250240000000000
算数,1924,１　目　標　,8250242000000000
算数,1925,(1) 小数及び分数の意味と表し方，四則の関係，平面図形と立体図形，面積，角の大きさ，折れ線グラフなどについて理解するとともに，整数，小数及び分数の計算をしたり，図形を構成したり，図形の面積や角の大きさを求めたり，表やグラフに表したりすることなどについての技能を身に付けるようにする。,8250242100000000
算数,1926,(2) 数とその表現や数量の関係に着目し，目的に合った表現方法を用いて計算の仕方などを考察する力，図形を構成する要素及びそれらの位置関係に着目し，図形の性質や図形の計量について考察する力，伴って変わる二つの数量やそれらの関係に着目し，変化や対応の特徴を見いだして，二つの数量の関係を表や式を用いて考察する力，目的に応じてデータを収集し，データの特徴や傾向に着目して表やグラフに的確に表現し，それらを用いて問題解決したり，解決の過程や結果を多面的に捉え考察したりする力などを養う。,8250242200000000
算数,1927,(3) 数学的に表現・処理したことを振り返り，多面的に捉え検討してよりよいものを求めて粘り強く考える態度，数学のよさに気付き学習したことを生活や学習に活用しようとする態度を養う。,8250242300000000
算数,1928,２　内　容,8250243000000000
算数,1929,Ａ　数と計算,8250243100000000
算数,1930,(1) 整数の表し方に関わる数学的活動を通して，次の事項を身に付けることができるよう指導する。,8250243110000000
算数,1931,ア　次のような知識及び技能を身に付けること。,8250243111000000
算数,1932,(ｱ) 億，兆の単位について知り，十進位取り記数法についての理解を深めること。,8250243111100000
算数,1933,イ　次のような思考力，判断力，表現力等を身に付けること。,8250243112000000
算数,1934,(ｱ) 数のまとまりに着目し，大きな数の大きさの比べ方や表し方を統合的に捉えるとともに，それらを日常生活に生かすこと。,8250243112100000
算数,1935,(2) 概数に関わる数学的活動を通して，次の事項を身に付けることができるよう指導する。,8250243120000000
算数,1936,ア　次のような知識及び技能を身に付けること。,8250243121000000
算数,1937,(ｱ) 概数が用いられる場合について知ること。,8250243121100000
算数,1938,(ｲ) 四捨五入について知ること。,8250243121200000
算数,1939,(ｳ) 目的に応じて四則計算の結果の見積りをすること。,8250243121300000
算数,1940,イ　次のような思考力，判断力，表現力等を身に付けること。,8250243122000000
算数,1941,(ｱ) 日常の事象における場面に着目し，目的に合った数の処理の仕方を考えるとともに，それを日常生活に生かすこと。,8250243122100000
算数,1942,(3) 整数の除法に関わる数学的活動を通して，次の事項を身に付けることができるよう指導する。,8250243130000000
算数,1943,ア　次のような知識及び技能を身に付けること。,8250243131000000
算数,1944,(ｱ) 除数が１位数や２位数で被除数が２位数や３位数の場合の計算が，基本的な計算を基にしてできることを理解すること。また，その筆算の仕方について理解すること。,8250243131100000
算数,1945,(ｲ) 除法の計算が確実にでき，それを適切に用いること。,8250243131200000
算数,1946,(ｳ) 除法について，次の関係を理解すること。 （被除数）＝（除数）×（商）＋（余り）,8250243131300000
算数,1947,(ｴ) 除法に関して成り立つ性質について理解すること。,8250243131400000
算数,1948,イ　次のような思考力，判断力，表現力等を身に付けること。,8250243132000000
算数,1949,(ｱ) 数量の関係に着目し，計算の仕方を考えたり計算に関して成り立つ性質を見いだしたりするとともに，その性質を活用して，計算を工夫したり計算の確かめをしたりすること。,8250243132100000
算数,1950,(4) 小数とその計算に関わる数学的活動を通して，次の事項を身に付けることができるよう指導する。,8250243140000000
算数,1951,ア　次のような知識及び技能を身に付けること。,8250243141000000
算数,1952,(ｱ) ある量の何倍かを表すのに小数を用いることを知ること。,8250243141100000
算数,1953,(ｲ) 小数が整数と同じ仕組みで表されていることを知るとともに，数の相対的な大きさについての理解を深めること。,8250243141200000
算数,1954,(ｳ) 小数の加法及び減法の計算ができること。,8250243141300000
算数,1955,(ｴ) 乗数や除数が整数である場合の小数の乗法及び除法の計算ができること。,8250243141400000
算数,1956,イ　次のような思考力，判断力，表現力等を身に付けること。,8250243142000000
算数,1957,(ｱ) 数の表し方の仕組みや数を構成する単位に着目し，計算の仕方を考えるとともに，それを日常生活に生かすこと。,8250243142100000
算数,1958,(5) 分数とその加法及び減法に関わる数学的活動を通して，次の事項を身に付けることができるよう指導する。,8250243150000000
算数,1959,ア　次のような知識及び技能を身に付けること。,8250243151000000
算数,1960,(ｱ) 簡単な場合について，大きさの等しい分数があることを知ること。,8250243151100000
算数,1961,(ｲ) 同分母の分数の加法及び減法の計算ができること。,8250243151200000
算数,1962,イ　次のような思考力，判断力，表現力等を身に付けること。,8250243152000000
算数,1963,(ｱ) 数を構成する単位に着目し，大きさの等しい分数を探したり，計算の仕方を考えたりするとともに，それを日常生活に生かすこと。,8250243152100000
算数,1964,(6) 数量の関係を表す式に関わる数学的活動を通して，次の事項を身に付けることができるよう指導する。,8250243160000000
算数,1965,ア　次のような知識及び技能を身に付けること。,8250243161000000
算数,1966,(ｱ) 四則の混合した式や（　）を用いた式について理解し，正しく計算すること。,8250243161100000
算数,1967,(ｲ) 公式についての考え方を理解し，公式を用いること。,8250243161200000
算数,1968,(ｳ) 数量を□，△などを用いて表し，その関係を式に表したり，□，△などに数を当てはめて調べたりすること。,8250243161300000
算数,1969,イ　次のような思考力，判断力，表現力等を身に付けること。,8250243162000000
算数,1970,(ｱ) 問題場面の数量の関係に着目し，数量の関係を簡潔に，また一般的に表現したり，式の意味を読み取ったりすること。,8250243162100000
算数,1971,(7) 計算に関して成り立つ性質に関わる数学的活動を通して，次の事項を身に付けることができるよう指導する。,8250243170000000
算数,1972,ア　次のような知識及び技能を身に付けること。,8250243171000000
算数,1973,(ｱ) 四則に関して成り立つ性質についての理解を深めること。,8250243171100000
算数,1974,イ　次のような思考力，判断力，表現力等を身に付けること。,8250243172000000
算数,1975,(ｱ) 数量の関係に着目し，計算に関して成り立つ性質を用いて計算の仕方を考えること。,8250243172100000
算数,1976,(8) そろばんを用いた数の表し方と計算に関わる数学的活動を通して，次の事項を身に付けることができるよう指導する。,8250243180000000
算数,1977,ア　次のような知識及び技能を身に付けること。,8250243181000000
算数,1978,(ｱ) 加法及び減法の計算をすること。,8250243181100000
算数,1979,イ　次のような思考力，判断力，表現力等を身に付けること。,8250243182000000
算数,1980,(ｱ) そろばんの仕組みに着目し，大きな数や小数の計算の仕方を考えること。,8250243182100000
算数,1981,Ｂ　図形 ,8250243200000000
算数,1982,(1) 平面図形に関わる数学的活動を通して，次の事項を身に付けることができるよう指導する。,8250243210000000
算数,1983,ア　次のような知識及び技能を身に付けること。,8250243211000000
算数,1984,(ｱ) 直線の平行や垂直の関係について理解すること。,8250243211100000
算数,1985,(ｲ) 平行四辺形，ひし形，台形について知ること。,8250243211200000
算数,1986,イ　次のような思考力，判断力，表現力等を身に付けること。,8250243212000000
算数,1987,(ｱ) 図形を構成する要素及びそれらの位置関係に着目し，構成の仕方を考察し図形の性質を見いだすとともに，その性質を基に既習の図形を捉え直すこと。,8250243212100000
算数,1988,(2) 立体図形に関わる数学的活動を通して，次の事項を身に付けることができるよう指導する。,8250243220000000
算数,1989,ア　次のような知識及び技能を身に付けること。,8250243221000000
算数,1990,(ｱ) 立方体，直方体について知ること。,8250243221100000
算数,1991,(ｲ) 直方体に関連して，直線や平面の平行や垂直の関係について理解すること。,8250243221200000
算数,1992,(ｳ) 見取図，展開図について知ること。,8250243221300000
算数,1993,イ　次のような思考力，判断力，表現力等を身に付けること。,8250243222000000
算数,1994,(ｱ) 図形を構成する要素及びそれらの位置関係に着目し，立体図形の平面上での表現や構成の仕方を考察し図形の性質を見いだすとともに，日常の事象を図形の性質から捉え直すこと。,8250243222100000
算数,1995,(3) ものの位置に関わる数学的活動を通して，次の事項を身に付けることができるよう指導する。,8250243230000000
算数,1996,ア　次のような知識及び技能を身に付けること。,8250243231000000
算数,1997,(ｱ) ものの位置の表し方について理解すること。,8250243231100000
算数,1998,イ　次のような思考力，判断力，表現力等を身に付けること。,8250243232000000
算数,1999,(ｱ) 平面や空間における位置を決める要素に着目し，その位置を数を用いて表現する方法を考察すること。,8250243232100000
算数,2000,(4) 平面図形の面積に関わる数学的活動を通して，次の事項を身に付けることができるよう指導する。,8250243240000000
算数,2001,ア　次のような知識及び技能を身に付けること。,8250243241000000
算数,2002,(ｱ) 面積の単位（平方センチメートル（cm2），平方メートル（m2），平方キロメートル（km2））について知ること。,8250243241100000
算数,2003,(ｲ) 正方形及び長方形の面積の計算による求め方について理解すること。,8250243241200000
算数,2004,イ　次のような思考力，判断力，表現力等を身に付けること。,8250243242000000
算数,2005,(ｱ) 面積の単位や図形を構成する要素に着目し，図形の面積の求め方を考えるとともに，面積の単位とこれまでに学習した単位との関係を考察すること。,8250243242100000
算数,2006,(5) 角の大きさに関わる数学的活動を通して，次の事項を身に付けることができるよう指導する。,8250243250000000
算数,2007,ア　次のような知識及び技能を身に付けること。,8250243251000000
算数,2008,(ｱ) 角の大きさを回転の大きさとして捉えること。,8250243251100000
算数,2009,(ｲ) 角の大きさの単位（度（　°））について知り，角の大きさを測定すること。,8250243251200000
算数,2010,イ　次のような思考力，判断力，表現力等を身に付けること。,8250243252000000
算数,2011,(ｱ) 図形の角の大きさに着目し，角の大きさを柔軟に表現したり，図形の考察に生かしたりすること。 ,8250243252100000
算数,2012,Ｃ　変化と関係,8250243300000000
算数,2013,(1) 伴って変わる二つの数量に関わる数学的活動を通して，次の事項を身に付けることができるよう指導する。,8250243310000000
算数,2014,ア　次のような知識及び技能を身に付けること。,8250243311000000
算数,2015,(ｱ) 変化の様子を表や式，折れ線グラフを用いて表したり，変化の特徴を読み取ったりすること。,8250243311100000
算数,2016,イ　次のような思考力，判断力，表現力等を身に付けること。,8250243312000000
算数,2017,(ｱ) 伴って変わる二つの数量を見いだして，それらの関係に着目し，表や式を用いて変化や対応の特徴を考察すること。,8250243312100000
算数,2018,(2) 二つの数量の関係に関わる数学的活動を通して，次の事項を身に付けることができるよう指導する。,8250243320000000
算数,2019,ア　次のような知識及び技能を身に付けること。,8250243321000000
算数,2020,(ｱ) 簡単な場合について，ある二つの数量の関係と別の二つの数量の関係とを比べる場合に割合を用いる場合があることを知ること。,8250243321100000
算数,2021,イ　次のような思考力，判断力，表現力等を身に付けること。,8250243322000000
算数,2022,(ｱ) 日常の事象における数量の関係に着目し，図や式などを用いて，ある二つの数量の関係と別の二つの数量の関係との比べ方を考察すること。,8250243322100000
算数,2023,Ｄ　データの活用,8250243400000000
算数,2024,(1) データの収集とその分析に関わる数学的活動を通して，次の事項を身に付けることができるよう指導する。,8250243410000000
算数,2025,ア　次のような知識及び技能を身に付けること。,8250243411000000
算数,2026,(ｱ) データを二つの観点から分類整理する方法を知ること。,8250243411100000
算数,2027,(ｲ) 折れ線グラフの特徴とその用い方を理解すること。,8250243411200000
算数,2028,イ　次のような思考力，判断力，表現力等を身に付けること。,8250243412000000
算数,2029,(ｱ) 目的に応じてデータを集めて分類整理し，データの特徴や傾向に着目し，問題を解決するために適切なグラフを選択して判断し，その結論について考察すること。,8250243412100000
算数,2030,〔数学的活動〕,8250243500000000
算数,2031,(1) 内容の「Ａ数と計算」，「Ｂ図形」，「Ｃ変化と関係」及び「Ｄデータの活用」に示す学習については，次のような数学的活動に取り組むものとする。,8250243510000000
算数,2032,ア　日常の事象から算数の問題を見いだして解決し，結果を確かめたり，日常生活等に生かしたりする活動,8250243511000000
算数,2033,イ　算数の学習場面から算数の問題を見いだして解決し，結果を確かめたり，発展的に考察したりする活動,8250243512000000
算数,2034,ウ　問題解決の過程や結果を，図や式などを用いて数学的に表現し伝え合う活動,8250243513000000
算数,2035,〔用語・記号〕,8250243600000000
算数,2036,和,8250243601000000
算数,2037,差,8250243602000000
算数,2038,積,8250243603000000
算数,2039,商,8250243604000000
算数,2040,以上,8250243605000000
算数,2041,以下,8250243606000000
算数,2042,未満,8250243607000000
算数,2043,真分数,8250243608000000
算数,2044,仮分数,8250243609000000
算数,2045,帯分数,8250243610000000
算数,2046,平行,8250243611000000
算数,2047,垂直,8250243612000000
算数,2048,対角線,8250243613000000
算数,2049,平面,8250243614000000
算数,2050,３　内容の取扱い,8250245000000000
算数,2051,(1) 内容の「Ａ数と計算」の(1) については，大きな数を表す際に，３桁ごとに区切りを用いる場合があることに触れるものとする。,8250245100000000
算数,2052,(2) 内容の「Ａ数と計算」の(2)のアの(ｳ)及び(3)については，簡単な計算は暗算でできるよう配慮するものとする。また，暗算を筆算や見積りに生かすよう配慮するものとする。,8250245200000000
算数,2053,(3) 内容の「Ａ数と計算」の(3)については，第１学年から第４学年までに示す整数の計算の能力を定着させ，それを用いる能力を伸ばすことに配慮するものとする。,8250245300000000
算数,2054,(4) 内容の「Ａ数と計算」の(3)のアの(ｴ)については，除数及び被除数に同じ数をかけても，同じ数で割っても商は変わらないという性質などを取り扱うものとする。,8250245400000000
算数,2055,(5) 内容の「Ａ数と計算」の(4)のアの(ｴ)については，整数を整数で割って商が小数になる場合も含めるものとする。,8250245500000000
算数,2056,(6) 内容の「Ａ数と計算」の(7)のアの(ｱ)については，交換法則，結合法則，分配法則を扱うものとする。,8250245600000000
算数,2057,(7) 内容の「Ｂ図形」の(1)については，平行四辺形，ひし形，台形で平面を敷き詰めるなどの操作的な活動を重視するよう配慮するものとする。,8250245700000000
算数,2058,(8) 内容の「Ｂ図形」の(4)のアの(ｱ)については，アール（a），ヘクタール（ha）の単位についても触れるものとする。,8250245800000000
算数,2059,(9) 内容の「Ｄデータの活用」の(1)のアの(ｱ)については，資料を調べるときに，落ちや重なりがないようにすることを取り扱うものとする。,8250245900000000
算数,2060,(10) 内容の「Ｄデータの活用」の(1)のアの(ｲ)については，複数系列のグラフや組み合わせたグラフにも触れるものとする。,8250245A00000000
算数,2061,〔第５学年〕,8250250000000000
算数,2062,１　目　標　,8250252000000000
算数,2063,(1) 整数の性質，分数の意味，小数と分数の計算の意味，面積の公式，図形の意味と性質，図形の体積，速さ，割合，帯グラフなどについて理解するとともに，小数や分数の計算をしたり，図形の性質を調べたり，図形の面積や体積を求めたり，表やグラフに表したりすることなどについての技能を身に付けるようにする。,8250252100000000
算数,2064,(2) 数とその表現や計算の意味に着目し，目的に合った表現方法を用いて数の性質や計算の仕方などを考察する力，図形を構成する要素や図形間の関係などに着目し，図形の性質や図形の計量について考察する力，伴って変わる二つの数量やそれらの関係に着目し，変化や対応の特徴を見いだして，二つの数量の関係を表や式を用いて考察する力，目的に応じてデータを収集し，データの特徴や傾向に着目して表やグラフに的確に表現し，それらを用いて問題解決したり，解決の過程や結果を多面的に捉え考察したりする力などを養う。,8250252200000000
算数,2065,(3) 数学的に表現・処理したことを振り返り，多面的に捉え検討してよりよいものを求めて粘り強く考える態度，数学のよさに気付き学習したことを生活や学習に活用しようとする態度を養う。,8250252300000000
算数,2066,２　内　容,8250253000000000
算数,2067,Ａ　数と計算,8250253100000000
算数,2068,(1) 整数の性質及び整数の構成に関わる数学的活動を通して，次の事項を身に付けることができるよう指導する。,8250253110000000
算数,2069,ア　次のような知識及び技能を身に付けること。,8250253111000000
算数,2070,(ｱ) 整数は，観点を決めると偶数と奇数に類別されることを知ること。,8250253111100000
算数,2071,(ｲ) 約数，倍数について知ること。,8250253111200000
算数,2072,イ　次のような思考力，判断力，表現力等を身に付けること。,8250253112000000
算数,2073,(ｱ) 乗法及び除法に着目し，観点を決めて整数を類別する仕方を考えたり，数の構成について考察したりするとともに，日常生活に生かすこと。,8250253112100000
算数,2074,(2) 整数及び小数の表し方に関わる数学的活動を通して，次の事項を身に付けることができるよう指導する。,8250253120000000
算数,2075,ア　次のような知識及び技能を身に付けること。,8250253121000000
算数,2076,(ｱ) ある数の10倍，100倍，1000倍，1/10 ， 1/100などの大きさの数を，小数点の位置を移してつくること。,8250253121100000
算数,2077,イ　次のような思考力，判断力，表現力等を身に付けること。,8250253122000000
算数,2078,(ｱ) 数の表し方の仕組みに着目し，数の相対的な大きさを考察し，計算などに有効に生かすこと。,8250253122100000
算数,2079,(3) 小数の乗法及び除法に関わる数学的活動を通して，次の事項を身に付けることができるよう指導する。,8250253130000000
算数,2080,ア　次のような知識及び技能を身に付けること。,8250253131000000
算数,2081,(ｱ) 乗数や除数が小数である場合の小数の乗法及び除法の意味について理解すること。,8250253131100000
算数,2082,(ｲ) 小数の乗法及び除法の計算ができること。また，余りの大きさについて理解すること。,8250253131200000
算数,2083,(ｳ) 小数の乗法及び除法についても整数の場合と同じ関係や法則が成り立つことを理解すること。,8250253131300000
算数,2084,イ　次のような思考力，判断力，表現力等を身に付けること。,8250253132000000
算数,2085,(ｱ) 乗法及び除法の意味に着目し，乗数や除数が小数である場合まで数の範囲を広げて乗法及び除法の意味を捉え直すとともに，それらの計算の仕方を考えたり，それらを日常生活に生かしたりすること。,8250253132100000
算数,2086,(4) 分数に関わる数学的活動を通して，次の事項を身に付けることができるよう指導する。,8250253140000000
算数,2087,ア　次のような知識及び技能を身に付けること。,8250253141000000
算数,2088,(ｱ) 整数及び小数を分数の形に直したり，分数を小数で表したりすること。,8250253141100000
算数,2089,(ｲ) 整数の除法の結果は，分数を用いると常に一つの数として表すことができることを理解すること。,8250253141200000
算数,2090,(ｳ) 一つの分数の分子及び分母に同じ数を乗除してできる分数は，元の分数と同じ大きさを表すことを理解すること。,8250253141300000
算数,2091,(ｴ) 分数の相等及び大小について知り，大小を比べること。,8250253141400000
算数,2092,イ　次のような思考力，判断力，表現力等を身に付けること。,8250253142000000
算数,2093,(ｱ) 数を構成する単位に着目し，数の相等及び大小関係について考察すること。,8250253142100000
算数,2094,(ｲ) 分数の表現に着目し，除法の結果の表し方を振り返り，分数の意味をまとめること。,8250253142200000
算数,2095,(5) 分数の加法及び減法に関わる数学的活動を通して，次の事項を身に付けることができるよう指導する。,8250253150000000
算数,2096,ア　次のような知識及び技能を身に付けること。,8250253151000000
算数,2097,(ｱ) 異分母の分数の加法及び減法の計算ができること。,8250253151100000
算数,2098,イ　次のような思考力，判断力，表現力等を身に付けること。,8250253152000000
算数,2099,(ｱ) 分数の意味や表現に着目し，計算の仕方を考えること。,8250253152100000
算数,2100,(6) 数量の関係を表す式に関わる数学的活動を通して，次の事項を身に付けることができるよう指導する。,8250253160000000
算数,2101,ア　次のような知識及び技能を身に付けること。,8250253161000000
算数,2102,(ｱ) 数量の関係を表す式についての理解を深めること。,8250253161100000
算数,2103,イ　次のような思考力，判断力，表現力等を身に付けること。,8250253162000000
算数,2104,(ｱ) 二つの数量の対応や変わり方に着目し，簡単な式で表されている関係について考察すること。,8250253162100000
算数,2105,Ｂ　図形 ,8250253200000000
算数,2106,(1) 平面図形に関わる数学的活動を通して，次の事項を身に付けることができるよう指導する。,8250253210000000
算数,2107,ア　次のような知識及び技能を身に付けること。,8250253211000000
算数,2108,(ｱ) 図形の形や大きさが決まる要素について理解するとともに，図形の合同について理解すること。,8250253211100000
算数,2109,(ｲ) 三角形や四角形など多角形についての簡単な性質を理解すること。,8250253211200000
算数,2110,(ｳ) 円と関連させて正多角形の基本的な性質を知ること。,8250253211300000
算数,2111,(ｴ) 円周率の意味について理解し，それを用いること。,8250253211400000
算数,2112,イ　次のような思考力，判断力，表現力等を身に付けること。,8250253212000000
算数,2113,(ｱ) 図形を構成する要素及び図形間の関係に着目し，構成の仕方を考察したり，図形の性質を見いだし，その性質を筋道を立てて考え説明したりすること。,8250253212100000
算数,2114,(2) 立体図形に関わる数学的活動を通して，次の事項を身に付けることができるよう指導する。,8250253220000000
算数,2115,ア　次のような知識及び技能を身に付けること。,8250253221000000
算数,2116,(ｱ) 基本的な角柱や円柱について知ること。,8250253221100000
算数,2117,イ　次のような思考力，判断力，表現力等を身に付けること。,8250253222000000
算数,2118,(ｱ) 図形を構成する要素に着目し，図形の性質を見いだすとともに，その性質を基に既習の図形を捉え直すこと。,8250253222100000
算数,2119,(3) 平面図形の面積に関わる数学的活動を通して，次の事項を身に付けることができるよう指導する。,8250253230000000
算数,2120,ア　次のような知識及び技能を身に付けること。,8250253231000000
算数,2121,(ｱ) 三角形，平行四辺形，ひし形，台形の面積の計算による求め方について理解すること。,8250253231100000
算数,2122,イ　次のような思考力，判断力，表現力等を身に付けること。,8250253232000000
算数,2123,(ｱ) 図形を構成する要素などに着目して，基本図形の面積の求め方を見いだすとともに，その表現を振り返り，簡潔かつ的確な表現に高め，公式として導くこと。,8250253232100000
算数,2124,(4) 立体図形の体積に関わる数学的活動を通して，次の事項を身に付けることができるよう指導する。,8250253240000000
算数,2125,ア　次のような知識及び技能を身に付けること。,8250253241000000
算数,2126,(ｱ) 体積の単位（立方センチメートル（cm3），立方メートル（m3））について知ること。,8250253241100000
算数,2127,(ｲ) 立方体及び直方体の体積の計算による求め方について理解すること。,8250253241200000
算数,2128,イ　次のような思考力，判断力，表現力等を身に付けること。,8250253242000000
算数,2129,(ｱ) 体積の単位や図形を構成する要素に着目し，図形の体積の求め方を考えるとともに，体積の単位とこれまでに学習した単位との関係を考察すること。,8250253242100000
算数,2130,Ｃ　変化と関係,8250253300000000
算数,2131,(1) 伴って変わる二つの数量に関わる数学的活動を通して，次の事項を身に付けることができるよう指導する。,8250253310000000
算数,2132,ア　次のような知識及び技能を身に付けること。,8250253311000000
算数,2133,(ｱ) 簡単な場合について，比例の関係があることを知ること。,8250253311100000
算数,2134,イ　次のような思考力，判断力，表現力等を身に付けること。,8250253312000000
算数,2135,(ｱ) 伴って変わる二つの数量を見いだして，それらの関係に着目し，表や式を用いて変化や対応の特徴を考察すること。,8250253312100000
算数,2136,(2) 異種の二つの量の割合として捉えられる数量に関わる数学的活動を通して，次の事項を身に付けることができるよう指導する。,8250253320000000
算数,2137,ア　次のような知識及び技能を身に付けること。,8250253321000000
算数,2138,(ｱ) 速さなど単位量当たりの大きさの意味及び表し方について理解し，それを求めること。,8250253321100000
算数,2139,イ　次のような思考力，判断力，表現力等を身に付けること。,8250253322000000
算数,2140,(ｱ) 異種の二つの量の割合として捉えられる数量の関係に着目し，目的に応じて大きさを比べたり表現したりする方法を考察し，それらを日常生活に生かすこと。,8250253322100000
算数,2141,(3) 二つの数量の関係に関わる数学的活動を通して，次の事項を身に付けることができるよう指導する。,8250253330000000
算数,2142,ア　次のような知識及び技能を身に付けること。,8250253331000000
算数,2143,(ｱ) ある二つの数量の関係と別の二つの数量の関係とを比べる場合に割合を用いる場合があることを理解すること。,8250253331100000
算数,2144,(ｲ) 百分率を用いた表し方を理解し，割合などを求めること。,8250253331200000
算数,2145,イ　次のような思考力，判断力，表現力等を身に付けること。,8250253332000000
算数,2146,(ｱ) 日常の事象における数量の関係に着目し，図や式などを用いて，ある二つの数量の関係と別の二つの数量の関係との比べ方を考察し，それを日常生活に生かすこと。,8250253332100000
算数,2147,Ｄ　データの活用,8250253400000000
算数,2148,(1) データの収集とその分析に関わる数学的活動を通して，次の事項を身に付けることができるよう指導する。,8250253410000000
算数,2149,ア　次のような知識及び技能を身に付けること。,8250253411000000
算数,2150,(ｱ) 円グラフや帯グラフの特徴とそれらの用い方を理解すること。,8250253411100000
算数,2151,(ｲ) データの収集や適切な手法の選択など統計的な問題解決の方法を知ること。,8250253411200000
算数,2152,イ　次のような思考力，判断力，表現力等を身に付けること。,8250253412000000
算数,2153,(ｱ) 目的に応じてデータを集めて分類整理し，データの特徴や傾向に着目し，問題を解決するために適切なグラフを選択して判断し，その結論について多面的に捉え考察すること。,8250253412100000
算数,2154,(2) 測定した結果を平均する方法に関わる数学的活動を通して，次の事項を身に付けることができるよう指導する。,8250253420000000
算数,2155,ア　次のような知識及び技能を身に付けること。,8250253421000000
算数,2156,(ｱ) 平均の意味について理解すること。,8250253421100000
算数,2157,イ　次のような思考力，判断力，表現力等を身に付けること。,8250253422000000
算数,2158,(ｱ) 概括的に捉えることに着目し，測定した結果を平均する方法について考察し，それを学習や日常生活に生かすこと。,8250253422100000
算数,2159,〔数学的活動〕,8250253500000000
算数,2160,(1) 内容の「Ａ数と計算」，「Ｂ図形」，「Ｃ変化と関係」及び「Ｄデータの活用」に示す学習については，次のような数学的活動に取り組むものとする。,8250253510000000
算数,2161,ア　日常の事象から算数の問題を見いだして解決し，結果を確かめたり，日常生活等に生かしたりする活動,8250253511000000
算数,2162,イ　算数の学習場面から算数の問題を見いだして解決し，結果を確かめたり，発展的に考察したりする活動,8250253512000000
算数,2163,ウ　問題解決の過程や結果を，図や式などを用いて数学的に表現し伝え合う活動,8250253513000000
算数,2164,〔用語・記号〕,8250253600000000
算数,2165,最大公約数,8250253601000000
算数,2166,最小公倍数,8250253602000000
算数,2167,通分,8250253603000000
算数,2168,約分,8250253604000000
算数,2169,底面,8250253605000000
算数,2170,側面,8250253606000000
算数,2171,比例,8250253607000000
算数,2172,％,8250253608000000
算数,2173,３　内容の取扱い,8250255000000000
算数,2174,(1) 内容の「Ａ数と計算」の(1)のアの(ｲ)については，最大公約数や最小公倍数を形式的に求めることに偏ることなく，具体的な場面に即して取り扱うものとする。,8250255100000000
算数,2175,(2) 内容の「Ｂ図形」の(1)については，平面を合同な図形で敷き詰めるなどの操作的な活動を重視するよう配慮するものとする。,8250255200000000
算数,2176,(3) 内容の「Ｂ図形」の(1)のアの(ｴ)については，円周率は3.14を用いるものとする。,8250255300000000
算数,2177,(4) 内容の「Ｃ変化と関係」の(3)のアの(ｲ)については，歩合の表し方について触れるものとする。,8250255400000000
算数,2178,(5) 内容の「Ｄデータの活用」の(1)については，複数の帯グラフを比べることにも触れるものとする。,8250255500000000
算数,2179,〔第６学年〕,8250260000000000
算数,2180,１　目　標,8250262000000000
算数,2181,(1) 分数の計算の意味，文字を用いた式，図形の意味，図形の体積，比例，度数分布を表す表などについて理解するとともに，分数の計算をしたり，図形を構成したり，図形の面積や体積を求めたり，表やグラフに表したりすることなどについての技能を身に付けるようにする。,8250262100000000
算数,2182,(2) 数とその表現や計算の意味に着目し，発展的に考察して問題を見いだすとともに，目的に応じて多様な表現方法を用いながら数の表し方や計算の仕方などを考察する力，図形を構成する要素や図形間の関係などに着目し，図形の性質や図形の計量について考察する力，伴って変わる二つの数量やそれらの関係に着目し，変化や対応の特徴を見いだして，二つの数量の関係を表や式，グラフを用いて考察する力，身の回りの事象から設定した問題について，目的に応じてデータを収集し，データの特徴や傾向に着目して適切な手法を選択して分析を行い，それらを用いて問題解決したり，解決の過程や結果を批判的に考察したりする力などを養う。,8250262200000000
算数,2183,(3) 数学的に表現・処理したことを振り返り，多面的に捉え検討してよりよいものを求めて粘り強く考える態度，数学のよさに気付き学習したことを生活や学習に活用しようとする態度を養う。,8250262300000000
算数,2184,２　内　容,8250263000000000
算数,2185,Ａ　数と計算,8250263100000000
算数,2186,(1) 分数の乗法及び除法に関わる数学的活動を通して，次の事項を身に付けることができるよう指導する。,8250263110000000
算数,2187,ア　次のような知識及び技能を身に付けること。,8250263111000000
算数,2188,(ｱ) 乗数や除数が整数や分数である場合も含めて，分数の乗法及び除法の意味について理解すること。,8250263111100000
算数,2189,(ｲ) 分数の乗法及び除法の計算ができること。,8250263111200000
算数,2190,(ｳ) 分数の乗法及び除法についても，整数の場合と同じ関係や法則が成り立つことを理解すること。,8250263111300000
算数,2191,イ　次のような思考力，判断力，表現力等を身に付けること。,8250263112000000
算数,2192,(ｱ) 数の意味と表現，計算について成り立つ性質に着目し，計算の仕方を多面的に捉え考えること。,8250263112100000
算数,2193,(2) 数量の関係を表す式に関わる数学的活動を通して，次の事項を身に付けることができるよう指導する。,8250263120000000
算数,2194,ア　次のような知識及び技能を身に付けること。,8250263121000000
算数,2195,(ｱ) 数量を表す言葉や□，△などの代わりに，a，xなどの文字を用いて式に表したり，文字に数を当てはめて調べたりすること。,8250263121100000
算数,2196,イ　次のような思考力，判断力，表現力等を身に付けること。,8250263122000000
算数,2197,(ｱ) 問題場面の数量の関係に着目し，数量の関係を簡潔かつ一般的に表現したり，式の意味を読み取ったりすること。,8250263122100000
算数,2198,Ｂ　図形 ,8250263200000000
算数,2199,(1) 平面図形に関わる数学的活動を通して，次の事項を身に付けることができるよう指導する。,8250263210000000
算数,2200,ア　次のような知識及び技能を身に付けること。,8250263211000000
算数,2201,(ｱ) 縮図や拡大図について理解すること。,8250263211100000
算数,2202,(ｲ) 対称な図形について理解すること。,8250263211200000
算数,2203,イ　次のような思考力，判断力，表現力等を身に付けること。,8250263212000000
算数,2204,(ｱ) 図形を構成する要素及び図形間の関係に着目し，構成の仕方を考察したり図形の性質を見いだしたりするとともに，その性質を基に既習の図形を捉え直したり日常生活に生かしたりすること。,8250263212100000
算数,2205,(2) 身の回りにある形の概形やおよその面積などに関わる数学的活動を通して，次の事項を身に付けることができるよう指導する。,8250263220000000
算数,2206,ア　次のような知識及び技能を身に付けること。,8250263221000000
算数,2207,(ｱ) 身の回りにある形について，その概形を捉え，およその面積などを求めること。,8250263221100000
算数,2208,イ　次のような思考力，判断力，表現力等を身に付けること。,8250263222000000
算数,2209,(ｱ) 図形を構成する要素や性質に着目し，筋道を立てて面積などの求め方を考え，それを日常生活に生かすこと。,8250263222100000
算数,2210,(3) 平面図形の面積に関わる数学的活動を通して，次の事項を身に付けることができるよう指導する。,8250263230000000
算数,2211,ア　次のような知識及び技能を身に付けること。,8250263231000000
算数,2212,(ｱ) 円の面積の計算による求め方について理解すること。,8250263231100000
算数,2213,イ　次のような思考力，判断力，表現力等を身に付けること。,8250263232000000
算数,2214,(ｱ) 図形を構成する要素などに着目し，基本的な図形の面積の求め方を見いだすとともに，その表現を振り返り，簡潔かつ的確な表現に高め，公式として導くこと。,8250263232100000
算数,2215,(4) 立体図形の体積に関わる数学的活動を通して，次の事項を身に付けることができるよう指導する。,8250263240000000
算数,2216,ア　次のような知識及び技能を身に付けること。,8250263241000000
算数,2217,(ｱ) 基本的な角柱及び円柱の体積の計算による求め方について理解すること。,8250263241100000
算数,2218,イ　次のような思考力，判断力，表現力等を身に付けること。,8250263242000000
算数,2219,(ｱ) 図形を構成する要素に着目し，基本図形の体積の求め方を見いだすとともに，その表現を振り返り，簡潔かつ的確な表現に高め，公式として導くこと。,8250263242100000
算数,2220,Ｃ　変化と関係,8250263300000000
算数,2221,(1) 伴って変わる二つの数量に関わる数学的活動を通して，次の事項を身に付けることができるよう指導する。,8250263310000000
算数,2222,ア　次のような知識及び技能を身に付けること。,8250263311000000
算数,2223,(ｱ) 比例の関係の意味や性質を理解すること。,8250263311100000
算数,2224,(ｲ) 比例の関係を用いた問題解決の方法について知ること。,8250263311200000
算数,2225,(ｳ) 反比例の関係について知ること。,8250263311300000
算数,2226,イ　次のような思考力，判断力，表現力等を身に付けること。,8250263312000000
算数,2227,(ｱ) 伴って変わる二つの数量を見いだして，それらの関係に着目し，目的に応じて表や式，グラフを用いてそれらの関係を表現して，変化や対応の特徴を見いだすとともに，それらを日常生活に生かすこと。,8250263312100000
算数,2228,(2) 二つの数量の関係に関わる数学的活動を通して，次の事項を身に付けることができるよう指導する。,8250263320000000
算数,2229,ア　次のような知識及び技能を身に付けること。,8250263321000000
算数,2230,(ｱ) 比の意味や表し方を理解し，数量の関係を比で表したり，等しい比をつくったりすること。,8250263321100000
算数,2231,イ　次のような思考力，判断力，表現力等を身に付けること。,8250263322000000
算数,2232,(ｱ) 日常の事象における数量の関係に着目し，図や式などを用いて数量の関係の比べ方を考察し，それを日常生活に生かすこと。,8250263322100000
算数,2233,Ｄ　データの活用,8250263400000000
算数,2234,(1) データの収集とその分析に関わる数学的活動を通して，次の事項を身に付けることができるよう指導する。,8250263410000000
算数,2235,ア　次のような知識及び技能を身に付けること。,8250263411000000
算数,2236,(ｱ) 代表値の意味や求め方を理解すること。,8250263411100000
算数,2237,(ｲ) 度数分布を表す表やグラフの特徴及びそれらの用い方を理解すること。,8250263411200000
算数,2238,(ｳ) 目的に応じてデータを収集したり適切な手法を選択したりするなど，統計的な問題解決の方法を知ること。,8250263411300000
算数,2239,イ　次のような思考力，判断力，表現力等を身に付けること。,8250263412000000
算数,2240,(ｱ) 目的に応じてデータを集めて分類整理し，データの特徴や傾向に着目し，代表値などを用いて問題の結論について判断するとともに，その妥当性について批判的に考察すること。,8250263412100000
算数,2241,(2) 起こり得る場合に関わる数学的活動を通して，次の事項を身に付けることができるよう指導する。,8250263420000000
算数,2242,ア　次のような知識及び技能を身に付けること。,8250263421000000
算数,2243,(ｱ) 起こり得る場合を順序よく整理するための図や表などの用い方を知ること。,8250263421100000
算数,2244,イ　次のような思考力，判断力，表現力等を身に付けること。,8250263422000000
算数,2245,(ｱ) 事象の特徴に着目し，順序よく整理する観点を決めて，落ちや重なりなく調べる方法を考察すること。,8250263422100000
算数,2246,〔数学的活動〕 ,8250263500000000
算数,2247,(1) 内容の「Ａ数と計算」，「Ｂ図形」，「Ｃ変化と関係」及び「Ｄデータの活用」に示す学習については，次のような数学的活動に取り組むものとする。,8250263510000000
算数,2248,ア　日常の事象を数理的に捉え問題を見いだして解決し，解決過程を振り返り，結果や方法を改善したり，日常生活等に生かしたりする活動,8250263511000000
算数,2249,イ　算数の学習場面から算数の問題を見いだして解決し，解決過程を振り返り統合的・発展的に考察する活動,8250263512000000
算数,2250,ウ　問題解決の過程や結果を，目的に応じて図や式などを用いて数学的に表現し伝え合う活動,8250263513000000
算数,2251,〔用語・記号〕,8250263600000000
算数,2252,線対称,8250263601000000
算数,2253,点対称,8250263602000000
算数,2254,対称の軸,8250263603000000
算数,2255,対称の中心,8250263604000000
算数,2256,比の値,8250263605000000
算数,2257,ドットプロット,8250263606000000
算数,2258,平均値,8250263607000000
算数,2259,中央値,8250263608000000
算数,2260,最頻値,8250263609000000
算数,2261,階級,8250263610000000
算数,2262,：,8250263611000000
算数,2263,３　内容の取扱い,8250265000000000
算数,2264,(1) 内容の「Ａ数と計算」の(1)については，逆数を用いて除法を乗法の計算としてみることや，整数や小数の乗法や除法を分数の場合の計算にまとめることも取り扱うものとする。,8250265100000000
算数,2265,(2) 内容の「Ａ数と計算」の(1)については，第３学年から第６学年までに示す小数や分数の計算の能力を定着させ，それらを用いる能力を伸ばすことに配慮するものとする。,8250265200000000
算数,2266,(3) 内容の「Ｂ図形」の(3)のアの(ｱ)については，円周率は3.14を用いるものとする。,8250265300000000
算数,2267,第３　指導計画の作成と内容の取扱い,8250300000000000
算数,2268,１　指導計画の作成に当たっては，次の事項に配慮するものとする。,8250300100000000
算数,2269,(1) 単元など内容や時間のまとまりを見通して，その中で育む資質・能力の育成に向けて，数学的活動を通して，児童の主体的・対話的で深い学びの実現を図るようにすること。その際，数学的な見方・考え方を働かせながら，日常の事象を数理的に捉え，算数の問題を見いだし，問題を自立的，協働的に解決し，学習の過程を振り返り，概念を形成するなどの学習の充実を図ること。,8250300110000000
算数,2270,(2) 第２の各学年の内容は，次の学年以降においても必要に応じて継続して指導すること。数量や図形についての基礎的な能力の習熟や維持を図るため，適宜練習の機会を設けて計画的に指導すること。なお，その際，第１章総則の第２の３の(2)のウの(ｲ)に掲げる指導を行う場合には，当該指導のねらいを明確にするとともに，単元など内容や時間のまとまりを見通して資質・能力が偏りなく育成されるよう計画的に指導すること。また，学年間の指導内容を円滑に接続させるため，適切な反復による学習指導を進めるようにすること。,8250300120000000
算数,2271,(3) 第２の各学年の内容の「Ａ数と計算」，「Ｂ図形」，「Ｃ測定」，「Ｃ変化と関係」及び「Ｄデータの活用」の間の指導の関連を図ること。,8250300130000000
算数,2272,(4) 低学年においては，第１章総則の第２の４の(1)を踏まえ，他教科等との関連を積極的に図り，指導の効果を高めるようにするとともに，幼稚園教育要領等に示す幼児期の終わりまでに育ってほしい姿との関連を考慮すること。特に，小学校入学当初においては，生活科を中心とした合科的・関連的な指導や，弾力的な時間割の設定を行うなどの工夫をすること。,82503A0140000000
算数,2273,(5) 障害のある児童などについては，学習活動を行う場合に生じる困難さに応じた指導内容や指導方法の工夫を計画的，組織的に行うこと。,8250300150000000
算数,2274,(6) 第１章総則の第１の２の(2)に示す道徳教育の目標に基づき，道徳科などとの関連を考慮しながら，第３章特別の教科道徳の第２に示す内容について，算数科の特質に応じて適切な指導をすること。,8250300160000000
算数,2275,２　第２の内容の取扱いについては，次の事項に配慮するものとする。,8250300200000000
算数,2276,(1) 思考力，判断力，表現力等を育成するため，各学年の内容の指導に当たっては，具体物，図，言葉，数，式，表，グラフなどを用いて考えたり，説明したり，互いに自分の考えを表現し伝え合ったり，学び合ったり，高め合ったりするなどの学習活動を積極的に取り入れるようにすること。,8250300210000000
算数,2277,(2) 数量や図形についての感覚を豊かにしたり，表やグラフを用いて表現する力を高めたりするなどのため，必要な場面においてコンピュータなどを適切に活用すること。また，第１章総則の第３の１の(3)のイに掲げるプログラミングを体験しながら論理的思考力を身に付けるための活動を行う場合には，児童の負担に配慮しつつ，例えば第２の各学年の内容の〔第５学年〕の「Ｂ図形」の(1)における正多角形の作図を行う学習に関連して，正確な繰り返し作業を行う必要があり，更に一部を変えることでいろいろな正多角形を同様に考えることができる場面などで取り扱うこと。,8250300220000000
算数,2278,(3) 各領域の指導に当たっては，具体物を操作したり，日常の事象を観察したり，児童にとって身近な算数の問題を解決したりするなどの具体的な体験を伴う学習を通して，数量や図形について実感を伴った理解をしたり，算数を学ぶ意義を実感したりする機会を設けること。,8250300230000000
算数,2279,(4) 第２の各学年の内容に示す〔用語・記号〕は，当該学年で取り上げる内容の程度や範囲を明確にするために示したものであり，その指導に当たっては，各学年の内容と密接に関連させて取り上げるようにし，それらを用いて表したり考えたりすることのよさが分かるようにすること。,8250300240000000
算数,2280,(5) 数量や図形についての豊かな感覚を育てるとともに，およその大きさや形を捉え，それらに基づいて適切に判断したり，能率的な処理の仕方を考え出したりすることができるようにすること。,8250300250000000
算数,2281,(6) 筆算による計算の技能を確実に身に付けることを重視するとともに，目的に応じて計算の結果の見積りをして，計算の仕方や結果について適切に判断できるようにすること。また，低学年の「Ａ数と計算」の指導に当たっては，そろばんや具体物などの教具を適宜用いて，数と計算についての意味の理解を深めるよう留意すること。,8250300260000000
算数,2282,３　数学的活動の取組においては，次の事項に配慮するものとする。,8250300300000000
算数,2283,(1) 数学的活動は，基礎的・基本的な知識及び技能を確実に身に付けたり，思考力，判断力，表現力等を高めたり，算数を学ぶことの楽しさや意義を実感したりするために，重要な役割を果たすものであることから，各学年の内容の「Ａ数と計算」，「Ｂ図形」，「Ｃ測定」，「Ｃ変化と関係」及び「Ｄデータの活用」に示す事項については，数学的活動を通して指導するようにすること。,8250300310000000
算数,2284,(2) 数学的活動を楽しめるようにする機会を設けること。 ,8250300320000000
算数,2285,(3) 算数の問題を解決する方法を理解するとともに，自ら問題を見いだし，解決するための構想を立て，実践し，その結果を評価・改善する機会を設けること。,8250300330000000
算数,2286,(4) 具体物，図，数，式，表，グラフ相互の関連を図る機会を設けること。,8250300340000000
算数,2287,(5) 友達と考えを伝え合うことで学び合ったり，学習の過程と成果を振り返り，よりよく問題解決できたことを実感したりする機会を設けること。,8250300350000000
理科,2288,第４節　理　　　科,82600L0000000000
理科,2289,"第１　目　標
自然に親しみ，理科の見方・考え方を働かせ，見通しをもって観察，実験を行うことなどを通して，自然の事物・現象についての問題を科学的に解決するために必要な資質・能力を次のとおり育成することを目指す。",82601L0000000000
理科,2290,(1) 自然の事物・現象についての理解を図り，観察，実験などに関する基本的な技能を身に付けるようにする。,82601L0100000000
理科,2291,(2) 観察，実験などを行い，問題解決の力を養う。,82601L0200000000
理科,2292,(3) 自然を愛する心情や主体的に問題解決しようとする態度を養う。,82601L0300000000
理科,2293,第２　各学年の目標及び内容　　,82602L0000000000
理科,2294,〔第３学年〕,8260230000000000
理科,2295,１　目　標　,8260232000000000
理科,2296,(1) 物質・エネルギー,8260232100000000
理科,2297,①　物の性質，風とゴムの力の働き，光と音の性質，磁石の性質及び電気の回路についての理解を図り，観察，実験などに関する基本的な技能を身に付けるようにする。,8260232110000000
理科,2298,②　物の性質，風とゴムの力の働き，光と音の性質，磁石の性質及び電気の回路について追究する中で，主に差異点や共通点を基に，問題を見いだす力を養う。,8260232120000000
理科,2299,③　物の性質，風とゴムの力の働き，光と音の性質，磁石の性質及び電気の回路について追究する中で，主体的に問題解決しようとする態度を養う。,8260232130000000
理科,2300,(2) 生命・地球,8260232200000000
理科,2301,①　身の回りの生物，太陽と地面の様子についての理解を図り，観察，実験などに関する基本的な技能を身に付けるようにする。,8260232210000000
理科,2302,②　身の回りの生物，太陽と地面の様子について追究する中で，主に差異点や共通点を基に，問題を見いだす力を養う。,8260232220000000
理科,2303,③　身の回りの生物，太陽と地面の様子について追究する中で，生物を愛護する態度や主体的に問題解決しようとする態度を養う。,8260232230000000
理科,2304,２　内　容,8260233000000000
理科,2305,Ａ　物質・エネルギー,8260233100000000
理科,2306,"(1) 物と重さ
物の性質について，形や体積に着目して，重さを比較しながら調べる活動を通して，次の事項を身に付けることができるよう指導する。",8260233110000000
理科,2307,ア　次のことを理解するとともに，観察，実験などに関する技能を身に付けること。,8260233111000000
理科,2308,(ｱ) 物は，形が変わっても重さは変わらないこと。,8260233111100000
理科,2309,(ｲ) 物は，体積が同じでも重さは違うことがあること。,8260233111200000
理科,2310,イ　物の形や体積と重さとの関係について追究する中で，差異点や共通点を基に，物の性質についての問題を見いだし，表現すること。,8260233112000000
理科,2311,"(2) 風とゴムの力の働き
風とゴムの力の働きについて，力と物の動く様子に着目して，それらを比較しながら調べる活動を通して，次の事項を身に付けることができるよう指導する。",8260233120000000
理科,2312,ア　次のことを理解するとともに，観察，実験などに関する技能を身に付けること。,8260233121000000
理科,2313,(ｱ) 風の力は，物を動かすことができること。また，風の力の大きさを変えると，物が動く様子も変わること。,8260233121100000
理科,2314,(ｲ) ゴムの力は，物を動かすことができること。また，ゴムの力の大きさを変えると，物が動く様子も変わること。,8260233121200000
理科,2315,イ　風とゴムの力で物が動く様子について追究する中で，差異点や共通点を基に，風とゴムの力の働きについての問題を見いだし，表現すること。,8260233122000000
理科,2316,"(3) 光と音の性質
光と音の性質について，光を当てたときの明るさや暖かさ，音を出したときの震え方に着目して，光の強さや音の大きさを変えたときの違いを比較しながら調べる活動を通して，次の事項を身に付けることができるよう指導する。",8260233130000000
理科,2317,ア　次のことを理解するとともに，観察，実験などに関する技能を身に付けること。,8260233131000000
理科,2318,(ｱ) 日光は直進し，集めたり反射させたりできること。,8260233131100000
理科,2319,(ｲ) 物に日光を当てると，物の明るさや暖かさが変わること。,8260233131200000
理科,2320,(ｳ) 物から音が出たり伝わったりするとき，物は震えていること。また，音の大きさが変わるとき物の震え方が変わること。,8260233131300000
理科,2321,イ　光を当てたときの明るさや暖かさの様子，音を出したときの震え方の様子について追究する中で，差異点や共通点を基に，光と音の性質についての問題を見いだし，表現すること。,8260233132000000
理科,2322,"(4) 磁石の性質
磁石の性質について，磁石を身の回りの物に近付けたときの様子に着目して，それらを比較しながら調べる活動を通して，次の事項を身に付けることができるよう指導する。",8260233140000000
理科,2323,ア　次のことを理解するとともに，観察，実験などに関する技能を身に付けること。,8260233141000000
理科,2324,(ｱ) 磁石に引き付けられる物と引き付けられない物があること。また，磁石に近付けると磁石になる物があること。,8260233141100000
理科,2325,(ｲ) 磁石の異極は引き合い，同極は退け合うこと。,8260233141200000
理科,2326,イ　磁石を身の回りの物に近付けたときの様子について追究する中で，差異点や共通点を基に，磁石の性質についての問題を見いだし，表現すること。,8260233142000000
理科,2327,"(5) 電気の通り道
電気の回路について，乾電池と豆電球などのつなぎ方と乾電池につないだ物の様子に着目して，電気を通すときと通さないときのつなぎ方を比較しながら調べる活動を通して，次の事項を身に付けることができるよう指導する。",8260233150000000
理科,2328,ア　次のことを理解するとともに，観察，実験などに関する技能を身に付けること。,8260233151000000
理科,2329,(ｱ) 電気を通すつなぎ方と通さないつなぎ方があること。,8260233151100000
理科,2330,(ｲ) 電気を通す物と通さない物があること。,8260233151200000
理科,2331,イ　乾電池と豆電球などのつなぎ方と乾電池につないだ物の様子について追究する中で，差異点や共通点を基に，電気の回路についての問題を見いだし，表現すること。,8260233152000000
理科,2332,Ｂ　生命・地球,8260233200000000
理科,2333,"(1) 身の回りの生物
身の回りの生物について，探したり育てたりする中で，それらの様子や周辺の環境，成長の過程や体のつくりに着目して，それらを比較しながら調べる活動を通して，次の事項を身に付けることができるよう指導する。",8260233210000000
理科,2334,ア  次のことを理解するとともに，観察，実験などに関する技能を身に付けること。,8260233211000000
理科,2335,(ｱ) 生物は，色，形，大きさなど，姿に違いがあること。また，周辺の環境と関わって生きていること。,8260233211100000
理科,2336,(ｲ) 昆虫の育ち方には一定の順序があること。また，成虫の体は頭，胸及び腹からできていること。,8260233211200000
理科,2337,(ｳ) 植物の育ち方には一定の順序があること。また，その体は根，茎及び葉からできていること。,8260233211300000
理科,2338,イ　身の回りの生物の様子について追究する中で，差異点や共通点を基に，身の回りの生物と環境との関わり，昆虫や植物の成長のきまりや体のつくりについての問題を見いだし，表現すること。,8260233212000000
理科,2339,"(2) 太陽と地面の様子
太陽と地面の様子との関係について，日なたと日陰の様子に着目して，それらを比較しながら調べる活動を通して，次の事項を身に付けることができるよう指導する。",8260233220000000
理科,2340,ア　次のことを理解するとともに，観察，実験などに関する技能を身に付けること。,8260233221000000
理科,2341,(ｱ) 日陰は太陽の光を遮るとでき，日陰の位置は太陽の位置の変化によって変わること。,8260233221100000
理科,2342,(ｲ) 地面は太陽によって暖められ，日なたと日陰では地面の暖かさや湿り気に違いがあること。,8260233221200000
理科,2343,イ　日なたと日陰の様子について追究する中で，差異点や共通点を基に，太陽と地面の様子との関係についての問題を見いだし，表現すること。,8260233222000000
理科,2344,３　内容の取扱い,8260235000000000
理科,2345,(1) 内容の「Ａ物質・エネルギー」の指導に当たっては，３種類以上のものづくりを行うものとする。,8260235100000000
理科,2346,(2) 内容の「Ａ物質・エネルギー」の(4)のアの(ｱ)については，磁石が物を引き付ける力は，磁石と物の距離によって変わることにも触れること。,8260235200000000
理科,2347,(3) 内容の「Ｂ生命・地球」の(1)については，次のとおり取り扱うものとする。,8260235300000000
理科,2348,ア　アの(ｲ)及び(ｳ)については，飼育，栽培を通して行うこと。,8260235310000000
理科,2349,イ　アの(ｳ)の「植物の育ち方」については，夏生一年生の双子葉植物を扱うこと。,8260235320000000
理科,2350,(4) 内容の「Ｂ生命・地球」の(2)のアの(ｱ)の「太陽の位置の変化」については，東から南，西へと変化することを取り扱うものとする。また，太陽の位置を調べるときの方位は東，西，南，北を扱うものとする。,8260235400000000
理科,2351,〔第４学年〕,8260240000000000
理科,2352,１　目　標　,8260242000000000
理科,2353,(1) 物質・エネルギー,8260242100000000
理科,2354,①　空気，水及び金属の性質，電流の働きについての理解を図り，観察，実験などに関する基本的な技能を身に付けるようにする。,8260242110000000
理科,2355,②　空気，水及び金属の性質，電流の働きについて追究する中で，主に既習の内容や生活経験を基に，根拠のある予想や仮説を発想する力を養う。,8260242120000000
理科,2356,③　空気，水及び金属の性質，電流の働きについて追究する中で，主体的に問題解決しようとする態度を養う。,8260242130000000
理科,2357,(2) 生命・地球,8260242200000000
理科,2358,①　人の体のつくりと運動，動物の活動や植物の成長と環境との関わり，雨水の行方と地面の様子，気象現象，月や星についての理解を図り，観察，実験などに関する基本的な技能を身に付けるようにする。,8260242210000000
理科,2359,②　人の体のつくりと運動，動物の活動や植物の成長と環境との関わり，雨水の行方と地面の様子，気象現象，月や星について追究する中で，主に既習の内容や生活経験を基に，根拠のある予想や仮説を発想する力を養う。,8260242220000000
理科,2360,③　人の体のつくりと運動，動物の活動や植物の成長と環境との関わり，雨水の行方と地面の様子，気象現象，月や星について追究する中で，生物を愛護する態度や主体的に問題解決しようとする態度を養う。,8260242230000000
理科,2361,２　内　容,8260243000000000
理科,2362,Ａ　物質・エネルギー,8260243100000000
理科,2363,"(1) 空気と水の性質
空気と水の性質について，体積や圧《お》し返す力の変化に着目して，それらと圧《お》す力とを関係付けて調べる活動を通して，次の事項を身に付けることができるよう指導する。",8260243110000000
理科,2364,ア　次のことを理解するとともに，観察，実験などに関する技能を身に付けること。,8260243111000000
理科,2365,(ｱ) 閉じ込めた空気を圧《お》すと，体積は小さくなるが，圧《お》し返す力は大きくなること。,8260243111100000
理科,2366,(ｲ) 閉じ込めた空気は圧《お》し縮められるが，水は圧《お》し縮められないこと。,8260243111200000
理科,2367,イ　空気と水の性質について追究する中で，既習の内容や生活経験を基に，空気と水の体積や圧《お》し返す力の変化と圧《お》す力との関係について，根拠のある予想や仮説を発想し，表現すること。,8260243112000000
理科,2368,"(2) 金属，水，空気と温度
金属，水及び空気の性質について，体積や状態の変化，熱の伝わり方に着目して，それらと温度の変化とを関係付けて調べる活動を通して，次の事項を身に付けることができるよう指導する。",8260243120000000
理科,2369,ア　次のことを理解するとともに，観察，実験などに関する技能を身に付けること。,8260243121000000
理科,2370,(ｱ) 金属，水及び空気は，温めたり冷やしたりすると，それらの体積が変わるが，その程度には違いがあること。,8260243121100000
理科,2371,(ｲ) 金属は熱せられた部分から順に温まるが，水や空気は熱せられた部分が移動して全体が温まること。,8260243121200000
理科,2372,(ｳ) 水は，温度によって水蒸気や氷に変わること。また，水が氷になると体積が増えること。,8260243121300000
理科,2373,イ　金属，水及び空気の性質について追究する中で，既習の内容や生活経験を基に，金属，水及び空気の温度を変化させたときの体積や状態の変化，熱の伝わり方について，根拠のある予想や仮説を発想し，表現すること。,8260243122000000
理科,2374,"(3) 電流の働き
電流の働きについて，電流の大きさや向きと乾電池につないだ物の様子に着目して，それらを関係付けて調べる活動を通して，次の事項を身に付けることができるよう指導する。",8260243130000000
理科,2375,ア　次のことを理解するとともに，観察，実験などに関する技能を身に付けること。,8260243131000000
理科,2376,(ｱ) 乾電池の数やつなぎ方を変えると，電流の大きさや向きが変わり，豆電球の明るさやモーターの回り方が変わること。,8260243131100000
理科,2377,イ　電流の働きについて追究する中で，既習の内容や生活経験を基に，電流の大きさや向きと乾電池につないだ物の様子との関係について，根拠のある予想や仮説を発想し，表現すること。,8260243132000000
理科,2378,Ｂ　生命・地球,8260243200000000
理科,2379,"(1) 人の体のつくりと運動
人や他の動物について，骨や筋肉のつくりと働きに着目して，それらを関係付けて調べる活動を通して，次の事項を身に付けることができるよう指導する。",8260243210000000
理科,2380,ア  次のことを理解するとともに，観察，実験などに関する技能を身に付けること。,8260243211000000
理科,2381,(ｱ) 人の体には骨と筋肉があること。,8260243211100000
理科,2382,(ｲ) 人が体を動かすことができるのは，骨，筋肉の働きによること。,8260243211200000
理科,2383,イ　人や他の動物について追究する中で，既習の内容や生活経験を基に，人や他の動物の骨や筋肉のつくりと働きについて，根拠のある予想や仮説を発想し，表現すること。,8260243212000000
理科,2384,"(2) 季節と生物
身近な動物や植物について，探したり育てたりする中で，動物の活動や植物の成長と季節の変化に着目して，それらを関係付けて調べる活動を通して，次の事項を身に付けることができるよう指導する。",8260243220000000
理科,2385,ア　次のことを理解するとともに，観察，実験などに関する技能を身に付けること。,8260243221000000
理科,2386,(ｱ) 動物の活動は，暖かい季節，寒い季節などによって違いがあること。,8260243221100000
理科,2387,(ｲ) 植物の成長は，暖かい季節，寒い季節などによって違いがあること。,8260243221200000
理科,2388,イ　身近な動物や植物について追究する中で，既習の内容や生活経験を基に，季節ごとの動物の活動や植物の成長の変化について，根拠のある予想や仮説を発想し，表現すること。,8260243222000000
理科,2389,"(3) 雨水の行方と地面の様子
雨水の行方と地面の様子について，流れ方やしみ込み方に着目して，それらと地面の傾きや土の粒の大きさとを関係付けて調べる活動を通して，次の事項を身に付けることができるよう指導する。",8260243230000000
理科,2390,ア　次のことを理解するとともに，観察，実験などに関する技能を身に付けること。,8260243231000000
理科,2391,(ｱ) 水は，高い場所から低い場所へと流れて集まること。,8260243231100000
理科,2392,(ｲ) 水のしみ込み方は，土の粒の大きさによって違いがあること。,8260243231200000
理科,2393,イ　雨水の行方と地面の様子について追究する中で，既習の内容や生活経験を基に，雨水の流れ方やしみ込み方と地面の傾きや土の粒の大きさとの関係について，根拠のある予想や仮説を発想し，表現すること。,8260243232000000
理科,2394,"(4) 天気の様子
天気や自然界の水の様子について，気温や水の行方に着目して，それらと天気の様子や水の状態変化とを関係付けて調べる活動を通して，次の事項を身に付けることができるよう指導する。",8260243240000000
理科,2395,ア　次のことを理解するとともに，観察，実験などに関する技能を身に付けること。,8260243241000000
理科,2396,(ｱ) 天気によって１日の気温の変化の仕方に違いがあること。,8260243241100000
理科,2397,(ｲ) 水は，水面や地面などから蒸発し，水蒸気になって空気中に含まれていくこと。また，空気中の水蒸気は，結露して再び水になって現れることがあること。,8260243241200000
理科,2398,イ　天気や自然界の水の様子について追究する中で，既習の内容や生活経験を基に，天気の様子や水の状態変化と気温や水の行方との関係について，根拠のある予想や仮説を発想し，表現すること。,8260243242000000
理科,2399,"(5) 月と星
月や星の特徴について，位置の変化や時間の経過に着目して，それらを関係付けて調べる活動を通して，次の事項を身に付けることができるよう指導する。",8260243250000000
理科,2400,ア　次のことを理解するとともに，観察，実験などに関する技能を身に付けること。,8260243251000000
理科,2401,(ｱ) 月は日によって形が変わって見え，1日のうちでも時刻によって位置が変わること。,8260243251100000
理科,2402,(ｲ) 空には，明るさや色の違う星があること。,8260243251200000
理科,2403,(ｳ) 星の集まりは，１日のうちでも時刻によって，並び方は変わらないが，位置が変わること。,8260243251300000
理科,2404,イ　月や星の特徴について追究する中で，既習の内容や生活経験を基に，月や星の位置の変化と時間の経過との関係について，根拠のある予想や仮説を発想し，表現すること。,8260243252000000
理科,2405,３　内容の取扱い,8260245000000000
理科,2406,(1) 内容の「Ａ物質・エネルギー」の(3)のアの(ｱ)については，直列つなぎと並列つなぎを扱うものとする。,8260245100000000
理科,2407,(2) 内容の「Ａ物質・エネルギー」の指導に当たっては，２種類以上のものづくりを行うものとする。,8260245200000000
理科,2408,(3) 内容の「Ｂ生命・地球」の(1)のアの(ｲ)については，関節の働きを扱うものとする。,8260245300000000
理科,2409,(4) 内容の「Ｂ生命・地球」の(2)については，１年を通じて動物の活動や植物の成長をそれぞれ２種類以上観察するものとする。,8260245400000000
理科,2410,〔第５学年〕,8260250000000000
理科,2411,１　目　標　,8260252000000000
理科,2412,(1) 物質・エネルギー,8260252100000000
理科,2413,①　物の溶け方，振り子の運動，電流がつくる磁力についての理解を図り，観察，実験などに関する基本的な技能を身に付けるようにする。,8260252110000000
理科,2414,②　物の溶け方，振り子の運動，電流がつくる磁力について追究する中で，主に予想や仮説を基に，解決の方法を発想する力を養う。,8260252120000000
理科,2415,③　物の溶け方，振り子の運動，電流がつくる磁力について追究する中で，主体的に問題解決しようとする態度を養う。,8260252130000000
理科,2416,(2) 生命・地球,8260252200000000
理科,2417,①　生命の連続性，流れる水の働き，気象現象の規則性についての理解を図り，観察，実験などに関する基本的な技能を身に付けるようにする。,8260252210000000
理科,2418,②　生命の連続性，流れる水の働き，気象現象の規則性について追究する中で，主に予想や仮説を基に，解決の方法を発想する力を養う。,8260252220000000
理科,2419,③　生命の連続性，流れる水の働き，気象現象の規則性について追究する中で，生命を尊重する態度や主体的に問題解決しようとする態度を養う。,8260252230000000
理科,2420,２　内　容,8260253000000000
理科,2421,Ａ　物質・エネルギー,8260253100000000
理科,2422,"(1) 物の溶け方
物の溶け方について，溶ける量や様子に着目して，水の温度や量などの条件を制御しながら調べる活動を通して，次の事項を身に付けることができるよう指導する。",8260253110000000
理科,2423,ア　次のことを理解するとともに，観察，実験などに関する技能を身に付けること。,8260253111000000
理科,2424,(ｱ) 物が水に溶けても，水と物とを合わせた重さは変わらないこと。,8260253111100000
理科,2425,(ｲ) 物が水に溶ける量には，限度があること。,8260253111200000
理科,2426,(ｳ) 物が水に溶ける量は水の温度や量，溶ける物によって違うこと。また，この性質を利用して，溶けている物を取り出すことができること。,8260253111300000
理科,2427,イ　物の溶け方について追究する中で，物の溶け方の規則性についての予想や仮説を基に，解決の方法を発想し，表現すること。,8260253112000000
理科,2428,"(2) 振り子の運動
振り子の運動の規則性について，振り子が１往復する時間に着目して，おもりの重さや振り子の長さなどの条件を制御しながら調べる活動を通して，次の事項を身に付けることができるよう指導する。",8260253120000000
理科,2429,ア　次のことを理解するとともに，観察，実験などに関する技能を身に付けること。,8260253121000000
理科,2430,(ｱ) 振り子が１往復する時間は，おもりの重さなどによっては変わらないが，振り子の長さによって変わること。,8260253121100000
理科,2431,イ　振り子の運動の規則性について追究する中で，振り子が１往復する時間に関係する条件についての予想や仮説を基に，解決の方法を発想し，表現すること。,8260253122000000
理科,2432,"(3) 電流がつくる磁力
電流がつくる磁力について，電流の大きさや向き，コイルの巻数などに着目して，それらの条件を制御しながら調べる活動を通して，次の事項を身に付けることができるよう指導する。",8260253130000000
理科,2433,ア　次のことを理解するとともに，観察，実験などに関する技能を身に付けること。,8260253131000000
理科,2434,(ｱ) 電流の流れているコイルは，鉄心を磁化する働きがあり，電流の向きが変わると，電磁石の極も変わること。,8260253131100000
理科,2435,(ｲ) 電磁石の強さは，電流の大きさや導線の巻数によって変わること。,8260253131200000
理科,2436,イ　電流がつくる磁力について追究する中で，電流がつくる磁力の強さに関係する条件についての予想や仮説を基に，解決の方法を発想し，表現すること。,8260253132000000
理科,2437,Ｂ　生命・地球,8260253200000000
理科,2438,"(1) 植物の発芽，成長，結実
植物の育ち方について，発芽，成長及び結実の様子に着目して，それらに関わる条件を制御しながら調べる活動を通して，次の事項を身に付けることができるよう指導する。",8260253210000000
理科,2439,ア  次のことを理解するとともに，観察，実験などに関する技能を身に付けること。,8260253211000000
理科,2440,(ｱ) 植物は，種子の中の養分を基にして発芽すること。,8260253211100000
理科,2441,(ｲ) 植物の発芽には，水，空気及び温度が関係していること。,8260253211200000
理科,2442,(ｳ) 植物の成長には，日光や肥料などが関係していること。,8260253211300000
理科,2443,(ｴ) 花にはおしべやめしべなどがあり，花粉がめしべの先に付くとめしべのもとが実になり，実の中に種子ができること。,8260253211400000
理科,2444,イ　植物の育ち方について追究する中で，植物の発芽，成長及び結実とそれらに関わる条件についての予想や仮説を基に，解決の方法を発想し，表現すること。,8260253212000000
理科,2445,"(2) 動物の誕生
動物の発生や成長について，魚を育てたり人の発生についての資料を活用したりする中で，卵や胎児の様子に着目して，時間の経過と関係付けて調べる活動を通して，次の事項を身に付けることができるよう指導する。",8260253220000000
理科,2446,ア　次のことを理解するとともに，観察，実験などに関する技能を身に付けること。,8260253221000000
理科,2447,(ｱ) 魚には雌雄があり，生まれた卵は日がたつにつれて中の様子が変化してかえること。,8260253221100000
理科,2448,(ｲ) 人は，母体内で成長して生まれること。,8260253221200000
理科,2449,イ　動物の発生や成長について追究する中で，動物の発生や成長の様子と経過についての予想や仮説を基に，解決の方法を発想し，表現すること。,8260253222000000
理科,2450,"(3) 流れる水の働きと土地の変化
流れる水の働きと土地の変化について，水の速さや量に着目して，それらの条件を制御しながら調べる活動を通して，次の事項を身に付けることができるよう指導する。",8260253230000000
理科,2451,ア　次のことを理解するとともに，観察，実験などに関する技能を身に付けること。,8260253231000000
理科,2452,(ｱ) 流れる水には，土地を侵食したり，石や土などを運搬したり堆積させたりする働きがあること。,8260253231100000
理科,2453,(ｲ) 川の上流と下流によって，川原の石の大きさや形に違いがあること。,8260253231200000
理科,2454,(ｳ) 雨の降り方によって，流れる水の量や速さは変わり，増水により土地の様子が大きく変化する場合があること。,8260253231300000
理科,2455,イ　流れる水の働きについて追究する中で，流れる水の働きと土地の変化との関係についての予想や仮説を基に，解決の方法を発想し，表現すること。,8260253232000000
理科,2456,"(4) 天気の変化
天気の変化の仕方について，雲の様子を観測したり，映像などの気象情報を活用したりする中で，雲の量や動きに着目して，それらと天気の変化とを関係付けて調べる活動を通して，次の事項を身に付けることができるよう指導する。",8260253240000000
理科,2457,ア　次のことを理解するとともに，観察，実験などに関する技能を身に付けること。,8260253241000000
理科,2458,(ｱ) 天気の変化は，雲の量や動きと関係があること。,8260253241100000
理科,2459,(ｲ) 天気の変化は，映像などの気象情報を用いて予想できること。,8260253241200000
理科,2460,イ　天気の変化の仕方について追究する中で，天気の変化の仕方と雲の量や動きとの関係についての予想や仮説を基に，解決の方法を発想し，表現すること。,8260253242000000
理科,2461,３　内容の取扱い,8260255000000000
理科,2462,(1) 内容の「Ａ物質・エネルギー」の指導に当たっては，２種類以上のものづくりを行うものとする。,8260255100000000
理科,2463,(2) 内容の「Ａ物質・エネルギー」の(1)については，水溶液の中では，溶けている物が均一に広がることにも触れること。,8260255200000000
理科,2464,(3) 内容の「Ｂ生命・地球」の(1)については，次のとおり取り扱うものとする。,8260255300000000
理科,2465,ア　アの(ｱ)の「種子の中の養分」については，でんぷんを扱うこと。,8260255310000000
理科,2466,イ　アの(ｴ)については，おしべ，めしべ，がく及び花びらを扱うこと。また，受粉については，風や昆虫などが関係していることにも触れること。,8260255320000000
理科,2467,(4) 内容の「Ｂ生命・地球」の(2)のアの(ｲ)については，人の受精に至る過程は取り扱わないものとする。,8260255400000000
理科,2468,(5) 内容の「Ｂ生命・地球」の(3)のアの(ｳ)については，自然災害についても触れること。,8260255500000000
理科,2469,(6) 内容の「Ｂ生命・地球」の(4)のアの(ｲ)については，台風の進路による天気の変化や台風と降雨との関係及びそれに伴う自然災害についても触れること。,8260255600000000
理科,2470,〔第６学年〕,8260260000000000
理科,2471,１　目　標　,8260262000000000
理科,2472,(1) 物質・エネルギー,8260262100000000
理科,2473,①　燃焼の仕組み，水溶液の性質，てこの規則性及び電気の性質や働きについての理解を図り，観察，実験などに関する基本的な技能を身に付けるようにする。,8260262110000000
理科,2474,②　燃焼の仕組み，水溶液の性質，てこの規則性及び電気の性質や働きについて追究する中で，主にそれらの仕組みや性質，規則性及び働きについて，より妥当な考えをつくりだす力を養う。,8260262120000000
理科,2475,③　燃焼の仕組み，水溶液の性質，てこの規則性及び電気の性質や働きについて追究する中で，主体的に問題解決しようとする態度を養う。,8260262130000000
理科,2476,(2) 生命・地球,8260262200000000
理科,2477,①　生物の体のつくりと働き，生物と環境との関わり，土地のつくりと変化，月の形の見え方と太陽との位置関係についての理解を図り，観察，実験などに関する基本的な技能を身に付けるようにする。,8260262210000000
理科,2478,②　生物の体のつくりと働き，生物と環境との関わり，土地のつくりと変化，月の形の見え方と太陽との位置関係について追究する中で，主にそれらの働きや関わり，変化及び関係について，より妥当な考えをつくりだす力を養う。,8260262220000000
理科,2479,③　生物の体のつくりと働き，生物と環境との関わり，土地のつくりと変化，月の形の見え方と太陽との位置関係について追究する中で，生命を尊重する態度や主体的に問題解決しようとする態度を養う。,8260262230000000
理科,2480,２　内　容,8260263000000000
理科,2481,Ａ　物質・エネルギー,8260263100000000
理科,2482,"(1) 燃焼の仕組み
燃焼の仕組みについて，空気の変化に着目して，物の燃え方を多面的に調べる活動を通して，次の事項を身に付けることができるよう指導する。",8260263110000000
理科,2483,ア　次のことを理解するとともに，観察，実験などに関する技能を身に付けること。,8260263111000000
理科,2484,(ｱ) 植物体が燃えるときには，空気中の酸素が使われて二酸化炭素ができること。,8260263111100000
理科,2485,イ　燃焼の仕組みについて追究する中で，物が燃えたときの空気の変化について，より妥当な考えをつくりだし，表現すること。,8260263112000000
理科,2486,"(2) 水溶液の性質
水溶液について，溶けている物に着目して，それらによる水溶液の性質や働きの違いを多面的に調べる活動を通して，次の事項を身に付けることができるよう指導する。",8260263120000000
理科,2487,ア　次のことを理解するとともに，観察，実験などに関する技能を身に付けること。,8260263121000000
理科,2488,(ｱ) 水溶液には，酸性，アルカリ性及び中性のものがあること。,8260263121100000
理科,2489,(ｲ) 水溶液には，気体が溶けているものがあること。,8260263121200000
理科,2490,(ｳ) 水溶液には，金属を変化させるものがあること。,8260263121300000
理科,2491,イ　水溶液の性質や働きについて追究する中で，溶けているものによる性質や働きの違いについて，より妥当な考えをつくりだし，表現すること。,8260263122000000
理科,2492,"(3) てこの規則性
てこの規則性について，力を加える位置や力の大きさに着目して，てこの働きを多面的に調べる活動を通して，次の事項を身に付けることができるよう指導する。",8260263130000000
理科,2493,ア　次のことを理解するとともに，観察，実験などに関する技能を身に付けること。,8260263131000000
理科,2494,(ｱ) 力を加える位置や力の大きさを変えると，てこを傾ける働きが変わり，てこがつり合うときにはそれらの間に規則性があること。,8260263131100000
理科,2495,(ｲ) 身の回りには，てこの規則性を利用した道具があること。,8260263131200000
理科,2496,イ　てこの規則性について追究する中で，力を加える位置や力の大きさとてこの働きとの関係について，より妥当な考えをつくりだし，表現すること。,8260263132000000
理科,2497,"(4) 電気の利用
発電や蓄電，電気の変換について，電気の量や働きに着目して，それらを多面的に調べる活動を通して，次の事項を身に付けることができるよう指導する。",8260263140000000
理科,2498,ア　次のことを理解するとともに，観察，実験などに関する技能を身に付けること。,8260263141000000
理科,2499,(ｱ) 電気は，つくりだしたり蓄えたりすることができること。,8260263141100000
理科,2500,(ｲ) 電気は，光，音，熱，運動などに変換することができること。,8260263141200000
理科,2501,(ｳ) 身の回りには，電気の性質や働きを利用した道具があること。,8260263141300000
理科,2502,イ　電気の性質や働きについて追究する中で，電気の量と働きとの関係，発電や蓄電，電気の変換について，より妥当な考えをつくりだし，表現すること。,8260263142000000
理科,2503,Ｂ　生命・地球,8260263200000000
理科,2504,"(1) 人の体のつくりと働き
人や他の動物について，体のつくりと呼吸，消化，排出及び循環の働きに着目して，生命を維持する働きを多面的に調べる活動を通して，次の事項を身に付けることができるよう指導する。",8260263210000000
理科,2505,ア  次のことを理解するとともに，観察，実験などに関する技能を身に付けること。,8260263211000000
理科,2506,(ｱ) 体内に酸素が取り入れられ，体外に二酸化炭素などが出されていること。,8260263211100000
理科,2507,(ｲ) 食べ物は，口，胃，腸などを通る間に消化，吸収され，吸収されなかった物は排出されること。,8260263211200000
理科,2508,(ｳ) 血液は，心臓の働きで体内を巡り，養分，酸素及び二酸化炭素などを運んでいること。,8260263211300000
理科,2509,(ｴ) 体内には，生命活動を維持するための様々な臓器があること。,8260263211400000
理科,2510,イ　人や他の動物の体のつくりと働きについて追究する中で，体のつくりと呼吸，消化，排出及び循環の働きについて，より妥当な考えをつくりだし，表現すること。,8260263212000000
理科,2511,"(2) 植物の養分と水の通り道
植物について，その体のつくり，体内の水などの行方及び葉で養分をつくる働きに着目して，生命を維持する働きを多面的に調べる活動を通して，次の事項を身に付けることができるよう指導する。",8260263220000000
理科,2512,ア　次のことを理解するとともに，観察，実験などに関する技能を身に付けること。,8260263221000000
理科,2513,(ｱ) 植物の葉に日光が当たるとでんぷんができること。,8260263221100000
理科,2514,(ｲ) 根，茎及び葉には，水の通り道があり，根から吸い上げられた水は主に葉から蒸散により排出されること。,8260263221200000
理科,2515,イ　植物の体のつくりと働きについて追究する中で，体のつくり，体内の水などの行方及び葉で養分をつくる働きについて，より妥当な考えをつくりだし，表現すること。,8260263222000000
理科,2516,"(3) 生物と環境
生物と環境について，動物や植物の生活を観察したり資料を活用したりする中で，生物と環境との関わりに着目して，それらを多面的に調べる活動を通して，次の事項を身に付けることができるよう指導する。",8260263230000000
理科,2517,ア  次のことを理解するとともに，観察，実験などに関する技能を身に付けること。,8260263231000000
理科,2518,(ｱ) 生物は，水及び空気を通して周囲の環境と関わって生きていること。,8260263231100000
理科,2519,(ｲ) 生物の間には，食う食われるという関係があること。,8260263231200000
理科,2520,(ｳ) 人は，環境と関わり，工夫して生活していること。,8260263231300000
理科,2521,イ　生物と環境について追究する中で，生物と環境との関わりについて，より妥当な考えをつくりだし，表現すること。,8260263232000000
理科,2522,"(4) 土地のつくりと変化
土地のつくりと変化について，土地やその中に含まれる物に着目して，土地のつくりやでき方を多面的に調べる活動を通して，次の事項を身に付けることができるよう指導する。",8260263240000000
理科,2523,ア　次のことを理解するとともに，観察，実験などに関する技能を身に付けること。,8260263241000000
理科,2524,(ｱ) 土地は，礫《れき》，砂，泥，火山灰などからできており，層をつくって広がっているものがあること。また，層には化石が含まれているものがあること。,8260263241100000
理科,2525,(ｲ) 地層は，流れる水の働きや火山の噴火によってできること。,8260263241200000
理科,2526,(ｳ) 土地は，火山の噴火や地震によって変化すること。,8260263241300000
理科,2527,イ　土地のつくりと変化について追究する中で，土地のつくりやでき方について，より妥当な考えをつくりだし，表現すること。,8260263242000000
理科,2528,"(5) 月と太陽
月の形の見え方について，月と太陽の位置に着目して，それらの位置関係を多面的に調べる活動を通して，次の事項を身に付けることができるよう指導する。",8260263250000000
理科,2529,ア　次のことを理解するとともに，観察，実験などに関する技能を身に付けること。,8260263251000000
理科,2530,(ｱ) 月の輝いている側に太陽があること。また，月の形の見え方は，太陽と月との位置関係によって変わること。,8260263251100000
理科,2531,イ　月の形の見え方について追究する中で，月の位置や形と太陽の位置との関係について，より妥当な考えをつくりだし，表現すること。,8260263252000000
理科,2532,３　内容の取扱い,8260265000000000
理科,2533,(1) 内容の「Ａ物質・エネルギー」の指導に当たっては，２種類以上のものづくりを行うものとする。,8260265100000000
理科,2534,(2) 内容の「Ａ物質・エネルギー」の(4)のアの(ｱ)については，電気をつくりだす道具として，手回し発電機，光電池などを扱うものとする。,8260265200000000
理科,2535,(3) 内容の「Ｂ生命・地球」の(1)については，次のとおり取り扱うものとする。,8260265300000000
理科,2536,ア　アの(ｳ)については，心臓の拍動と脈拍とが関係することにも触れること。,8260265310000000
理科,2537,イ　アの(ｴ)については，主な臓器として，肺，胃，小腸，大腸，肝臓，腎臓，心臓を扱うこと。,8260265320000000
理科,2538,(4) 内容の「Ｂ生命・地球」の(3)については，次のとおり取り扱うものとする。,8260265400000000
理科,2539,ア　アの(ｱ)については，水が循環していることにも触れること。,8260265410000000
理科,2540,イ　アの(ｲ)については，水中の小さな生物を観察し，それらが魚などの食べ物になっていることに触れること。,8260265420000000
理科,2541,(5) 内容の「Ｂ生命・地球」の(4)については，次のとおり取り扱うものとする。,8260265500000000
理科,2542,ア　アの(ｲ)については，流れる水の働きでできた岩石として礫《れき》岩，砂岩，泥岩を扱うこと。,8260265510000000
理科,2543,イ　アの(ｳ)については，自然災害についても触れること。,8260265520000000
理科,2544,(6) 内容の「Ｂ生命・地球」の(5)のアの(ｱ)については，地球から見た太陽と月との位置関係で扱うものとする。,8260265600000000
理科,2545,第３　指導計画の作成と内容の取扱い,82603L0000000000
理科,2546,１　指導計画の作成に当たっては，次の事項に配慮するものとする。,82603L0100000000
理科,2547,(1) 単元など内容や時間のまとまりを見通して，その中で育む資質・能力の育成に向けて，児童の主体的・対話的で深い学びの実現を図るようにすること。その際，理科の学習過程の特質を踏まえ，理科の見方・考え方を働かせ，見通しをもって観察，実験を行うことなどの，問題を科学的に解決する学習活動の充実を図ること。,82603L0110000000
理科,2548,(2) 各学年で育成を目指す思考力，判断力，表現力等については，該当学年において育成することを目指す力のうち，主なものを示したものであり，実際の指導に当たっては，他の学年で掲げている力の育成についても十分に配慮すること。,82603L0120000000
理科,2549,(3) 障害のある児童などについては，学習活動を行う場合に生じる困難さに応じた指導内容や指導方法の工夫を計画的，組織的に行うこと。,82603L0130000000
理科,2550,(4) 第１章総則の第１の２の(2)に示す道徳教育の目標に基づき，道徳科などとの関連を考慮しながら，第３章特別の教科道徳の第２に示す内容について，理科の特質に応じて適切な指導をすること。,82603L0140000000
理科,2551,２　第２の内容の取扱いについては，次の事項に配慮するものとする。,82603L0200000000
理科,2552,(1) 問題を見いだし，予想や仮説，観察，実験などの方法について考えたり説明したりする学習活動，観察，実験の結果を整理し考察する学習活動，科学的な言葉や概念を使用して考えたり説明したりする学習活動などを重視することによって，言語活動が充実するようにすること。,82603L0210000000
理科,2553,(2) 観察，実験などの指導に当たっては，指導内容に応じてコンピュータや情報通信ネットワークなどを適切に活用できるようにすること。また，第１章総則の第３の１の(3)のイに掲げるプログラミングを体験しながら論理的思考力を身に付けるための学習活動を行う場合には，児童の負担に配慮しつつ，例えば第２の各学年の内容の〔第６学年〕の「Ａ物質・エネルギー」の(4)における電気の性質や働きを利用した道具があることを捉える学習など，与えた条件に応じて動作していることを考察し，更に条件を変えることにより，動作が変化することについて考える場面で取り扱うものとする。,82603L0220000000
理科,2554,(3) 生物，天気，川，土地などの指導に当たっては，野外に出掛け地域の自然に親しむ活動や体験的な活動を多く取り入れるとともに，生命を尊重し，自然環境の保全に寄与する態度を養うようにすること。,82603L0230000000
理科,2555,(4) 天気，川，土地などの指導に当たっては，災害に関する基礎的な理解が図られるようにすること。,82603L0240000000
理科,2556,(5) 個々の児童が主体的に問題解決の活動を進めるとともに，日常生活や他教科等との関連を図った学習活動，目的を設定し，計測して制御するという考え方に基づいた学習活動が充実するようにすること。,82603L0250000000
理科,2557,(6) 博物館や科学学習センターなどと連携，協力を図りながら，それらを積極的に活用すること。,82603L0260000000
理科,2558,３　観察，実験などの指導に当たっては，事故防止に十分留意すること。また，環境整備に十分配慮するとともに，使用薬品についても適切な措置をとるよう配慮すること。,82603L0300000000
生活,2559,第５節　生　　　活,82700A0000000000
生活,2560,"第１　目　標
具体的な活動や体験を通して，身近な生活に関わる見方・考え方を生かし，自立し生活を豊かにしていくための資質・能力を次のとおり育成することを目指す。",82701A0000000000
生活,2561,(1) 活動や体験の過程において，自分自身，身近な人々，社会及び自然の特徴やよさ，それらの関わり等に気付くとともに，生活上必要な習慣や技能を身に付けるようにする。,82701A0100000000
生活,2562,(2) 身近な人々，社会及び自然を自分との関わりで捉え，自分自身や自分の生活について考え，表現することができるようにする。,82701A0200000000
生活,2563,(3) 身近な人々，社会及び自然に自ら働きかけ，意欲や自信をもって学んだり生活を豊かにしたりしようとする態度を養う。,82701A0300000000
生活,2564,第２　各学年の目標及び内容,82702A0000000000
生活,2565,〔第１学年及び第２学年〕,82702A0000000010
生活,2566,１　目　標　,82702A2000000000
生活,2567,(1) 学校，家庭及び地域の生活に関わることを通して，自分と身近な人々，社会及び自然との関わりについて考えることができ，それらのよさやすばらしさ，自分との関わりに気付き，地域に愛着をもち自然を大切にしたり，集団や社会の一員として安全で適切な行動をしたりするようにする。,82702A2100000000
生活,2568,(2) 身近な人々，社会及び自然と触れ合ったり関わったりすることを通して，それらを工夫したり楽しんだりすることができ，活動のよさや大切さに気付き，自分たちの遊びや生活をよりよくするようにする。,82702A2200000000
生活,2569,(3) 自分自身を見つめることを通して，自分の生活や成長，身近な人々の支えについて考えることができ，自分のよさや可能性に気付き，意欲と自信をもって生活するようにする。,82702A2300000000
生活,2570,"２　内　容
１の資質・能力を育成するため，次の内容を指導する。",82702A3000000000
生活,2571,〔学校，家庭及び地域の生活に関する内容〕,82702A3100000000
生活,2572,(1) 学校生活に関わる活動を通して，学校の施設の様子や学校生活を支えている人々や友達，通学路の様子やその安全を守っている人々などについて考えることができ，学校での生活は様々な人や施設と関わっていることが分かり，楽しく安心して遊びや生活をしたり，安全な登下校をしたりしようとする。,82702A3110000000
生活,2573,(2) 家庭生活に関わる活動を通して，家庭における家族のことや自分でできることなどについて考えることができ，家庭での生活は互いに支え合っていることが分かり，自分の役割を積極的に果たしたり，規則正しく健康に気を付けて生活したりしようとする。 ,82702A3120000000
生活,2574,(3) 地域に関わる活動を通して，地域の場所やそこで生活したり働いたりしている人々について考えることができ，自分たちの生活は様々な人や場所と関わっていることが分かり，それらに親しみや愛着をもち，適切に接したり安全に生活したりしようとする。,82702A3130000000
生活,2575,〔身近な人々，社会及び自然と関わる活動に関する内容〕,82702A3200000000
生活,2576,(4) 公共物や公共施設を利用する活動を通して，それらのよさを感じたり働きを捉えたりすることができ，身の回りにはみんなで使うものがあることやそれらを支えている人々がいることなどが分かるとともに，それらを大切にし，安全に気を付けて正しく利用しようとする。,82702A3210000000
生活,2577,(5) 身近な自然を観察したり，季節や地域の行事に関わったりするなどの活動を通して，それらの違いや特徴を見付けることができ，自然の様子や四季の変化，季節によって生活の様子が変わることに気付くとともに，それらを取り入れ自分の生活を楽しくしようとする。,82702A3220000000
生活,2578,(6) 身近な自然を利用したり，身近にある物を使ったりするなどして遊ぶ活動を通して，遊びや遊びに使う物を工夫してつくることができ，その面白さや自然の不思議さに気付くとともに，みんなと楽しみながら遊びを創り出そうとする。,82702A3230000000
生活,2579,(7) 動物を飼ったり植物を育てたりする活動を通して，それらの育つ場所，変化や成長の様子に関心をもって働きかけることができ，それらは生命をもっていることや成長していることに気付くとともに，生き物への親しみをもち，大切にしようとする。,82702A3240000000
生活,2580,(8) 自分たちの生活や地域の出来事を身近な人々と伝え合う活動を通して，相手のことを想像したり伝えたいことや伝え方を選んだりすることができ，身近な人々と関わることのよさや楽しさが分かるとともに，進んで触れ合い交流しようとする。,82702A3250000000
生活,2581,〔自分自身の生活や成長に関する内容〕,82702A3300000000
生活,2582,(9) 自分自身の生活や成長を振り返る活動を通して，自分のことや支えてくれた人々について考えることができ，自分が大きくなったこと，自分でできるようになったこと，役割が増えたことなどが分かるとともに，これまでの生活や成長を支えてくれた人々に感謝の気持ちをもち，これからの成長への願いをもって，意欲的に生活しようとする。,82702A3310000000
生活,2583,第３　指導計画の作成と内容の取扱い,82703A0000000000
生活,2584,１　指導計画の作成に当たっては，次の事項に配慮するものとする。,82703A0100000000
生活,2585,(1) 年間や，単元など内容や時間のまとまりを見通して，その中で育む資質・能力の育成に向けて，児童の主体的・対話的で深い学びの実現を図るようにすること。その際，児童が具体的な活動や体験を通して，身近な生活に関わる見方・考え方を生かし，自分と地域の人々，社会及び自然との関わりが具体的に把握できるような学習活動の充実を図ることとし，校外での活動を積極的に取り入れること。,82703A0110000000
生活,2586,(2) 児童の発達の段階や特性を踏まえ，２学年間を見通して学習活動を設定すること。,82703A0120000000
生活,2587,(3) 第２の内容の(7)については，２学年間にわたって取り扱うものとし，動物や植物への関わり方が深まるよう継続的な飼育，栽培を行うようにすること。,82703A0130000000
生活,2588,(4) 他教科等との関連を積極的に図り，指導の効果を高め，低学年における教育全体の充実を図り，中学年以降の教育へ円滑に接続できるようにするとともに，幼稚園教育要領等に示す幼児期の終わりまでに育ってほしい姿との関連を考慮すること。特に，小学校入学当初においては，幼児期における遊びを通した総合的な学びから他教科等における学習に円滑に移行し，主体的に自己を発揮しながら，より自覚的な学びに向かうことが可能となるようにすること。その際，生活科を中心とした合科的・関連的な指導や，弾力的な時間割の設定を行うなどの工夫をすること。,82703A0140000000
生活,2589,(5) 障害のある児童などについては，学習活動を行う場合に生じる困難さに応じた指導内容や指導方法の工夫を計画的，組織的に行うこと。,82703A0150000000
生活,2590,(6) 第１章総則の第１の２の(2)に示す道徳教育の目標に基づき，道徳科などとの関連を考慮しながら，第３章特別の教科道徳の第２に示す内容について，生活科の特質に応じて適切な指導をすること。,82703A0160000000
生活,2591,２　第２の内容の取扱いについては，次の事項に配慮するものとする。,82703A0200000000
生活,2592,(1) 地域の人々，社会及び自然を生かすとともに，それらを一体的に扱うよう学習活動を工夫すること。,82703A0210000000
生活,2593,(2) 身近な人々，社会及び自然に関する活動の楽しさを味わうとともに，それらを通して気付いたことや楽しかったことなどについて，言葉，絵，動作，劇化などの多様な方法により表現し，考えることができるようにすること。また，このように表現し，考えることを通して，気付きを確かなものとしたり，気付いたことを関連付けたりすることができるよう工夫すること。,82703A0220000000
生活,2594,(3) 具体的な活動や体験を通して気付いたことを基に考えることができるようにするため，見付ける，比べる，たとえる，試す，見通す，工夫するなどの多様な学習活動を行うようにすること。,82703A0230000000
生活,2595,(4) 学習活動を行うに当たっては，コンピュータなどの情報機器について，その特質を踏まえ，児童の発達の段階や特性及び生活科の特質などに応じて適切に活用するようにすること。,82703A0240000000
生活,2596,(5) 具体的な活動や体験を行うに当たっては，身近な幼児や高齢者，障害のある児童生徒などの多様な人々と触れ合うことができるようにすること。,82703A0250000000
生活,2597,(6) 生活上必要な習慣や技能の指導については，人，社会，自然及び自分自身に関わる学習活動の展開に即して行うようにすること。,82703A0260000000
音楽,2598,第６節　音　　　楽,8280000000000000
音楽,2599,"第１　目　標
表現及び鑑賞の活動を通して，音楽的な見方・考え方を働かせ，生活や社会の中の音や音楽と豊かに関わる資質・能力を次のとおり育成することを目指す。",8280100000000000
音楽,2600,(1) 曲想と音楽の構造などとの関わりについて理解するとともに，表したい音楽表現をするために必要な技能を身に付けるようにする。,8280100100000000
音楽,2601,(2) 音楽表現を工夫することや，音楽を味わって聴くことができるようにする。,8280100200000000
音楽,2602,(3) 音楽活動の楽しさを体験することを通して，音楽を愛好する心情と音楽に対する感性を育むとともに，音楽に親しむ態度を養い，豊かな情操を培う。,8280100300000000
音楽,2603,第２　各学年の目標及び内容　　,8280200000000000
音楽,2604,〔第１学年及び第２学年〕,82802A0000000000
音楽,2605,１　目　標　,82802A2000000000
音楽,2606,(1) 曲想と音楽の構造などとの関わりについて気付くとともに，音楽表現を楽しむために必要な歌唱，器楽，音楽づくりの技能を身に付けるようにする。,82802A2100000000
音楽,2607,(2) 音楽表現を考えて表現に対する思いをもつことや，曲や演奏の楽しさを見いだしながら音楽を味わって聴くことができるようにする。,82802A2200000000
音楽,2608,(3) 楽しく音楽に関わり，協働して音楽活動をする楽しさを感じながら，身の回りの様々な音楽に親しむとともに，音楽経験を生かして生活を明るく潤いのあるものにしようとする態度を養う。,82802A2300000000
音楽,2609,２　内　容,82802A3000000000
音楽,2610,Ａ　表　現,82802A3100000000
音楽,2611,(1) 歌唱の活動を通して，次の事項を身に付けることができるよう指導する。,82802A3110000000
音楽,2612,ア　歌唱表現についての知識や技能を得たり生かしたりしながら，曲想を感じ取って表現を工夫し，どのように歌うかについて思いをもつこと。,82802A3111000000
音楽,2613,イ　曲想と音楽の構造との関わり，曲想と歌詞の表す情景や気持ちとの関わりについて気付くこと。,82802A3112000000
音楽,2614,ウ　思いに合った表現をするために必要な次の(ｱ)から(ｳ)までの技能を身に付けること。,82802A3113000000
音楽,2615,(ｱ) 範唱を聴いて歌ったり，階名で模唱したり暗唱したりする技能,82802A3113100000
音楽,2616,(ｲ) 自分の歌声及び発音に気を付けて歌う技能,82802A3113200000
音楽,2617,(ｳ) 互いの歌声や伴奏を聴いて，声を合わせて歌う技能,82802A3113300000
音楽,2618,(2) 器楽の活動を通して，次の事項を身に付けることができるよう指導する。,82802A3120000000
音楽,2619,ア　器楽表現についての知識や技能を得たり生かしたりしながら，曲想を感じ取って表現を工夫し，どのように演奏するかについて思いをもつこと。,82802A3121000000
音楽,2620,イ　次の(ｱ)及び(ｲ)について気付くこと。,82802A3122000000
音楽,2621,(ｱ) 曲想と音楽の構造との関わり,82802A3122100000
音楽,2622,(ｲ) 楽器の音色と演奏の仕方との関わり ,82802A3122200000
音楽,2623,ウ　思いに合った表現をするために必要な次の(ｱ)から(ｳ)までの技能を身に付けること。,82802A3123000000
音楽,2624,(ｱ) 範奏を聴いたり，リズム譜などを見たりして演奏する技能,82802A3123100000
音楽,2625,(ｲ) 音色に気を付けて，旋律楽器及び打楽器を演奏する技能,82802A3123200000
音楽,2626,(ｳ) 互いの楽器の音や伴奏を聴いて，音を合わせて演奏する技能,82802A3123300000
音楽,2627,(3) 音楽づくりの活動を通して，次の事項を身に付けることができるよう指導する。,82802A3130000000
音楽,2628,ア　音楽づくりについての知識や技能を得たり生かしたりしながら，次の(ｱ)及び(ｲ)をできるようにすること。,82802A3131000000
音楽,2629,(ｱ) 音遊びを通して，音楽づくりの発想を得ること。,82802A3131100000
音楽,2630,(ｲ) どのように音を音楽にしていくかについて思いをもつこと。,82802A3131200000
音楽,2631,イ　次の(ｱ)及び(ｲ)について，それらが生み出す面白さなどと関わらせて気付くこと。,82802A3132000000
音楽,2632,(ｱ) 声や身の回りの様々な音の特徴,82802A3132100000
音楽,2633,(ｲ) 音やフレーズのつなげ方の特徴,82802A3132200000
音楽,2634,ウ　発想を生かした表現や，思いに合った表現をするために必要な次の(ｱ)及び(ｲ)の技能を身に付けること。,82802A3133000000
音楽,2635,(ｱ) 設定した条件に基づいて，即興的に音を選んだりつなげたりして表現する技能,82802A3133100000
音楽,2636,(ｲ) 音楽の仕組みを用いて，簡単な音楽をつくる技能,82802A3133200000
音楽,2637,Ｂ　鑑　賞,82802A3200000000
音楽,2638,(1) 鑑賞の活動を通して，次の事項を身に付けることができるよう指導する。,82802A3210000000
音楽,2639,ア　鑑賞についての知識を得たり生かしたりしながら，曲や演奏の楽しさを見いだし，曲全体を味わって聴くこと。,82802A3211000000
音楽,2640,イ　曲想と音楽の構造との関わりについて気付くこと。,82802A3212000000
音楽,2641,〔共通事項〕,82802A3300000000
音楽,2642,(1) 「Ａ表現」及び「Ｂ鑑賞」の指導を通して，次の事項を身に付けることができるよう指導する。,82802A3310000000
音楽,2643,ア　音楽を形づくっている要素を聴き取り，それらの働きが生み出すよさや面白さ，美しさを感じ取りながら，聴き取ったことと感じ取ったこととの関わりについて考えること。,82802A3311000000
音楽,2644,イ　音楽を形づくっている要素及びそれらに関わる身近な音符，休符，記号や用語について，音楽における働きと関わらせて理解すること。,82802A3312000000
音楽,2645,３　内容の取扱い,82802A5000000000
音楽,2646,(1) 歌唱教材は次に示すものを取り扱う。,82802A5100000000
音楽,2647,ア　主となる歌唱教材については，各学年ともイの共通教材を含めて，斉唱及び輪唱で歌う曲,82802A5110000000
音楽,2648,イ　共通教材,82802A5120000000
音楽,2649,〔第１学年〕,8280215121000000
音楽,2650,「うみ」　　　　　　　（文部省唱歌）林柳波《はやしりゅうは》作詞　井上武士《いのうえたけし》作曲,8280215121100000
音楽,2651,「かたつむり」　　　　（文部省唱歌）,8280215121200000
音楽,2652,「日のまる」　　　　　（文部省唱歌）高野辰之《たかのたつゆき》作詞　岡野貞一《おかもとていいち》作曲,8280215121300000
音楽,2653,「ひらいたひらいた」　（わらべうた）,8280215121400000
音楽,2654,〔第２学年〕,8280225122000000
音楽,2655,「かくれんぼ」　　　　（文部省唱歌）林柳波《はやしりゅうは》作詞　下総皖一《しもふさかんいち》作曲,8280225122100000
音楽,2656,「春がきた」　　　　　（文部省唱歌）高野辰之《たかのたつゆき》作詞　岡野貞一《おかもとていいち》作曲,8280225122200000
音楽,2657,「虫のこえ」　　　　　（文部省唱歌）,8280225122300000
音楽,2658,「夕やけこやけ」　　　　中村雨紅《なかむらうこう》作詞　草川信《くさかわしん》作曲,8280225122400000
音楽,2659,(2) 主となる器楽教材については，既習の歌唱教材を含め，主旋律に簡単なリズム伴奏や低声部などを加えた曲を取り扱う。,82802A5200000000
音楽,2660,(3) 鑑賞教材は次に示すものを取り扱う。,82802A5300000000
音楽,2661,ア　我が国及び諸外国のわらべうたや遊びうた，行進曲や踊りの音楽など体を動かすことの快さを感じ取りやすい音楽，日常の生活に関連して情景を思い浮かべやすい音楽など，いろいろな種類の曲,82802A5310000000
音楽,2662,イ　音楽を形づくっている要素の働きを感じ取りやすく，親しみやすい曲,82802A5320000000
音楽,2663,ウ　楽器の音色や人の声の特徴を捉えやすく親しみやすい，いろいろな演奏形態による曲,82802A5330000000
音楽,2664,〔第３学年及び第４学年〕,82802C0000000000
音楽,2665,１　目　標　,82802C2000000000
音楽,2666,(1) 曲想と音楽の構造などとの関わりについて気付くとともに，表したい音楽表現をするために必要な歌唱，器楽，音楽づくりの技能を身に付けるようにする。　,82802C2100000000
音楽,2667,(2) 音楽表現を考えて表現に対する思いや意図をもつことや，曲や演奏のよさなどを見いだしながら音楽を味わって聴くことができるようにする。,82802C2200000000
音楽,2668,(3) 進んで音楽に関わり，協働して音楽活動をする楽しさを感じながら，様々な音楽に親しむとともに，音楽経験を生かして生活を明るく潤いのあるものにしようとする態度を養う。,82802C2300000000
音楽,2669,２　内　容,82802C3000000000
音楽,2670,Ａ　表　現,82802C3100000000
音楽,2671,(1) 歌唱の活動を通して，次の事項を身に付けることができるよう指導する。,82802C3110000000
音楽,2672,ア　歌唱表現についての知識や技能を得たり生かしたりしながら，曲の特徴を捉えた表現を工夫し，どのように歌うかについて思いや意図をもつこと。,82802C3111000000
音楽,2673,イ　曲想と音楽の構造や歌詞の内容との関わりについて気付くこと。　,82802C3112000000
音楽,2674,ウ　思いや意図に合った表現をするために必要な次の(ｱ)から(ｳ)までの技能を身に付けること。,82802C3113000000
音楽,2675,(ｱ) 範唱を聴いたり，ハ長調の楽譜を見たりして歌う技能,82802C3113100000
音楽,2676,(ｲ) 呼吸及び発音の仕方に気を付けて，自然で無理のない歌い方で歌う技能,82802C3113200000
音楽,2677,(ｳ) 互いの歌声や副次的な旋律，伴奏を聴いて，声を合わせて歌う技能,82802C3113300000
音楽,2678,(2) 器楽の活動を通して，次の事項を身に付けることができるよう指導する。,82802C3120000000
音楽,2679,ア　器楽表現についての知識や技能を得たり生かしたりしながら，曲の特徴を捉えた表現を工夫し，どのように演奏するかについて思いや意図をもつこと。,82802C3121000000
音楽,2680,イ　次の(ｱ)及び(ｲ)について気付くこと。,82802C3122000000
音楽,2681,(ｱ) 曲想と音楽の構造との関わり,82802C3122100000
音楽,2682,(ｲ) 楽器の音色や響きと演奏の仕方との関わり,82802C3122200000
音楽,2683,ウ　思いや意図に合った表現をするために必要な次の(ｱ)から(ｳ)までの技能を身に付けること。,82802C3123000000
音楽,2684,(ｱ) 範奏を聴いたり，ハ長調の楽譜を見たりして演奏する技能,82802C3123100000
音楽,2685,(ｲ) 音色や響きに気を付けて，旋律楽器及び打楽器を演奏する技能,82802C3123200000
音楽,2686,(ｳ) 互いの楽器の音や副次的な旋律，伴奏を聴いて，音を合わせて演奏する技能,82802C3123300000
音楽,2687,(3) 音楽づくりの活動を通して，次の事項を身に付けることができるよう指導する。,82802C3130000000
音楽,2688,ア　音楽づくりについての知識や技能を得たり生かしたりしながら，次の(ｱ)及び(ｲ)をできるようにすること。,82802C3131000000
音楽,2689,(ｱ) 即興的に表現することを通して，音楽づくりの発想を得ること。,82802C3131100000
音楽,2690,(ｲ) 音を音楽へと構成することを通して，どのようにまとまりを意識した音楽をつくるかについて思いや意図をもつこと。,82802C3131200000
音楽,2691,イ　次の(ｱ)及び(ｲ)について，それらが生み出すよさや面白さなどと関わらせて気付くこと。　,82802C3132000000
音楽,2692,(ｱ) いろいろな音の響きやそれらの組合せの特徴,82802C3132100000
音楽,2693,(ｲ) 音やフレーズのつなげ方や重ね方の特徴,82802C3132200000
音楽,2694,ウ　発想を生かした表現や，思いや意図に合った表現をするために必要な次の(ｱ)及び(ｲ)の技能を身に付けること。,82802C3133000000
音楽,2695,(ｱ) 設定した条件に基づいて，即興的に音を選択したり組み合わせたりして表現する技能,82802C3133100000
音楽,2696,(ｲ) 音楽の仕組みを用いて，音楽をつくる技能,82802C3133200000
音楽,2697,Ｂ　鑑　賞,82802C3200000000
音楽,2698,(1) 鑑賞の活動を通して，次の事項を身に付けることができるよう指導する。,82802C3210000000
音楽,2699,ア　鑑賞についての知識を得たり生かしたりしながら，曲や演奏のよさなどを見いだし，曲全体を味わって聴くこと。　　,82802C3211000000
音楽,2700,イ　曲想及びその変化と，音楽の構造との関わりについて気付くこと。,82802C3212000000
音楽,2701,〔共通事項〕,82802C3300000000
音楽,2702,(1) 「Ａ表現」及び「Ｂ鑑賞」の指導を通して，次の事項を身に付けることができるよう指導する。,82802C3310000000
音楽,2703,ア　音楽を形づくっている要素を聴き取り，それらの働きが生み出すよさや面白さ，美しさを感じ取りながら，聴き取ったことと感じ取ったこととの関わりについて考えること。,82802C3311000000
音楽,2704,イ　音楽を形づくっている要素及びそれらに関わる音符，休符，記号や用語について，音楽における働きと関わらせて理解すること。,82802C3312000000
音楽,2705,３　内容の取扱い,82802C5000000000
音楽,2706,(1) 歌唱教材は次に示すものを取り扱う。,82802C5100000000
音楽,2707,ア　主となる歌唱教材については，各学年ともイの共通教材を含めて，斉唱及び簡単な合唱で歌う曲,82802C5110000000
音楽,2708,イ　共通教材,82802C5120000000
音楽,2709,〔第３学年〕,8280235121000000
音楽,2710,「うさぎ」　　　　　（日本古謡）,8280235121100000
音楽,2711,「茶つみ」　　　　　（文部省唱歌）,8280235121200000
音楽,2712,「春の小川」　　　　（文部省唱歌）高野辰之《たかのたつゆき》作詞　岡野貞一《おかもとていいち》作曲,8280235121300000
音楽,2713,「ふじ山」　　　　　（文部省唱歌）巌谷小波《いわやさざなみ》作詞,8280235121400000
音楽,2714,〔第４学年〕,8280245121000000
音楽,2715,「さくらさくら」　　（日本古謡）,8280245121100000
音楽,2716,「とんび」　　　　 　葛原《くずはら》しげる作詞　梁田貞《やなだただし》作曲,8280245121200000
音楽,2717,「まきばの朝」　　　（文部省唱歌）船橋栄吉《ふなばしえいきち》作曲,8280245121300000
音楽,2718,「もみじ」　　　　　（文部省唱歌）高野辰之《たかのたつゆき》作詞　岡野貞一《おかもとていいち》作曲,8280245121400000
音楽,2719,(2) 主となる器楽教材については，既習の歌唱教材を含め，簡単な重奏や合奏などの曲を取り扱う。,82802C5200000000
音楽,2720,(3) 鑑賞教材は次に示すものを取り扱う。,82802C5300000000
音楽,2721,ア　和楽器の音楽を含めた我が国の音楽，郷土の音楽，諸外国に伝わる民謡など生活との関わりを捉えやすい音楽，劇の音楽，人々に長く親しまれている音楽など，いろいろな種類の曲,82802C5310000000
音楽,2722,イ　音楽を形づくっている要素の働きを感じ取りやすく，聴く楽しさを得やすい曲,82802C5320000000
音楽,2723,ウ　楽器や人の声による演奏表現の違いを聴き取りやすい，独奏，重奏，独唱，重唱を含めたいろいろな演奏形態による曲,82802C5330000000
音楽,2724,〔第５学年及び第６学年〕,82802D0000000000
音楽,2725,１　目　標　,82802D2000000000
音楽,2726,(1) 曲想と音楽の構造などとの関わりについて理解するとともに，表したい音楽表現をするために必要な歌唱，器楽，音楽づくりの技能を身に付けるようにする。,82802D2100000000
音楽,2727,(2) 音楽表現を考えて表現に対する思いや意図をもつことや，曲や演奏のよさなどを見いだしながら音楽を味わって聴くことができるようにする。,82802D2200000000
音楽,2728,(3) 主体的に音楽に関わり，協働して音楽活動をする楽しさを味わいながら，様々な音楽に親しむとともに，音楽経験を生かして生活を明るく潤いのあるものにしようとする態度を養う。,82802D2300000000
音楽,2729,２　内　容,82802D3000000000
音楽,2730,Ａ　表　現,82802D3100000000
音楽,2731,(1) 歌唱の活動を通して，次の事項を身に付けることができるよう指導する。,82802D3110000000
音楽,2732,ア  歌唱表現についての知識や技能を得たり生かしたりしながら，曲の特徴にふさわしい表現を工夫し，どのように歌うかについて思いや意図をもつこと。,82802D3111000000
音楽,2733,イ　曲想と音楽の構造や歌詞の内容との関わりについて理解すること。,82802D3112000000
音楽,2734,ウ　思いや意図に合った表現をするために必要な次の(ｱ)から(ｳ)までの技能を身に付けること。,82802D3113000000
音楽,2735,(ｱ) 範唱を聴いたり，ハ長調及びイ短調の楽譜を見たりして歌う技能,82802D3113100000
音楽,2736,(ｲ) 呼吸及び発音の仕方に気を付けて，自然で無理のない，響きのある歌い方で歌う技能,82802D3113200000
音楽,2737,(ｳ) 各声部の歌声や全体の響き，伴奏を聴いて，声を合わせて歌う技能,82802D3113300000
音楽,2738,(2) 器楽の活動を通して，次の事項を身に付けることができるよう指導する。,82802D3120000000
音楽,2739,ア　器楽表現についての知識や技能を得たり生かしたりしながら，曲の特徴にふさわしい表現を工夫し，どのように演奏するかについて思いや意図をもつこと。,82802D3121000000
音楽,2740,イ　次の(ｱ)及び(ｲ)について理解すること。,82802D3122000000
音楽,2741,(ｱ) 曲想と音楽の構造との関わり,82802D3122100000
音楽,2742,(ｲ) 多様な楽器の音色や響きと演奏の仕方との関わり,82802D3122200000
音楽,2743,ウ　思いや意図に合った表現をするために必要な次の(ｱ)から(ｳ)までの技能を身に付けること。,82802D3123000000
音楽,2744,(ｱ) 範奏を聴いたり，ハ長調及びイ短調の楽譜を見たりして演奏する技能,82802D3123100000
音楽,2745,(ｲ) 音色や響きに気を付けて，旋律楽器及び打楽器を演奏する技能,82802D3123200000
音楽,2746,(ｳ) 各声部の楽器の音や全体の響き，伴奏を聴いて，音を合わせて演奏する技能,82802D3123300000
音楽,2747,(3) 音楽づくりの活動を通して，次の事項を身に付けることができるよう指導する。,82802D3130000000
音楽,2748,ア　音楽づくりについての知識や技能を得たり生かしたりしながら，次の(ｱ)及び(ｲ)をできるようにすること。,82802D3131000000
音楽,2749,(ｱ) 即興的に表現することを通して，音楽づくりの様々な発想を得ること。,82802D3131100000
音楽,2750,(ｲ) 音を音楽へと構成することを通して，どのように全体のまとまりを意識した音楽をつくるかについて思いや意図をもつこと。,82802D3131200000
音楽,2751,イ　次の(ｱ)及び(ｲ)について，それらが生み出すよさや面白さなどと関わらせて理解すること。　,82802D3132000000
音楽,2752,(ｱ) いろいろな音の響きやそれらの組合せの特徴,82802D3132100000
音楽,2753,(ｲ) 音やフレーズのつなげ方や重ね方の特徴,82802D3132200000
音楽,2754,ウ　発想を生かした表現や，思いや意図に合った表現をするために必要な次の(ｱ)及び(ｲ)の技能を身に付けること。,82802D3133000000
音楽,2755,(ｱ) 設定した条件に基づいて，即興的に音を選択したり組み合わせたりして表現する技能 ,82802D3133100000
音楽,2756,(ｲ) 音楽の仕組みを用いて，音楽をつくる技能,82802D3133200000
音楽,2757,Ｂ　鑑　賞,82802D3200000000
音楽,2758,(1) 鑑賞の活動を通して，次の事項を身に付けることができるよう指導する。,82802D3210000000
音楽,2759,ア　鑑賞についての知識を得たり生かしたりしながら，曲や演奏のよさなどを見いだし，曲全体を味わって聴くこと。,82802D3211000000
音楽,2760,イ　曲想及びその変化と，音楽の構造との関わりについて理解すること。,82802D3212000000
音楽,2761,〔共通事項〕,82802D3300000000
音楽,2762,(1) 「Ａ表現」及び「Ｂ鑑賞」の指導を通して，次の事項を身に付けることができるよう指導する。,82802D3310000000
音楽,2763,ア　音楽を形づくっている要素を聴き取り，それらの働きが生み出すよさや面白さ，美しさを感じ取りながら，聴き取ったことと感じ取ったこととの関わりについて考えること。,82802D3311000000
音楽,2764,イ　音楽を形づくっている要素及びそれらに関わる音符，休符，記号や用語について，音楽における働きと関わらせて理解すること。,82802D3312000000
音楽,2765,３　内容の取扱い,82802D5000000000
音楽,2766,(1) 歌唱教材は次に示すものを取り扱う。,82802D5100000000
音楽,2767,ア　主となる歌唱教材については，各学年ともイの共通教材の中の３曲を含めて，斉唱及び合唱で歌う曲,82802D5110000000
音楽,2768,イ  共通教材,82802D5120000000
音楽,2769,〔第５学年〕,8280255121000000
音楽,2770,「こいのぼり」　（文部省唱歌）,8280255121100000
音楽,2771,「子もり歌」　　（日本古謡）,8280255121200000
音楽,2772,「スキーの歌」　（文部省唱歌）  林柳波《はやしりゅうは》作詞　橋本国彦《はしもとくにひこ》作曲,8280255121300000
音楽,2773,「冬げしき」　　（文部省唱歌）,8280255121400000
音楽,2774,〔第６学年〕,8280265122000000
音楽,2775,「越天楽今様《えてんらくいまよう》（歌詞は第２節まで）」（日本古謡）  慈鎮《じちん》和尚作歌,8280265122100000
音楽,2776,「おぼろ月夜」　（文部省唱歌）  高野辰之《たかのたつゆき》作詞　岡野貞一《おかもとていいち》作曲,8280265122200000
音楽,2777,「ふるさと」　　（文部省唱歌）  高野辰之《たかのたつゆき》作詞　岡野貞一《おかもとていいち》作曲,8280265122300000
音楽,2778,「われは海の子（歌詞は第３節まで）」（文部省唱歌）,8280265122400000
音楽,2779,(2) 主となる器楽教材については，楽器の演奏効果を考慮し，簡単な重奏や合奏などの曲を取り扱う。,82802D5200000000
音楽,2780,(3) 鑑賞教材は次に示すものを取り扱う。,82802D5300000000
音楽,2781,ア　和楽器の音楽を含めた我が国の音楽や諸外国の音楽など文化との関わりを捉えやすい音楽，人々に長く親しまれている音楽など，いろいろな種類の曲,82802D5310000000
音楽,2782,イ　音楽を形づくっている要素の働きを感じ取りやすく，聴く喜びを深めやすい曲,82802D5320000000
音楽,2783,ウ　楽器の音や人の声が重なり合う響きを味わうことができる，合奏，合唱を含めたいろいろな演奏形態による曲,82802D5330000000
音楽,2784,第３　指導計画の作成と内容の取扱い,8280300000000000
音楽,2785,１　指導計画の作成に当たっては，次の事項に配慮するものとする。,8280300100000000
音楽,2786,(1) 題材など内容や時間のまとまりを見通して，その中で育む資質・能力の育成に向けて，児童の主体的・対話的で深い学びの実現を図るようにすること。その際，音楽的な見方・考え方を働かせ，他者と協働しながら，音楽表現を生み出したり音楽を聴いてそのよさなどを見いだしたりするなど，思考，判断し，表現する一連の過程を大切にした学習の充実を図ること。,8280300110000000
音楽,2787,(2) 第２の各学年の内容の「Ａ表現」の(1)，(2)及び(3)の指導については，ア，イ及びウの各事項を，「Ｂ鑑賞」の(1)の指導については，ア及びイの各事項を適切に関連させて指導すること。,8280300120000000
音楽,2788,(3) 第２の各学年の内容の〔共通事項〕は，表現及び鑑賞の学習において共通に必要となる資質・能力であり，「Ａ表現」及び「Ｂ鑑賞」の指導と併せて，十分な指導が行われるよう工夫すること。,8280300130000000
音楽,2789,(4) 第２の各学年の内容の「Ａ表現」の(1)，(2)及び(3)並びに「Ｂ鑑賞」の(1)の指導については，適宜，〔共通事項〕を要として各領域や分野の関連を図るようにすること。,8280300140000000
音楽,2790,(5) 国歌「君が代」は，いずれの学年においても歌えるよう指導すること。,8280300150000000
音楽,2791,(6) 低学年においては，第１章総則の第２の４の(1)を踏まえ，他教科等との関連を積極的に図り，指導の効果を高めるようにするとともに，幼稚園教育要領等に示す幼児期の終わりまでに育ってほしい姿との関連を考慮すること。特に，小学校入学当初においては，生活科を中心とした合科的・関連的な指導や，弾力的な時間割の設定を行うなどの工夫をすること。,82803A0160000000
音楽,2792,(7) 障害のある児童などについては，学習活動を行う場合に生じる困難さに応じた指導内容や指導方法の工夫を計画的，組織的に行うこと。,8280300170000000
音楽,2793,(8) 第１章総則の第１の２の(2)に示す道徳教育の目標に基づき，道徳科などとの関連を考慮しながら，第３章特別の教科道徳の第２に示す内容について，音楽科の特質に応じて適切な指導をすること。,8280300180000000
音楽,2794,２　第２の内容の取扱いについては，次の事項に配慮するものとする。,8280300200000000
音楽,2795,(1) 各学年の「Ａ表現」及び「Ｂ鑑賞」の指導に当たっては，次のとおり取り扱うこと。,8280300210000000
音楽,2796,ア　音楽によって喚起されたイメージや感情，音楽表現に対する思いや意図，音楽を聴いて感じ取ったことや想像したことなどを伝え合い共感するなど，音や音楽及び言葉によるコミュニケーションを図り，音楽科の特質に応じた言語活動を適切に位置付けられるよう指導を工夫すること。,8280300211000000
音楽,2797,イ　音楽との一体感を味わい，想像力を働かせて音楽と関わることができるよう，指導のねらいに即して体を動かす活動を取り入れること。,8280300212000000
音楽,2798,ウ　児童が様々な感覚を働かせて音楽への理解を深めたり，主体的に学習に取り組んだりすることができるようにするため，コンピュータや教育機器を効果的に活用できるよう指導を工夫すること。,8280300213000000
音楽,2799,エ　児童が学校内及び公共施設などの学校外における音楽活動とのつながりを意識できるようにするなど，児童や学校，地域の実態に応じ，生活や社会の中の音や音楽と主体的に関わっていくことができるよう配慮すること。,8280300214000000
音楽,2800,オ　表現したり鑑賞したりする多くの曲について，それらを創作した著作者がいることに気付き，学習した曲や自分たちのつくった曲を大切にする態度を養うようにするとともに，それらの著作者の創造性を尊重する意識をもてるようにすること。また，このことが，音楽文化の継承，発展，創造を支えていることについて理解する素地となるよう配慮すること。,8280300215000000
音楽,2801,(2) 和音の指導に当たっては，合唱や合奏などの活動を通して和音のもつ表情を感じ取ることができるようにすること。また，長調及び短調の曲においては，Ⅰ，Ⅳ，Ⅴ及びⅤ７などの和音を中心に指導すること。,8280300220000000
音楽,2802,(3) 我が国や郷土の音楽の指導に当たっては，そのよさなどを感じ取って表現したり鑑賞したりできるよう，音源や楽譜等の示し方，伴奏の仕方，曲に合った歌い方や楽器の演奏の仕方などの指導方法を工夫すること。,8280300230000000
音楽,2803,(4) 各学年の「Ａ表現」の(1)の歌唱の指導に当たっては，次のとおり取り扱うこと。,8280300240000000
音楽,2804,ア　歌唱教材については，我が国や郷土の音楽に愛着がもてるよう，共通教材のほか，長い間親しまれてきた唱歌，それぞれの地方に伝承されているわらべうたや民謡など日本のうたを含めて取り上げるようにすること。,8280300241000000
音楽,2805,イ　相対的な音程感覚を育てるために，適宜，移動ド唱法を用いること。,8280300242000000
音楽,2806,ウ　変声以前から自分の声の特徴に関心をもたせるとともに，変声期の児童に対して適切に配慮すること。,8280300243000000
音楽,2807,(5) 各学年の「Ａ表現」の(2)の楽器については，次のとおり取り扱うこと。,8280300250000000
音楽,2808,ア　各学年で取り上げる打楽器は，木琴，鉄琴，和楽器，諸外国に伝わる様々な楽器を含めて，演奏の効果，児童や学校の実態を考慮して選択すること。,8280300251000000
音楽,2809,イ　第１学年及び第２学年で取り上げる旋律楽器は，オルガン，鍵盤ハーモニカなどの中から児童や学校の実態を考慮して選択すること。,82803A0252000000
音楽,2810,ウ　第３学年及び第４学年で取り上げる旋律楽器は，既習の楽器を含めて，リコーダーや鍵盤楽器，和楽器などの中から児童や学校の実態を考慮して選択すること。,82803C0253000000
音楽,2811,エ　第５学年及び第６学年で取り上げる旋律楽器は，既習の楽器を含めて，電子楽器，和楽器，諸外国に伝わる楽器などの中から児童や学校の実態を考慮して選択すること。　,82803D0254000000
音楽,2812,オ　合奏で扱う楽器については，各声部の役割を生かした演奏ができるよう，楽器の特性を生かして選択すること。,8280300255000000
音楽,2813,(6) 各学年の「Ａ表現」の(3)の音楽づくりの指導に当たっては，次のとおり取り扱うこと。 ,8280300260000000
音楽,2814,ア　音遊びや即興的な表現では，身近なものから多様な音を探したり，リズムや旋律を模倣したりして，音楽づくりのための発想を得ることができるよう指導すること。その際，適切な条件を設定するなど，児童が無理なく音を選択したり組み合わせたりすることができるよう指導を工夫すること。,8280300261000000
音楽,2815,イ　どのような音楽を，どのようにしてつくるかなどについて，児童の実態に応じて具体的な例を示しながら指導するなど，見通しをもって音楽づくりの活動ができるよう指導を工夫すること。,8280300262000000
音楽,2816,ウ　つくった音楽については，指導のねらいに即し，必要に応じて作品を記録させること。作品を記録する方法については，図や絵によるもの，五線譜など柔軟に指導すること。,8280300263000000
音楽,2817,エ　拍のないリズム，我が国の音楽に使われている音階や調性にとらわれない音階などを児童の実態に応じて取り上げるようにすること。,8280300264000000
音楽,2818,(7) 各学年の「Ｂ鑑賞」の指導に当たっては，言葉などで表す活動を取り入れ，曲想と音楽の構造との関わりについて気付いたり理解したり，曲や演奏の楽しさやよさなどを見いだしたりすることができるよう指導を工夫すること。,8280300270000000
音楽,2819,(8) 各学年の〔共通事項〕に示す「音楽を形づくっている要素」については，児童の発達の段階や指導のねらいに応じて，次のア及びイから適切に選択したり関連付けたりして指導すること。,8280300280000000
音楽,2820,"ア　音楽を特徴付けている要素
音色，リズム，速度，旋律，強弱，音の重なり，和音の響き，音階，調，拍，フレーズなど",8280300281000000
音楽,2821,"イ　音楽の仕組み
反復，呼びかけとこたえ，変化，音楽の縦と横との関係など",8280300282000000
音楽,2822,(9) 各学年の〔共通事項〕の(1)のイに示す「音符，休符，記号や用語」については，児童の学習状況を考慮して，次に示すものを音楽における働きと関わらせて理解し，活用できるよう取り扱うこと。,8280300290000000
音楽,2823,全音符,8280300290100000
音楽,2824,付点二分音符,8280300290200000
音楽,2825,二分音符,8280300290300000
音楽,2826,付点四分音符,8280300290400000
音楽,2827,四分音符,8280300290500000
音楽,2828,付点八分音符,8280300290600000
音楽,2829,八分音符,8280300290700000
音楽,2830,十六分音符,8280300290800000
音楽,2831,付点八分音符と十六分音符,8280300290900000
音楽,2832,四分休符,8280300291000000
音楽,2833,八分休符,8280300291100000
音楽,2834,ト音記号,8280300291200000
音楽,2835,へ音記号,8280300291300000
音楽,2836,五線と加線,8280300291400000
音楽,2837,縦線,8280300291500000
音楽,2838,終止線,8280300291600000
音楽,2839,シャープ,8280300291700000
音楽,2840,フラット,8280300291800000
音楽,2841,ナチュラル,8280300291900000
音楽,2842,フォルテ,8280300292000000
音楽,2843,メッゾ・フォルテ,8280300292100000
音楽,2844,ピアノ,8280300292200000
音楽,2845,メッゾ・ピアノ,8280300292300000
音楽,2846,ブレス,8280300292400000
音楽,2847,四分の二拍子,8280300292500000
音楽,2848,四分の三拍子,8280300292600000
音楽,2849,四分の四拍子,8280300292700000
音楽,2850,八分の六拍子,8280300292800000
音楽,2851,クレシェンド,8280300292900000
音楽,2852,デクレシェンド,8280300293000000
音楽,2853,反復記号,8280300293100000
音楽,2854,反復記号（１番かっこ・２番かっこ）,8280300293200000
音楽,2855,タイ,8280300293300000
音楽,2856,スラー,8280300293400000
音楽,2857,アクセント,8280300293500000
音楽,2858,スタッカート,8280300293600000
音楽,2859,速度記号,8280300293700000
図画工作,2860,第７節　図画工作,8290000000000000
図画工作,2861,"第１　目　標
表現及び鑑賞の活動を通して，造形的な見方・考え方を働かせ，生活や社会の中の形や色などと豊かに関わる資質・能力を次のとおり育成することを目指す。",8290100000000000
図画工作,2862,(1) 対象や事象を捉える造形的な視点について自分の感覚や行為を通して理解するとともに，材料や用具を使い，表し方などを工夫して，創造的につくったり表したりすることができるようにする。,8290100100000000
図画工作,2863,(2) 造形的なよさや美しさ，表したいこと，表し方などについて考え，創造的に発想や構想をしたり，作品などに対する自分の見方や感じ方を深めたりすることができるようにする。,8290100200000000
図画工作,2864,(3) つくりだす喜びを味わうとともに，感性を育み，楽しく豊かな生活を創造しようとする態度を養い，豊かな情操を培う。,8290100300000000
図画工作,2865,第２　各学年の目標及び内容　　,8290200000000000
図画工作,2866,〔第１学年及び第２学年〕,82902A0000000000
図画工作,2867,１　目　標　,82902A2000000000
図画工作,2868,(1) 対象や事象を捉える造形的な視点について自分の感覚や行為を通して気付くとともに，手や体全体の感覚などを働かせ材料や用具を使い，表し方などを工夫して，創造的につくったり表したりすることができるようにする。,82902A2100000000
図画工作,2869,(2) 造形的な面白さや楽しさ，表したいこと，表し方などについて考え，楽しく発想や構想をしたり，身の回りの作品などから自分の見方や感じ方を広げたりすることができるようにする。,82902A2200000000
図画工作,2870,(3) 楽しく表現したり鑑賞したりする活動に取り組み，つくりだす喜びを味わうとともに，形や色などに関わり楽しい生活を創造しようとする態度を養う。,82902A2300000000
図画工作,2871,２　内　容,82902A3000000000
図画工作,2872,Ａ　表　現,82902A3100000000
図画工作,2873,(1) 表現の活動を通して，発想や構想に関する次の事項を身に付けることができるよう指導する。,82902A3110000000
図画工作,2874,ア　造形遊びをする活動を通して，身近な自然物や人工の材料の形や色などを基に造形的な活動を思い付くことや，感覚や気持ちを生かしながら，どのように活動するかについて考えること。,82902A3111000000
図画工作,2875,イ　絵や立体，工作に表す活動を通して，感じたこと，想像したことから，表したいことを見付けることや，好きな形や色を選んだり，いろいろな形や色を考えたりしながら，どのように表すかについて考えること。,82902A3112000000
図画工作,2876,(2) 表現の活動を通して，技能に関する次の事項を身に付けることができるよう指導する。,82902A3120000000
図画工作,2877,ア　造形遊びをする活動を通して，身近で扱いやすい材料や用具に十分に慣れるとともに，並べたり，つないだり，積んだりするなど手や体全体の感覚などを働かせ，活動を工夫してつくること。,82902A3121000000
図画工作,2878,イ　絵や立体，工作に表す活動を通して，身近で扱いやすい材料や用具に十分に慣れるとともに，手や体全体の感覚などを働かせ，表したいことを基に表し方を工夫して表すこと。 ,82902A3122000000
図画工作,2879,Ｂ　鑑　賞,82902A3200000000
図画工作,2880,(1) 鑑賞の活動を通して，次の事項を身に付けることができるよう指導する。,82902A3210000000
図画工作,2881,ア　身の回りの作品などを鑑賞する活動を通して，自分たちの作品や身近な材料などの造形的な面白さや楽しさ，表したいこと，表し方などについて，感じ取ったり考えたりし，自分の見方や感じ方を広げること。,82902A3211000000
図画工作,2882,〔共通事項〕,82902A3300000000
図画工作,2883,(1) 「Ａ表現」及び「Ｂ鑑賞」の指導を通して，次の事項を身に付けることができるよう指導する。,82902A3310000000
図画工作,2884,ア　自分の感覚や行為を通して，形や色などに気付くこと。,82902A3311000000
図画工作,2885,イ　形や色などを基に，自分のイメージをもつこと。,82902A3312000000
図画工作,2886,〔第３学年及び第４学年〕,82902C0000000000
図画工作,2887,１　目　標,82902C2000000000
図画工作,2888,(1) 対象や事象を捉える造形的な視点について自分の感覚や行為を通して分かるとともに，手や体全体を十分に働かせ材料や用具を使い，表し方などを工夫して，創造的につくったり表したりすることができるようにする。,82902C2100000000
図画工作,2889,(2) 造形的なよさや面白さ，表したいこと，表し方などについて考え，豊かに発想や構想をしたり，身近にある作品などから自分の見方や感じ方を広げたりすることができるようにする。,82902C2200000000
図画工作,2890,(3) 進んで表現したり鑑賞したりする活動に取り組み，つくりだす喜びを味わうとともに，形や色などに関わり楽しく豊かな生活を創造しようとする態度を養う。,82902C2300000000
図画工作,2891,２　内　容,82902C3000000000
図画工作,2892,Ａ　表　現,82902C3100000000
図画工作,2893,(1) 表現の活動を通して，発想や構想に関する次の事項を身に付けることができるよう指導する。,82902C3110000000
図画工作,2894,ア　造形遊びをする活動を通して，身近な材料や場所などを基に造形的な活動を思い付くことや，新しい形や色などを思い付きながら，どのように活動するかについて考えること。,82902C3111000000
図画工作,2895,イ　絵や立体，工作に表す活動を通して，感じたこと，想像したこと，見たことから，表したいことを見付けることや，表したいことや用途などを考え，形や色，材料などを生かしながら，どのように表すかについて考えること。,82902C3112000000
図画工作,2896,(2) 表現の活動を通して，技能に関する次の事項を身に付けることができるよう指導する。,82902C3120000000
図画工作,2897,"ア　造形遊びをする活動を通して，材料や用具を適切に扱うとともに，前学年までの材料や用具についての経験を生かし，組み合わせたり，切ってつないだり，形を変えたりするなどして,手や体全体を十分に働かせ，活動を工夫してつくること。",82902C3121000000
図画工作,2898,イ　絵や立体，工作に表す活動を通して，材料や用具を適切に扱うとともに，前学年までの材料や用具についての経験を生かし，手や体全体を十分に働かせ，表したいことに合わせて表し方を工夫して表すこと。,82902C3122000000
図画工作,2899,Ｂ　鑑　賞,82902C3200000000
図画工作,2900,(1) 鑑賞の活動を通して，次の事項を身に付けることができるよう指導する。,82902C3210000000
図画工作,2901,"ア　身近にある作品などを鑑賞する活動を通して，自分たちの作品や身近な美術作品，製作の過程などの造形的なよさや面白さ，表したいこと，いろいろな表し方などについて, 感じ取ったり考えたりし，自分の見方や感じ方を広げること。",82902C3211000000
図画工作,2902,〔共通事項〕,82902C3300000000
図画工作,2903,(1) 「Ａ表現」及び「Ｂ鑑賞」の指導を通して，次の事項を身に付けることができるよう指導する。,82902C3310000000
図画工作,2904,ア　自分の感覚や行為を通して，形や色などの感じが分かること。,82902C3311000000
図画工作,2905,イ　形や色などの感じを基に，自分のイメージをもつこと。,82902C3312000000
図画工作,2906,〔第５学年及び第６学年〕,82902D0000000000
図画工作,2907,１　目　標,82902D2000000000
図画工作,2908,(1) 対象や事象を捉える造形的な視点について自分の感覚や行為を通して理解するとともに，材料や用具を活用し，表し方などを工夫して，創造的につくったり表したりすることができるようにする。,82902D2100000000
図画工作,2909,(2) 造形的なよさや美しさ，表したいこと，表し方などについて考え，創造的に発想や構想をしたり，親しみのある作品などから自分の見方や感じ方を深めたりすることができるようにする。,82902D2200000000
図画工作,2910,(3) 主体的に表現したり鑑賞したりする活動に取り組み，つくりだす喜びを味わうとともに，形や色などに関わり楽しく豊かな生活を創造しようとする態度を養う。,82902D2300000000
図画工作,2911,２　内　容,82902D3000000000
図画工作,2912,Ａ　表　現,82902D3100000000
図画工作,2913,(1) 表現の活動を通して，発想や構想に関する次の事項を身に付けることができるよう指導する。,82902D3110000000
図画工作,2914,ア　造形遊びをする活動を通して，材料や場所，空間などの特徴を基に造形的な活動を思い付くことや，構成したり周囲の様子を考え合わせたりしながら，どのように活動するかについて考えること。,82902D3111000000
図画工作,2915,イ　絵や立体，工作に表す活動を通して，感じたこと，想像したこと，見たこと，伝え合いたいことから，表したいことを見付けることや，形や色，材料の特徴，構成の美しさなどの感じ，用途などを考えながら，どのように主題を表すかについて考えること。,82902D3112000000
図画工作,2916,(2) 表現の活動を通して，技能に関する次の事項を身に付けることができるよう指導する。,82902D3120000000
図画工作,2917,ア　造形遊びをする活動を通して，活動に応じて材料や用具を活用するとともに，前学年までの材料や用具についての経験や技能を総合的に生かしたり，方法などを組み合わせたりするなどして，活動を工夫してつくること。,82902D3121000000
図画工作,2918,イ　絵や立体，工作に表す活動を通して，表現方法に応じて材料や用具を活用するとともに，前学年までの材料や用具などについての経験や技能を総合的に生かしたり，表現に適した方法などを組み合わせたりするなどして，表したいことに合わせて表し方を工夫して表すこと。,82902D3122000000
図画工作,2919,Ｂ　鑑　賞,82902D3200000000
図画工作,2920,(1) 鑑賞の活動を通して，次の事項を身に付けることができるよう指導する。,82902D3210000000
図画工作,2921,ア　親しみのある作品などを鑑賞する活動を通して，自分たちの作品，我が国や諸外国の親しみのある美術作品，生活の中の造形などの造形的なよさや美しさ，表現の意図や特徴，表し方の変化などについて，感じ取ったり考えたりし，自分の見方や感じ方を深めること。,82902D3211000000
図画工作,2922,〔共通事項〕,82902D3300000000
図画工作,2923,(1) 「Ａ表現」及び「Ｂ鑑賞」の指導を通して，次の事項を身に付けることができるよう指導する。,82902D3310000000
図画工作,2924,ア　自分の感覚や行為を通して，形や色などの造形的な特徴を理解すること。,82902D3311000000
図画工作,2925,イ　形や色などの造形的な特徴を基に，自分のイメージをもつこと。,82902D3312000000
図画工作,2926,第３　指導計画の作成と内容の取扱い,8290300000000000
図画工作,2927,１　指導計画の作成に当たっては，次の事項に配慮するものとする。,8290300100000000
図画工作,2928,(1) 題材など内容や時間のまとまりを見通して，その中で育む資質・能力の育成に向けて，児童の主体的・対話的で深い学びの実現を図るようにすること。その際，造形的な見方・考え方を働かせ，表現及び鑑賞に関する資質・能力を相互に関連させた学習の充実を図ること。,8290300110000000
図画工作,2929,(2) 第２の各学年の内容の「Ａ表現」及び「Ｂ鑑賞」の指導については相互の関連を図るようにすること。ただし，「Ｂ鑑賞」の指導については，指導の効果を高めるため必要がある場合には，児童や学校の実態に応じて，独立して行うようにすること。,8290300120000000
図画工作,2930,(3) 第２の各学年の内容の〔共通事項〕は，表現及び鑑賞の学習において共通に必要となる資質・能力であり，「Ａ表現」及び「Ｂ鑑賞」の指導と併せて，十分な指導が行われるよう工夫すること。,8290300130000000
図画工作,2931,(4) 第２の各学年の内容の「Ａ表現」については，造形遊びをする活動では，(1)のア及び(2)のアを，絵や立体，工作に表す活動では，(1)のイ及び(2)のイを関連付けて指導すること。その際，(1)のイ及び(2)のイの指導に配当する授業時数については，工作に表すことの内容に配当する授業時数が，絵や立体に表すことの内容に配当する授業時数とおよそ等しくなるように計画すること。,8290300140000000
図画工作,2932,(5) 第２の各学年の内容の「Ａ表現」の指導については，適宜共同してつくりだす活動を取り上げるようにすること。,8290300150000000
図画工作,2933,(6) 第２の各学年の内容の「Ｂ鑑賞」においては，自分たちの作品や美術作品などの特質を踏まえて指導すること。,8290300160000000
図画工作,2934,(7) 低学年においては，第１章総則の第２の４の(1)を踏まえ，他教科等との関連を積極的に図り，指導の効果を高めるようにするとともに，幼稚園教育要領等に示す幼児期の終わりまでに育ってほしい姿との関連を考慮すること。特に，小学校入学当初においては，生活科を中心とした合科的・関連的な指導や，弾力的な時間割の設定を行うなどの工夫をすること。,82903A0170000000
図画工作,2935,(8) 障害のある児童などについては，学習活動を行う場合に生じる困難さに応じた指導内容や指導方法の工夫を計画的，組織的に行うこと。,8290300180000000
図画工作,2936,(9) 第１章総則の第１の２の(2)に示す道徳教育の目標に基づき，道徳科などとの関連を考慮しながら，第３章特別の教科道徳の第２に示す内容について，図画工作科の特質に応じて適切な指導をすること。,8290300190000000
図画工作,2937,２　第２の内容の取扱いについては，次の事項に配慮するものとする。,8290300200000000
図画工作,2938,(1) 児童が個性を生かして活動することができるようにするため，学習活動や表現方法などに幅をもたせるようにすること。,8290300210000000
図画工作,2939,(2) 各学年の「Ａ表現」及び「Ｂ鑑賞」の指導を通して，児童が〔共通事項〕のアとイとの関わりに気付くようにすること。,8290300220000000
図画工作,2940,(3) 〔共通事項〕のアの指導に当たっては，次の事項に配慮し，必要に応じて，その後の学年で繰り返し取り上げること。,8290300230000000
図画工作,2941,ア　第１学年及び第２学年においては，いろいろな形や色，触った感じなどを捉えること。,82903A0231000000
図画工作,2942,イ　第３学年及び第４学年においては，形の感じ，色の感じ，それらの組合せによる感じ，色の明るさなどを捉えること。,82903C0232000000
図画工作,2943,ウ　第５学年及び第６学年においては，動き，奥行き，バランス，色の鮮やかさなどを捉えること。,82903D0233000000
図画工作,2944,(4) 各学年の「Ａ表現」の指導に当たっては，活動の全過程を通して児童が実現したい思いを大切にしながら活動できるようにし，自分のよさや可能性を見いだし，楽しく豊かな生活を創造しようとする態度を養うようにすること。,8290300240000000
図画工作,2945,(5) 各活動において，互いのよさや個性などを認め尊重し合うようにすること。,8290300250000000
図画工作,2946,(6) 材料や用具については，次のとおり取り扱うこととし，必要に応じて，当該学年より前の学年において初歩的な形で取り上げたり，その後の学年で繰り返し取り上げたりすること。,8290300260000000
図画工作,2947,ア　第１学年及び第２学年においては，土，粘土，木，紙，クレヨン，パス，はさみ，のり，簡単な小刀類など身近で扱いやすいものを用いること。,82903A0261000000
図画工作,2948,イ　第３学年及び第４学年においては，木切れ，板材，釘《くぎ》，水彩絵の具，小刀，使いやすいのこぎり，金づちなどを用いること。,82903C0262000000
図画工作,2949,ウ　第５学年及び第６学年においては，針金，糸のこぎりなどを用いること。,82903D0263000000
図画工作,2950,(7) 各学年の「Ａ表現」の(1)のイ及び(2)のイについては，児童や学校の実態に応じて，児童が工夫して楽しめる程度の版に表す経験や焼成する経験ができるようにすること。,8290300270000000
図画工作,2951,(8) 各学年の「Ｂ鑑賞」の指導に当たっては，児童や学校の実態に応じて，地域の美術館などを利用したり，連携を図ったりすること。,8290300280000000
図画工作,2952,(9) 各学年の「Ａ表現」及び「Ｂ鑑賞」の指導に当たっては，思考力，判断力，表現力等を育成する観点から，〔共通事項〕に示す事項を視点として，感じたことや思ったこと，考えたことなどを，話したり聞いたり話し合ったりする，言葉で整理するなどの言語活動を充実すること。,8290300290000000
図画工作,2953,(10)　コンピュータ，カメラなどの情報機器を利用することについては，表現や鑑賞の活動で使う用具の一つとして扱うとともに，必要性を十分に検討して利用すること。,82903002A0000000
図画工作,2954,(11)　創造することの価値に気付き，自分たちの作品や美術作品などに表れている創造性を大切にする態度を養うようにすること。また，こうした態度を養うことが，美術文化の継承，発展，創造を支えていることについて理解する素地となるよう配慮すること。,82903002B0000000
図画工作,2955,３　造形活動で使用する材料や用具，活動場所については，安全な扱い方について指導する，事前に点検するなどして，事故防止に留意するものとする。,8290300300000000
図画工作,2956,４　校内の適切な場所に作品を展示するなどし，平素の学校生活においてそれを鑑賞できるよう配慮するものとする。また，学校や地域の実態に応じて，校外に児童の作品を展示する機会を設けるなどするものとする。,8290300400000000
家庭,2957,第８節　家　　庭,82F00D0000000000
家庭,2958,"第１　目　標
生活の営みに係る見方・考え方を働かせ，衣食住などに関する実践的・体験的な活動を通して，生活をよりよくしようと工夫する資質・能力を次のとおり育成することを目指す。",82F01D0000000000
家庭,2959,(1) 家族や家庭，衣食住，消費や環境などについて，日常生活に必要な基礎的な理解を図るとともに，それらに係る技能を身に付けるようにする。,82F01D0100000000
家庭,2960,(2) 日常生活の中から問題を見いだして課題を設定し，様々な解決方法を考え，実践を評価・改善し，考えたことを表現するなど，課題を解決する力を養う。,82F01D0200000000
家庭,2961,(3) 家庭生活を大切にする心情を育み，家族や地域の人々との関わりを考え，家族の一員として，生活をよりよくしようと工夫する実践的な態度を養う。,82F01D0300000000
家庭,2962,第２　各学年の内容,82F02D0000000000
家庭,2963,〔第５学年及び第６学年〕,82F02D0000000010
家庭,2964,１　内　容,82F02D3000000000
家庭,2965,"Ａ　家族・家庭生活
次の(1)から(4)までの項目について，課題をもって，家族や地域の人々と協力し，よりよい家庭生活に向けて考え，工夫する活動を通して，次の事項を身に付けることができるよう指導する。",82F02D3100000000
家庭,2966,(1) 自分の成長と家族・家庭生活,82F02D3110000000
家庭,2967,ア　自分の成長を自覚し，家庭生活と家族の大切さや家庭生活が家族の協力によって営まれていることに気付くこと。,82F02D3111000000
家庭,2968,(2) 家庭生活と仕事,82F02D3120000000
家庭,2969,ア　家庭には，家庭生活を支える仕事があり，互いに協力し分担する必要があることや生活時間の有効な使い方について理解すること。,82F02D3121000000
家庭,2970,イ　家庭の仕事の計画を考え，工夫すること。,82F02D3122000000
家庭,2971,(3) 家族や地域の人々との関わり,82F02D3130000000
家庭,2972,ア　次のような知識を身に付けること。,82F02D3131000000
家庭,2973,(ｱ) 家族との触れ合いや団らんの大切さについて理解すること。,82F02D3131100000
家庭,2974,(ｲ) 家庭生活は地域の人々との関わりで成り立っていることが分かり，地域の人々との協力が大切であることを理解すること。,82F02D3131200000
家庭,2975,イ　家族や地域の人々とのよりよい関わりについて考え，工夫すること。,82F02D3132000000
家庭,2976,(4) 家族・家庭生活についての課題と実践,82F02D3140000000
家庭,2977,ア　日常生活の中から問題を見いだして課題を設定し，よりよい生活を考え，計画を立てて実践できること。,82F02D3141000000
家庭,2978,"Ｂ　衣食住の生活
次の(1)から(6)までの項目について，課題をもって，健康・快適・安全で豊かな食生活，衣生活，住生活に向けて考え，工夫する活動を通して，次の事項を身に付けることができるよう指導する。",82F02D3200000000
家庭,2979,(1) 食事の役割,82F02D3210000000
家庭,2980,ア　食事の役割が分かり，日常の食事の大切さと食事の仕方について理解すること。,82F02D3211000000
家庭,2981,イ　楽しく食べるために日常の食事の仕方を考え，工夫すること。,82F02D3212000000
家庭,2982,(2) 調理の基礎,82F02D3220000000
家庭,2983,ア　次のような知識及び技能を身に付けること。,82F02D3221000000
家庭,2984,(ｱ) 調理に必要な材料の分量や手順が分かり，調理計画について理解すること。,82F02D3221100000
家庭,2985,(ｲ) 調理に必要な用具や食器の安全で衛生的な取扱い及び加熱用調理器具の安全な取扱いについて理解し，適切に使用できること。,82F02D3221200000
家庭,2986,(ｳ) 材料に応じた洗い方，調理に適した切り方，味の付け方，盛り付け，配膳及び後片付けを理解し，適切にできること。,82F02D3221300000
家庭,2987,(ｴ) 材料に適したゆで方，いため方を理解し，適切にできること。,82F02D3221400000
家庭,2988,(ｵ) 伝統的な日常食である米飯及びみそ汁の調理の仕方を理解し，適切にできること。,82F02D3221500000
家庭,2989,イ　おいしく食べるために調理計画を考え，調理の仕方を工夫すること。,82F02D3222000000
家庭,2990,(3) 栄養を考えた食事,82F02D3230000000
家庭,2991,ア　次のような知識を身に付けること。,82F02D3231000000
家庭,2992,(ｱ) 体に必要な栄養素の種類と主な働きについて理解すること。,82F02D3231100000
家庭,2993,(ｲ) 食品の栄養的な特徴が分かり，料理や食品を組み合わせてとる必要があることを理解すること。,82F02D3231200000
家庭,2994,(ｳ) 献立を構成する要素が分かり，１食分の献立作成の方法について理解すること。,82F02D3231300000
家庭,2995,イ　１食分の献立について栄養のバランスを考え，工夫すること。,82F02D3232000000
家庭,2996,(4) 衣服の着用と手入れ,82F02D3240000000
家庭,2997,ア　次のような知識及び技能を身に付けること。,82F02D3241000000
家庭,2998,(ｱ) 衣服の主な働きが分かり，季節や状況に応じた日常着の快適な着方について理解すること。,82F02D3241100000
家庭,2999,(ｲ) 日常着の手入れが必要であることや，ボタンの付け方及び洗濯の仕方を理解し，適切にできること。,82F02D3241200000
家庭,3000,イ　日常着の快適な着方や手入れの仕方を考え，工夫すること。,82F02D3242000000
家庭,3001,(5) 生活を豊かにするための布を用いた製作,82F02D3250000000
家庭,3002,ア　次のような知識及び技能を身に付けること。,82F02D3251000000
家庭,3003,(ｱ) 製作に必要な材料や手順が分かり，製作計画について理解すること。,82F02D3251100000
家庭,3004,(ｲ) 手縫いやミシン縫いによる目的に応じた縫い方及び用具の安全な取扱いについて理解し，適切にできること。,82F02D3251200000
家庭,3005,イ　生活を豊かにするために布を用いた物の製作計画を考え，製作を工夫すること。,82F02D3252000000
家庭,3006,(6) 快適な住まい方,82F02D3260000000
家庭,3007,ア　次のような知識及び技能を身に付けること。,82F02D3261000000
家庭,3008,(ｱ) 住まいの主な働きが分かり，季節の変化に合わせた生活の大切さや住まい方について理解すること。,82F02D3261100000
家庭,3009,(ｲ) 住まいの整理・整頓や清掃の仕方を理解し，適切にできること。,82F02D3261200000
家庭,3010,イ　季節の変化に合わせた住まい方，整理・整頓や清掃の仕方を考え，快適な住まい方を工夫すること。,82F02D3262000000
家庭,3011,"Ｃ　消費生活・環境
次の(1)及び(2)の項目について，課題をもって，持続可能な社会の構築に向けて身近な消費生活と環境を考え，工夫する活動を通して，次の事項を身に付けることができるよう指導する。",82F02D3300000000
家庭,3012,(1) 物や金銭の使い方と買物,82F02D3310000000
家庭,3013,ア　次のような知識及び技能を身に付けること。,82F02D3311000000
家庭,3014,(ｱ) 買物の仕組みや消費者の役割が分かり，物や金銭の大切さと計画的な使い方について理解すること。,82F02D3311100000
家庭,3015,(ｲ) 身近な物の選び方，買い方を理解し，購入するために必要な情報の収集・整理が適切にできること。,82F02D3311200000
家庭,3016,イ　購入に必要な情報を活用し，身近な物の選び方，買い方を考え，工夫すること。,82F02D3312000000
家庭,3017,(2) 環境に配慮した生活,82F02D3320000000
家庭,3018,ア　自分の生活と身近な環境との関わりや環境に配慮した物の使い方などについて理解すること。,82F02D3321000000
家庭,3019,イ　環境に配慮した生活について物の使い方などを考え，工夫すること。,82F02D3322000000
家庭,3020,２　内容の取扱い,82F02D5000000000
家庭,3021,(1) 内容の「Ａ家族・家庭生活」については，次のとおり取り扱うこと。,82F02D5100000000
家庭,3022,ア　(1)のアについては，ＡからＣまでの各内容の学習と関連を図り，日常生活における様々な問題について，家族や地域の人々との協力，健康・快適・安全，持続可能な社会の構築等を視点として考え，解決に向けて工夫することが大切であることに気付かせるようにすること。,82F02D5110000000
家庭,3023,イ　(2)のイについては，内容の「Ｂ衣食住の生活」と関連を図り，衣食住に関わる仕事を具体的に実践できるよう配慮すること。,82F02D5120000000
家庭,3024,ウ　(3)については，幼児又は低学年の児童や高齢者など異なる世代の人々との関わりについても扱うこと。また，イについては，他教科等における学習との関連を図るよう配慮すること。,82F02D5130000000
家庭,3025,(2) 内容の「Ｂ衣食住の生活」については，次のとおり取り扱うこと。,82F02D5200000000
家庭,3026,ア　日本の伝統的な生活についても扱い，生活文化に気付くことができるよう配慮すること。,82F02D5210000000
家庭,3027,イ　(2)のアの(ｴ)については，ゆでる材料として青菜やじゃがいもなどを扱うこと。(ｵ)については，和食の基本となるだしの役割についても触れること。,82F02D5220000000
家庭,3028,ウ　(3)のアの(ｱ)については，五大栄養素と食品の体内での主な働きを中心に扱うこと。(ｳ)については，献立を構成する要素として主食，主菜，副菜について扱うこと。,82F02D5230000000
家庭,3029,エ　食に関する指導については，家庭科の特質に応じて，食育の充実に資するよう配慮すること。また，第４学年までの食に関する学習との関連を図ること。,82F02D5240000000
家庭,3030,オ　(5)については，日常生活で使用する物を入れる袋などの製作を扱うこと。,82F02D5250000000
家庭,3031,カ　(6)のアの(ｱ)については，主として暑さ・寒さ，通風・換気，採光，及び音を取り上げること。暑さ・寒さについては，(4)のアの(ｱ)の日常着の快適な着方と関連を図ること。,82F02D5260000000
家庭,3032,(3) 内容の「Ｃ消費生活・環境」については，次のとおり取り扱うこと。,82F02D5300000000
家庭,3033,ア　(1)については，内容の「Ａ家族・家庭生活」の(3)，「Ｂ衣食住の生活」の(2)，(5)及び(6)で扱う用具や実習材料などの身近な物を取り上げること。,82F02D5310000000
家庭,3034,イ　(1)のアの(ｱ)については，売買契約の基礎について触れること。,82F02D5320000000
家庭,3035,ウ　(2)については，内容の「Ｂ衣食住の生活」との関連を図り，実践的に学習できるようにすること。,82F02D5330000000
家庭,3036,第３　指導計画の作成と内容の取扱い,82F03D0000000000
家庭,3037,１　指導計画の作成に当たっては，次の事項に配慮するものとする。,82F03D0100000000
家庭,3038,(1) 題材など内容や時間のまとまりを見通して，その中で育む資質・能力の育成に向けて，児童の主体的・対話的で深い学びの実現を図るようにすること。その際，生活の営みに係る見方・考え方を働かせ，知識を生活体験等と関連付けてより深く理解するとともに，日常生活の中から問題を見いだして様々な解決方法を考え，他者と意見交流し，実践を評価・改善して，新たな課題を見いだす過程を重視した学習の充実を図ること。,82F03D0110000000
家庭,3039,(2) 第２の内容の「Ａ家族・家庭生活」から「Ｃ消費生活・環境」までの各項目に配当する授業時数及び各項目の履修学年については，児童や学校，地域の実態等に応じて各学校において適切に定めること。その際，「Ａ家族・家庭生活」の(1)のアについては，第４学年までの学習を踏まえ，２学年間の学習の見通しをもたせるために，第５学年の最初に履修させるとともに，「Ａ家族・家庭生活」，「Ｂ衣食住の生活」，「Ｃ消費生活・環境」の学習と関連させるようにすること。,82F03D0120000000
家庭,3040,(3) 第２の内容の「Ａ家族・家庭生活」の(4)については，実践的な活動を家庭や地域などで行うことができるよう配慮し，２学年間で一つ又は二つの課題を設定して履修させること。その際，「Ａ家族・家庭生活」の(2)又は(3)，「Ｂ衣食住の生活」，「Ｃ消費生活・環境」で学習した内容との関連を図り，課題を設定できるようにすること。,82F03D0130000000
家庭,3041,(4) 第２の内容の「Ｂ衣食住の生活」の(2)及び(5)については，学習の効果を高めるため，２学年間にわたって取り扱い，平易なものから段階的に学習できるよう計画すること。,82F03D0140000000
家庭,3042,(5) 題材の構成に当たっては，児童や学校，地域の実態を的確に捉えるとともに，内容相互の関連を図り，指導の効果を高めるようにすること。その際，他教科等との関連を明確にするとともに，中学校の学習を見据え，系統的に指導ができるようにすること。,82F03D0150000000
家庭,3043,(6) 障害のある児童などについては，学習活動を行う場合に生じる困難さに応じた指導内容や指導方法の工夫を計画的，組織的に行うこと。,82F03D0160000000
家庭,3044,(7) 第１章総則の第１の２の(2)に示す道徳教育の目標に基づき，道徳科などとの関連を考慮しながら，第３章特別の教科道徳の第２に示す内容について，家庭科の特質に応じて適切な指導をすること。,82F03D0170000000
家庭,3045,２　第２の内容の取扱いについては，次の事項に配慮するものとする。,82F03D0200000000
家庭,3046,(1) 指導に当たっては，衣食住など生活の中の様々な言葉を実感を伴って理解する学習活動や，自分の生活における課題を解決するために言葉や図表などを用いて生活をよりよくする方法を考えたり，説明したりするなどの学習活動の充実を図ること。,82F03D0210000000
家庭,3047,(2) 指導に当たっては，コンピュータや情報通信ネットワークを積極的に活用して，実習等における情報の収集・整理や，実践結果の発表などを行うことができるように工夫すること。,82F03D0220000000
家庭,3048,(3) 生活の自立の基礎を培う基礎的・基本的な知識及び技能を習得するために，調理や製作等の手順の根拠について考えたり，実践する喜びを味わったりするなどの実践的・体験的な活動を充実すること。,82F03D0230000000
家庭,3049,(4) 学習内容の定着を図り，一人一人の個性を生かし伸ばすよう，児童の特性や生活体験などを把握し，技能の習得状況に応じた少人数指導や教材・教具の工夫など個に応じた指導の充実に努めること。,82F03D0240000000
家庭,3050,(5) 家庭や地域との連携を図り，児童が身に付けた知識及び技能などを日常生活に活用できるよう配慮すること。,82F03D0250000000
家庭,3051,３　実習の指導に当たっては，次の事項に配慮するものとする。,82F03D0300000000
家庭,3052,(1) 施設・設備の安全管理に配慮し，学習環境を整備するとともに，熱源や用具，機械などの取扱いに注意して事故防止の指導を徹底すること。,82F03D0310000000
家庭,3053,(2) 服装を整え，衛生に留意して用具の手入れや保管を適切に行うこと。,82F03D0320000000
家庭,3054,(3) 調理に用いる食品については，生の魚や肉は扱わないなど，安全・衛生に留意すること。また，食物アレルギーについても配慮すること。,82F03D0330000000
体育,3055,第９節　体　　育,82G0000000000000
体育,3056,"第１　目　標
体育や保健の見方・考え方を働かせ，課題を見付け，その解決に向けた学習過程を通して，心と体を一体として捉え，生涯にわたって心身の健康を保持増進し豊かなスポーツライフを実現するための資質・能力を次のとおり育成することを目指す。",82G0100000000000
体育,3057,(1) その特性に応じた各種の運動の行い方及び身近な生活における健康・安全について理解するとともに，基本的な動きや技能を身に付けるようにする。,82G0100100000000
体育,3058,(2) 運動や健康についての自己の課題を見付け，その解決に向けて思考し判断するとともに，他者に伝える力を養う。,82G0100200000000
体育,3059,(3) 運動に親しむとともに健康の保持増進と体力の向上を目指し，楽しく明るい生活を営む態度を養う。,82G0100300000000
体育,3060,第２　各学年の目標及び内容　　,82G0200000000000
体育,3061,〔第１学年及び第２学年〕,82G02A0000000000
体育,3062,１　目　標　,82G02A2000000000
体育,3063,(1) 各種の運動遊びの楽しさに触れ，その行い方を知るとともに，基本的な動きを身に付けるようにする。,82G02A2100000000
体育,3064,(2) 各種の運動遊びの行い方を工夫するとともに，考えたことを他者に伝える力を養う。,82G02A2200000000
体育,3065,(3) 各種の運動遊びに進んで取り組み，きまりを守り誰とでも仲よく運動をしたり，健康・安全に留意したりし，意欲的に運動をする態度を養う。,82G02A2300000000
体育,3066,２　内　容,82G02A3000000000
体育,3067,"Ａ　体つくりの運動遊び
体つくりの運動遊びについて，次の事項を身に付けることができるよう指導する。",82G02A3100000000
体育,3068,(1) 次の運動遊びの楽しさに触れ，その行い方を知るとともに，体を動かす心地よさを味わったり，基本的な動きを身に付けたりすること。,82G02A3110000000
体育,3069,ア　体ほぐしの運動遊びでは，手軽な運動遊びを行い，心と体の変化に気付いたり，みんなで関わり合ったりすること。,82G02A3111000000
体育,3070,イ　多様な動きをつくる運動遊びでは，体のバランスをとる動き，体を移動する動き，用具を操作する動き，力試しの動きをすること。,82G02A3112000000
体育,3071,(2) 体をほぐしたり多様な動きをつくったりする遊び方を工夫するとともに，考えたことを友達に伝えること。,82G02A3120000000
体育,3072,(3) 運動遊びに進んで取り組み，きまりを守り誰とでも仲よく運動をしたり，場の安全に気を付けたりすること。,82G02A3130000000
体育,3073,"Ｂ　器械・器具を使っての運動遊び
器械・器具を使っての運動遊びについて，次の事項を身に付けることができるよう指導する。",82G02A3200000000
体育,3074,(1) 次の運動遊びの楽しさに触れ，その行い方を知るとともに，その動きを身に付けること。,82G02A3210000000
体育,3075,ア　固定施設を使った運動遊びでは，登り下りや懸垂移行，渡り歩きや跳び下りをすること。,82G02A3211000000
体育,3076,イ　マットを使った運動遊びでは，いろいろな方向への転がり，手で支えての体の保持や回転をすること。,82G02A3212000000
体育,3077,ウ　鉄棒を使った運動遊びでは，支持しての揺れや上がり下り，ぶら下がりや易しい回転をすること。,82G02A3213000000
体育,3078,エ　跳び箱を使った運動遊びでは，跳び乗りや跳び下り，手を着いてのまたぎ乗りやまたぎ下りをすること。,82G02A3214000000
体育,3079,(2) 器械・器具を用いた簡単な遊び方を工夫するとともに，考えたことを友達に伝えること。,82G02A3220000000
体育,3080,(3) 運動遊びに進んで取り組み，順番やきまりを守り誰とでも仲よく運動をしたり，場や器械・器具の安全に気を付けたりすること。,82G02A3230000000
体育,3081,"Ｃ　走・跳の運動遊び
走・跳の運動遊びについて，次の事項を身に付けることができるよう指導する。",82G02A3300000000
体育,3082,(1) 次の運動遊びの楽しさに触れ，その行い方を知るとともに，その動きを身に付けること。,82G02A3310000000
体育,3083,ア　走の運動遊びでは，いろいろな方向に走ったり，低い障害物を走り越えたりすること。,82G02A3311000000
体育,3084,イ　跳の運動遊びでは，前方や上方に跳んだり，連続して跳んだりすること。,82G02A3312000000
体育,3085,(2) 走ったり跳んだりする簡単な遊び方を工夫するとともに，考えたことを友達に伝えること。,82G02A3320000000
体育,3086,(3) 運動遊びに進んで取り組み，順番やきまりを守り誰とでも仲よく運動をしたり，勝敗を受け入れたり，場の安全に気を付けたりすること。,82G02A3330000000
体育,3087,"Ｄ　水遊び
水遊びについて，次の事項を身に付けることができるよう指導する。",82G02A3400000000
体育,3088,(1) 次の運動遊びの楽しさに触れ，その行い方を知るとともに，その動きを身に付けること。,82G02A3410000000
体育,3089,ア　水の中を移動する運動遊びでは，水につかって歩いたり走ったりすること。,82G02A3411000000
体育,3090,イ　もぐる・浮く運動遊びでは，息を止めたり吐いたりしながら，水にもぐったり浮いたりすること。,82G02A3412000000
体育,3091,(2) 水の中を移動したり，もぐったり浮いたりする簡単な遊び方を工夫するとともに，考えたことを友達に伝えること。,82G02A3420000000
体育,3092,(3) 運動遊びに進んで取り組み，順番やきまりを守り誰とでも仲よく運動をしたり，水遊びの心得を守って安全に気を付けたりすること。,82G02A3430000000
体育,3093,"Ｅ　ゲーム
ゲームについて，次の事項を身に付けることができるよう指導する。",82G02A3500000000
体育,3094,(1) 次の運動遊びの楽しさに触れ，その行い方を知るとともに，易しいゲームをすること。,82G02A3510000000
体育,3095,ア　ボールゲームでは，簡単なボール操作と攻めや守りの動きによって，易しいゲームをすること。,82G02A3511000000
体育,3096,イ　鬼遊びでは，一定の区域で，逃げる，追いかける，陣地を取り合うなどをすること。,82G02A3512000000
体育,3097,(2) 簡単な規則を工夫したり，攻め方を選んだりするとともに，考えたことを友達に伝えること。,82G02A3520000000
体育,3098,(3) 運動遊びに進んで取り組み，規則を守り誰とでも仲よく運動をしたり，勝敗を受け入れたり，場や用具の安全に気を付けたりすること。,82G02A3530000000
体育,3099,"Ｆ　表現リズム遊び
表現リズム遊びについて，次の事項を身に付けることができるよう指導する。",82G02A3600000000
体育,3100,(1) 次の運動遊びの楽しさに触れ，その行い方を知るとともに，題材になりきったりリズムに乗ったりして踊ること。,82G02A3610000000
体育,3101,ア　表現遊びでは，身近な題材の特徴を捉え，全身で踊ること。,82G02A3611000000
体育,3102,イ　リズム遊びでは，軽快なリズムに乗って踊ること。,82G02A3612000000
体育,3103,(2) 身近な題材の特徴を捉えて踊ったり，軽快なリズムに乗って踊ったりする簡単な踊り方を工夫するとともに，考えたことを友達に伝えること。,82G02A3620000000
体育,3104,(3) 運動遊びに進んで取り組み，誰とでも仲よく踊ったり，場の安全に気を付けたりすること。,82G02A3630000000
体育,3105,３　内容の取扱い,82G02A5000000000
体育,3106,(1) 内容の「Ａ体つくりの運動遊び」については，２学年間にわたって指導するものとする。,82G02A5100000000
体育,3107,(2) 内容の「Ｃ走・跳の運動遊び」については，児童の実態に応じて投の運動遊びを加えて指導することができる。,82G02A5200000000
体育,3108,(3) 内容の「Ｆ表現リズム遊び」の(1)のイについては，簡単なフォークダンスを含めて指導することができる。,82G02A5300000000
体育,3109,(4) 学校や地域の実態に応じて歌や運動を伴う伝承遊び及び自然の中での運動遊びを加えて指導することができる。,82G02A5400000000
体育,3110,(5) 各領域の各内容については，運動と健康が関わっていることについての具体的な考えがもてるよう指導すること。,82G02A5500000000
体育,3111,〔第３学年及び第４学年〕,82G02C0000000000
体育,3112,１　目　標,82G02C2000000000
体育,3113,(1) 各種の運動の楽しさや喜びに触れ，その行い方及び健康で安全な生活や体の発育・発達について理解するとともに，基本的な動きや技能を身に付けるようにする。,82G02C2100000000
体育,3114,(2) 自己の運動や身近な生活における健康の課題を見付け，その解決のための方法や活動を工夫するとともに，考えたことを他者に伝える力を養う。,82G02C2200000000
体育,3115,(3) 各種の運動に進んで取り組み，きまりを守り誰とでも仲よく運動をしたり，友達の考えを認めたり，場や用具の安全に留意したりし，最後まで努力して運動をする態度を養う。また，健康の大切さに気付き，自己の健康の保持増進に進んで取り組む態度を養う。　,82G02C2300000000
体育,3116,２　内　容,82G02C3000000000
体育,3117,"Ａ　体つくり運動
体つくり運動について，次の事項を身に付けることができるよう指導する。",82G02C3100000000
体育,3118,(1) 次の運動の楽しさや喜びに触れ，その行い方を知るとともに，体を動かす心地よさを味わったり，基本的な動きを身に付けたりすること。,82G02C3110000000
体育,3119,ア　体ほぐしの運動では，手軽な運動を行い，心と体の変化に気付いたり，みんなで関わり合ったりすること。,82G02C3111000000
体育,3120,イ　多様な動きをつくる運動では，体のバランスをとる動き，体を移動する動き，用具を操作する動き，力試しの動きをし，それらを組み合わせること。,82G02C3112000000
体育,3121,(2) 自己の課題を見付け，その解決のための活動を工夫するとともに，考えたことを友達に伝えること。,82G02C3120000000
体育,3122,(3) 運動に進んで取り組み，きまりを守り誰とでも仲よく運動をしたり，友達の考えを認めたり，場や用具の安全に気を付けたりすること。,82G02C3130000000
体育,3123,"Ｂ　器械運動
器械運動について，次の事項を身に付けることができるよう指導する。",82G02C3200000000
体育,3124,(1) 次の運動の楽しさや喜びに触れ，その行い方を知るとともに，その技を身に付けること。,82G02C3210000000
体育,3125,ア　マット運動では，回転系や巧技系の基本的な技をすること。,82G02C3211000000
体育,3126,イ　鉄棒運動では，支持系の基本的な技をすること。,82G02C3212000000
体育,3127,ウ　跳び箱運動では，切り返し系や回転系の基本的な技をすること。,82G02C3213000000
体育,3128,(2) 自己の能力に適した課題を見付け，技ができるようになるための活動を工夫するとともに，考えたことを友達に伝えること。,82G02C3220000000
体育,3129,(3) 運動に進んで取り組み，きまりを守り誰とでも仲よく運動をしたり，友達の考えを認めたり，場や器械・器具の安全に気を付けたりすること。,82G02C3230000000
体育,3130,"Ｃ　走・跳の運動
走・跳の運動について，次の事項を身に付けることができるよう指導する。",82G02C3300000000
体育,3131,(1) 次の運動の楽しさや喜びに触れ，その行い方を知るとともに，その動きを身に付けること。,82G02C3310000000
体育,3132,ア　かけっこ・リレーでは，調子よく走ったりバトンの受渡しをしたりすること。,82G02C3311000000
体育,3133,イ　小型ハードル走では，小型ハードルを調子よく走り越えること。,82G02C3312000000
体育,3134,ウ　幅跳びでは，短い助走から踏み切って跳ぶこと,82G02C3313000000
体育,3135,エ　高跳びでは，短い助走から踏み切って跳ぶこと。,82G02C3314000000
体育,3136,(2) 自己の能力に適した課題を見付け，動きを身に付けるための活動や競争の仕方を工夫するとともに，考えたことを友達に伝えること。,82G02C3320000000
体育,3137,(3) 運動に進んで取り組み，きまりを守り誰とでも仲よく運動をしたり，勝敗を受け入れたり，友達の考えを認めたり，場や用具の安全に気を付けたりすること。,82G02C3330000000
体育,3138,"Ｄ　水泳運動
水泳運動について，次の事項を身に付けることができるよう指導する。",82G02C3400000000
体育,3139,(1) 次の運動の楽しさや喜びに触れ，その行い方を知るとともに，その動きを身に付けること。,82G02C3410000000
体育,3140,ア　浮いて進む運動では，け伸びや初歩的な泳ぎをすること。,82G02C3411000000
体育,3141,イ　もぐる・浮く運動では，息を止めたり吐いたりしながら，いろいろなもぐり方や浮き方をすること。,82G02C3412000000
体育,3142,(2) 自己の能力に適した課題を見付け，水の中での動きを身に付けるための活動を工夫するとともに，考えたことを友達に伝えること。,82G02C3420000000
体育,3143,(3) 運動に進んで取り組み，きまりを守り誰とでも仲よく運動をしたり，友達の考えを認めたり，水泳運動の心得を守って安全に気を付けたりすること。,82G02C3430000000
体育,3144,"Ｅ　ゲーム
ゲームについて，次の事項を身に付けることができるよう指導する。",82G02C3500000000
体育,3145,(1) 次の運動の楽しさや喜びに触れ，その行い方を知るとともに，易しいゲームをすること。,82G02C3510000000
体育,3146,ア　ゴール型ゲームでは，基本的なボール操作とボールを持たないときの動きによって，易しいゲームをすること。,82G02C3511000000
体育,3147,イ　ネット型ゲームでは，基本的なボール操作とボールを操作できる位置に体を移動する動きによって，易しいゲームをすること。,82G02C3512000000
体育,3148,ウ　ベースボール型ゲームでは，蹴る，打つ，捕る，投げるなどのボール操作と得点をとったり防いだりする動きによって，易しいゲームをすること。,82G02C3513000000
体育,3149,(2) 規則を工夫したり，ゲームの型に応じた簡単な作戦を選んだりするとともに，考えたことを友達に伝えること。,82G02C3520000000
体育,3150,(3) 運動に進んで取り組み，規則を守り誰とでも仲よく運動をしたり，勝敗を受け入れたり，友達の考えを認めたり，場や用具の安全に気を付けたりすること。,82G02C3530000000
体育,3151,"Ｆ　表現運動
表現運動について，次の事項を身に付けることができるよう指導する。",82G02C3600000000
体育,3152,(1) 次の運動の楽しさや喜びに触れ，その行い方を知るとともに，表したい感じを表現したりリズムに乗ったりして踊ること。,82G02C3610000000
体育,3153,ア　表現では，身近な生活などの題材からその主な特徴を捉え，表したい感じをひと流れの動きで踊ること。,82G02C3611000000
体育,3154,イ　リズムダンスでは，軽快なリズムに乗って全身で踊ること。,82G02C3612000000
体育,3155,(2) 自己の能力に適した課題を見付け，題材やリズムの特徴を捉えた踊り方や交流の仕方を工夫するとともに，考えたことを友達に伝えること。,82G02C3620000000
体育,3156,(3) 運動に進んで取り組み，誰とでも仲よく踊ったり，友達の動きや考えを認めたり，場の安全に気を付けたりすること。,82G02C3630000000
体育,3157,Ｇ　保健,82G02C3700000000
体育,3158,(1) 健康な生活について，課題を見付け，その解決を目指した活動を通して，次の事項を身に付けることができるよう指導する。,82G0233710000000
体育,3159,ア　健康な生活について理解すること。,82G0233711000000
体育,3160,(ｱ) 心や体の調子がよいなどの健康の状態は，主体の要因や周囲の環境の要因が関わっていること。,82G0233711100000
体育,3161,(ｲ)　毎日を健康に過ごすには，運動，食事，休養及び睡眠の調和のとれた生活を続けること，また，体の清潔を保つことなどが必要であること。,82G0233711200000
体育,3162,(ｳ)　毎日を健康に過ごすには，明るさの調節，換気などの生活環境を整えることなどが必要であること。,82G0233711300000
体育,3163,イ　健康な生活について課題を見付け，その解決に向けて考え，それを表現すること。,82G0233712000000
体育,3164,(2) 体の発育・発達について，課題を見付け，その解決を目指した活動を通して，次の事項を身に付けることができるよう指導する。,82G0243720000000
体育,3165,ア　体の発育・発達について理解すること。,82G0243721000000
体育,3166,(ｱ) 体は，年齢に伴って変化すること。また，体の発育・発達には，個人差があること。,82G0243721100000
体育,3167,(ｲ) 体は，思春期になると次第に大人の体に近づき，体つきが変わったり，初経，精通などが起こったりすること。また，異性への関心が芽生えること。,82G0243721200000
体育,3168,(ｳ) 体をよりよく発育・発達させるには，適切な運動，食事，休養及び睡眠が必要であること。,82G0243721300000
体育,3169,イ　体がよりよく発育・発達するために，課題を見付け，その解決に向けて考え，それを表現すること。,82G0243722000000
体育,3170,３　内容の取扱い,82G02C5000000000
体育,3171,(1) 内容の「Ａ体つくり運動」については，２学年間にわたって指導するものとする。,82G02C5100000000
体育,3172,(2) 内容の「Ｃ走・跳の運動」については，児童の実態に応じて投の運動を加えて指導することができる。,82G02C5200000000
体育,3173,(3) 内容の「Ｅゲーム」の(1)のアについては，味方チームと相手チームが入り交じって得点を取り合うゲーム及び陣地を取り合うゲームを取り扱うものとする。,82G02C5300000000
体育,3174,(4) 内容の「Ｆ表現運動」の(1)については，学校や地域の実態に応じてフォークダンスを加えて指導することができる。,82G02C5400000000
体育,3175,(5) 内容の「Ｇ保健」については，(1)を第３学年，(2)を第４学年で指導するものとする。,82G02C5500000000
体育,3176,(6) 内容の「Ｇ保健」の(1)については，学校でも，健康診断や学校給食など様々な活動が行われていることについて触れるものとする。,82G02C5600000000
体育,3177,(7) 内容の「Ｇ保健」の(2)については，自分と他の人では発育・発達などに違いがあることに気付き，それらを肯定的に受け止めることが大切であることについて触れるものとする。,82G02C5700000000
体育,3178,(8) 各領域の各内容については，運動と健康が密接に関連していることについての具体的な考えがもてるよう指導すること。,82G02C5800000000
体育,3179,〔第５学年及び第６学年〕,82G02D0000000000
体育,3180,１　目　標,82G02D2000000000
体育,3181,(1) 各種の運動の楽しさや喜びを味わい，その行い方及び心の健康やけがの防止，病気の予防について理解するとともに，各種の運動の特性に応じた基本的な技能及び健康で安全な生活を営むための技能を身に付けるようにする。,82G02D2100000000
体育,3182,(2) 自己やグループの運動の課題や身近な健康に関わる課題を見付け，その解決のための方法や活動を工夫するとともに，自己や仲間の考えたことを他者に伝える力を養う。,82G02D2200000000
体育,3183,(3) 各種の運動に積極的に取り組み，約束を守り助け合って運動をしたり，仲間の考えや取組を認めたり，場や用具の安全に留意したりし，自己の最善を尽くして運動をする態度を養う。また，健康・安全の大切さに気付き，自己の健康の保持増進や回復に進んで取り組む態度を養う。,82G02D2300000000
体育,3184,２　内　容,82G02D3000000000
体育,3185,"Ａ　体つくり運動
体つくり運動について，次の事項を身に付けることができるよう指導する。",82G02D3100000000
体育,3186,(1) 次の運動の楽しさや喜びを味わい，その行い方を理解するとともに，体を動かす心地よさを味わったり，体の動きを高めたりすること。,82G02D3110000000
体育,3187,ア　体ほぐしの運動では，手軽な運動を行い，心と体との関係に気付いたり，仲間と関わり合ったりすること。,82G02D3111000000
体育,3188,イ　体の動きを高める運動では，ねらいに応じて，体の柔らかさ，巧みな動き，力強い動き，動きを持続する能力を高めるための運動をすること。,82G02D3112000000
体育,3189,(2) 自己の体の状態や体力に応じて，運動の行い方を工夫するとともに，自己や仲間の考えたことを他者に伝えること。,82G02D3120000000
体育,3190,(3) 運動に積極的に取り組み，約束を守り助け合って運動をしたり，仲間の考えや取組を認めたり，場や用具の安全に気を配ったりすること。,82G02D3130000000
体育,3191,"Ｂ　器械運動
器械運動について，次の事項を身に付けることができるよう指導する。",82G02D3200000000
体育,3192,(1) 次の運動の楽しさや喜びを味わい，その行い方を理解するとともに，その技を身に付けること。,82G02D3210000000
体育,3193,ア　マット運動では，回転系や巧技系の基本的な技を安定して行ったり，その発展技を行ったり，それらを繰り返したり組み合わせたりすること。,82G02D3211000000
体育,3194,イ　鉄棒運動では，支持系の基本的な技を安定して行ったり，その発展技を行ったり，それらを繰り返したり組み合わせたりすること。,82G02D3212000000
体育,3195,ウ　跳び箱運動では，切り返し系や回転系の基本的な技を安定して行ったり，その発展技を行ったりすること。,82G02D3213000000
体育,3196,(2) 自己の能力に適した課題の解決の仕方や技の組み合わせ方を工夫するとともに，自己や仲間の考えたことを他者に伝えること。,82G02D3220000000
体育,3197,(3) 運動に積極的に取り組み，約束を守り助け合って運動をしたり，仲間の考えや取組を認めたり，場や器械・器具の安全に気を配ったりすること。,82G02D3230000000
体育,3198,"Ｃ　陸上運動
陸上運動について，次の事項を身に付けることができるよう指導する。",82G02D3300000000
体育,3199,(1) 次の運動の楽しさや喜びを味わい，その行い方を理解するとともに，その技能を身に付けること。,82G02D3310000000
体育,3200,ア　短距離走・リレーでは，一定の距離を全力で走ったり，滑らかなバトンの受渡しをしたりすること。,82G02D3311000000
体育,3201,イ　ハードル走では，ハードルをリズミカルに走り越えること。,82G02D3312000000
体育,3202,ウ　走り幅跳びでは，リズミカルな助走から踏み切って跳ぶこと。,82G02D3313000000
体育,3203,エ　走り高跳びでは，リズミカルな助走から踏み切って跳ぶこと。,82G02D3314000000
体育,3204,(2) 自己の能力に適した課題の解決の仕方，競争や記録への挑戦の仕方を工夫するとともに，自己や仲間の考えたことを他者に伝えること。,82G02D3320000000
体育,3205,(3) 運動に積極的に取り組み，約束を守り助け合って運動をしたり，勝敗を受け入れたり，仲間の考えや取組を認めたり，場や用具の安全に気を配ったりすること。,82G02D3330000000
体育,3206,"Ｄ　水泳運動
水泳運動について，次の事項を身に付けることができるよう指導する。",82G02D3400000000
体育,3207,(1) 次の運動の楽しさや喜びを味わい，その行い方を理解するとともに，その技能を身に付けること。,82G02D3410000000
体育,3208,ア　クロールでは，手や足の動きに呼吸を合わせて続けて長く泳ぐこと。,82G02D3411000000
体育,3209,イ　平泳ぎでは，手や足の動きに呼吸を合わせて続けて長く泳ぐこと。,82G02D3412000000
体育,3210,ウ　安全確保につながる運動では，背浮きや浮き沈みをしながら続けて長く浮くこと。,82G02D3413000000
体育,3211,(2) 自己の能力に適した課題の解決の仕方や記録への挑戦の仕方を工夫するとともに，自己や仲間の考えたことを他者に伝えること。,82G02D3420000000
体育,3212,(3) 運動に積極的に取り組み，約束を守り助け合って運動をしたり，仲間の考えや取組を認めたり，水泳運動の心得を守って安全に気を配ったりすること。,82G02D3430000000
体育,3213,"Ｅ　ボール運動
ボール運動について，次の事項を身に付けることができるよう指導する。",82G02D3500000000
体育,3214,(1) 次の運動の楽しさや喜びを味わい，その行い方を理解するとともに，その技能を身に付け，簡易化されたゲームをすること。,82G02D3510000000
体育,3215,ア　ゴール型では，ボール操作とボールを持たないときの動きによって，簡易化されたゲームをすること。,82G02D3511000000
体育,3216,イ　ネット型では，個人やチームによる攻撃と守備によって，簡易化されたゲームをすること。,82G02D3512000000
体育,3217,ウ　ベースボール型では，ボールを打つ攻撃と隊形をとった守備によって，簡易化されたゲームをすること。,82G02D3513000000
体育,3218,(2) ルールを工夫したり，自己やチームの特徴に応じた作戦を選んだりするとともに，自己や仲間の考えたことを他者に伝えること。,82G02D3520000000
体育,3219,(3) 運動に積極的に取り組み，ルールを守り助け合って運動をしたり，勝敗を受け入れたり，仲間の考えや取組を認めたり，場や用具の安全に気を配ったりすること。,82G02D3530000000
体育,3220,"Ｆ　表現運動
表現運動について，次の事項を身に付けることができるよう指導する。",82G02D3600000000
体育,3221,(1) 次の運動の楽しさや喜びを味わい，その行い方を理解するとともに，表したい感じを表現したり踊りで交流したりすること。,82G02D3610000000
体育,3222,ア　表現では，いろいろな題材からそれらの主な特徴を捉え，表したい感じをひと流れの動きで即興的に踊ったり，簡単なひとまとまりの動きにして踊ったりすること。,82G02D3611000000
体育,3223,イ　フォークダンスでは，日本の民踊《よう》や外国の踊りから，それらの踊り方の特徴を捉え，音楽に合わせて簡単なステップや動きで踊ること。,82G02D3612000000
体育,3224,(2) 自己やグループの課題の解決に向けて，表したい内容や踊りの特徴を捉えた練習や発表・交流の仕方を工夫するとともに，自己や仲間の考えたことを他者に伝えること。,82G02D3620000000
体育,3225,(3) 運動に積極的に取り組み，互いのよさを認め合い助け合って踊ったり，場の安全に気を配ったりすること。,82G02D3630000000
体育,3226,Ｇ　保健,82G02D3700000000
体育,3227,(1) 心の健康について，課題を見付け，その解決を目指した活動を通して，次の事項を身に付けることができるよう指導する。,82G0253710000000
体育,3228,ア　心の発達及び不安や悩みへの対処について理解するとともに，簡単な対処をすること。,82G0253711000000
体育,3229,(ｱ) 心は，いろいろな生活経験を通して，年齢に伴って発達すること。,82G0253711100000
体育,3230,(ｲ) 心と体には，密接な関係があること。,82G0253711200000
体育,3231,(ｳ) 不安や悩みへの対処には，大人や友達に相談する，仲間と遊ぶ，運動をするなどいろいろな方法があること。,82G0253711300000
体育,3232,イ　心の健康について，課題を見付け，その解決に向けて思考し判断するとともに，それらを表現すること。,82G0253712000000
体育,3233,(2) けがの防止について，課題を見付け，その解決を目指した活動を通して，次の事項を身に付けることができるよう指導する。,82G0253720000000
体育,3234,ア　けがの防止に関する次の事項を理解するとともに，けがなどの簡単な手当をすること。,82G0253721000000
体育,3235,(ｱ) 交通事故や身の回りの生活の危険が原因となって起こるけがの防止には，周囲の危険に気付くこと，的確な判断の下に安全に行動すること，環境を安全に整えることが必要であること。,82G0253721100000
体育,3236,(ｲ) けがなどの簡単な手当は，速やかに行う必要があること。,82G0253721200000
体育,3237,イ　けがを防止するために，危険の予測や回避の方法を考え，それらを表現すること。,82G0253722000000
体育,3238,(3) 病気の予防について，課題を見付け，その解決を目指した活動を通して，次の事項を身に付けることができるよう指導する。,82G0263730000000
体育,3239,ア　病気の予防について理解すること。,82G0263731000000
体育,3240,(ｱ) 病気は，病原体，体の抵抗力，生活行動，環境が関わりあって起こること。,82G0263731100000
体育,3241,(ｲ) 病原体が主な要因となって起こる病気の予防には，病原体が体に入るのを防ぐことや病原体に対する体の抵抗力を高めることが必要であること。,82G0263731200000
体育,3242,(ｳ) 生活習慣病など生活行動が主な要因となって起こる病気の予防には，適切な運動，栄養の偏りのない食事をとること，口腔《こう》の衛生を保つことなど，望ましい生活習慣を身に付ける必要があること。,82G0263731300000
体育,3243,(ｴ) 喫煙，飲酒，薬物乱用などの行為は，健康を損なう原因となること。,82G0263731400000
体育,3244,(ｵ) 地域では，保健に関わる様々な活動が行われていること。 ,82G0263731500000
体育,3245,イ　病気を予防するために，課題を見付け，その解決に向けて思考し判断するとともに，それらを表現すること。,82G0263732000000
体育,3246,３　内容の取扱い,82G02D5000000000
体育,3247,(1) 内容の「Ａ体つくり運動」については，２学年間にわたって指導するものとする。また，(1)のイについては，体の柔らかさ及び巧みな動きを高めることに重点を置いて指導するものとする。その際，音楽に合わせて運動をするなどの工夫を図ること。,82G02D5100000000
体育,3248,(2) 内容の「Ａ体つくり運動」の(1)のアと「Ｇ保健」の(1)のアの(ｳ)については，相互の関連を図って指導するものとする。,82G02D5200000000
体育,3249,(3) 内容の「Ｃ陸上運動」については，児童の実態に応じて，投の運動を加えて指導することができる。,82G02D5300000000
体育,3250,(4) 内容の「Ｄ水泳運動」の(1)のア及びイについては，水中からのスタートを指導するものとする。また，学校の実態に応じて背泳ぎを加えて指導することができる。,82G02D5400000000
体育,3251,(5) 内容の「Ｅボール運動」の(1)については，アはバスケットボール及びサッカーを，イはソフトバレーボールを，ウはソフトボールを主として取り扱うものとするが，これらに替えてハンドボール，タグラグビー，フラッグフットボールなどア，イ及びウの型に応じたその他のボール運動を指導することもできるものとする。なお，学校の実態に応じてウは取り扱わないことができる。,82G02D5500000000
体育,3252,(6) 内容の「Ｆ表現運動」の(1)については，学校や地域の実態に応じてリズムダンスを加えて指導することができる。,82G02D5600000000
体育,3253,(7) 内容の「Ｇ保健」については，(1)及び(2)を第５学年，(3)を第６学年で指導するものとする。また，けがや病気からの回復についても触れるものとする。,82G02D5700000000
体育,3254,(8) 内容の「Ｇ保健」の(3)のアの(ｴ)の薬物については，有機溶剤の心身への影響を中心に取り扱うものとする。また，覚醒剤等についても触れるものとする。,82G0265800000000
体育,3255,(9) 各領域の各内容については，運動領域と保健領域との関連を図る指導に留意すること。,82G02D5900000000
体育,3256,第３　指導計画の作成と内容の取扱い,82G0300000000000
体育,3257,１　指導計画の作成に当たっては，次の事項に配慮するものとする。,82G0300100000000
体育,3258,(1) 単元など内容や時間のまとまりを見通して，その中で育む資質・能力の育成に向けて，児童の主体的・対話的で深い学びの実現を図るようにすること。その際，体育や保健の見方・考え方を働かせ，運動や健康についての自己の課題を見付け，その解決のための活動を選んだり工夫したりする活動の充実を図ること。また，運動の楽しさや喜びを味わったり，健康の大切さを実感したりすることができるよう留意すること。,82G0300110000000
体育,3259,(2) 一部の領域の指導に偏ることのないよう授業時数を配当すること。,82G0300120000000
体育,3260,(3) 第２の第３学年及び第４学年の内容の「Ｇ保健」に配当する授業時数は，２学年間で８単位時間程度，また，第２の第５学年及び第６学年の内容の「Ｇ保健」に配当する授業時数は，２学年間で16単位時間程度とすること。,82G03L0130000000
体育,3261,(4) 第２の第３学年及び第４学年の内容の「Ｇ保健」並びに第５学年及び第６学年の内容の「Ｇ保健」（以下「保健」という。）については，効果的な学習が行われるよう適切な時期に，ある程度まとまった時間を配当すること。,82G03L0140000000
体育,3262,(5) 低学年においては，第１章総則の第２の４の(1)を踏まえ，他教科等との関連を積極的に図り，指導の効果を高めるようにするとともに，幼稚園教育要領等に示す幼児期の終わりまでに育ってほしい姿との関連を考慮すること。特に，小学校入学当初においては，生活科を中心とした合科的・関連的な指導や，弾力的な時間割の設定を行うなどの工夫をすること。,82G03A0150000000
体育,3263,(6) 障害のある児童などについては，学習活動を行う場合に生じる困難さに応じた指導内容や指導方法の工夫を計画的，組織的に行うこと。,82G0300160000000
体育,3264,(7) 第１章総則の第１の２の(2)に示す道徳教育の目標に基づき，道徳科などとの関連を考慮しながら，第３章特別の教科道徳の第２に示す内容について，体育科の特質に応じて適切な指導をすること。,82G0300170000000
体育,3265,２　第２の内容の取扱いについては，次の事項に配慮するものとする。,82G0300200000000
体育,3266,(1)学校や地域の実態を考慮するとともに，個々の児童の運動経験や技能の程度などに応じた指導や児童自らが運動の課題の解決を目指す活動を行えるよう工夫すること。特に，運動を苦手と感じている児童や，運動に意欲的に取り組まない児童への指導を工夫するとともに，障害のある児童などへの指導の際には，周りの児童が様々な特性を尊重するよう指導すること。,82G0300210000000
体育,3267,(2) 筋道を立てて練習や作戦について話し合うことや，身近な健康の保持増進について話し合うことなど，コミュニケーション能力や論理的な思考力の育成を促すための言語活動を積極的に行うことに留意すること。,82G0300220000000
体育,3268,(3) 第２の内容の指導に当たっては，コンピュータや情報通信ネットワークなどの情報手段を積極的に活用し，各領域の特質に応じた学習活動を行うことができるように工夫すること。その際，情報機器の基本的な操作についても，内容に応じて取り扱うこと。,82G0300230000000
体育,3269,(4) 運動領域におけるスポーツとの多様な関わり方や保健領域の指導については，具体的な体験を伴う学習を取り入れるよう工夫すること。,82G0300240000000
体育,3270,(5) 第２の内容の「Ａ体つくりの運動遊び」及び「Ａ体つくり運動」の(1)のアについては，各学年の各領域においてもその趣旨を生かした指導ができること。,82G0300250000000
体育,3271,(6) 第２の内容の「Ｄ水遊び」及び「Ｄ水泳運動」の指導については，適切な水泳場の確保が困難な場合にはこれらを取り扱わないことができるが，これらの心得については，必ず取り上げること。,82G0300260000000
体育,3272,(7) オリンピック・パラリンピックに関する指導として，フェアなプレイを大切にするなど，児童の発達の段階に応じて，各種の運動を通してスポーツの意義や価値等に触れることができるようにすること。,82G0300270000000
体育,3273,(8) 集合，整頓，列の増減などの行動の仕方を身に付け，能率的で安全な集団としての行動ができるようにするための指導については，第２の内容の「Ａ体つくりの運動遊び」及び「Ａ体つくり運動」をはじめとして，各学年の各領域（保健を除く。）において適切に行うこと。,82G0300280000000
体育,3274,(9) 自然との関わりの深い雪遊び，氷上遊び，スキー，スケート，水辺活動などの指導については，学校や地域の実態に応じて積極的に行うことに留意すること。,82G0300290000000
体育,3275,(10)　保健の内容のうち運動，食事，休養及び睡眠については，食育の観点も踏まえつつ，健康的な生活習慣の形成に結び付くよう配慮するとともに，保健を除く第３学年以上の各領域及び学校給食に関する指導においても関連した指導を行うようにすること。,82G03002A0000000
体育,3276,(11)　保健の指導に当たっては，健康に関心をもてるようにし，健康に関する課題を解決する学習活動を取り入れるなどの指導方法の工夫を行うこと。,82G03002B0000000
外国語,3277,第10節　外国語,82H00D0000000000
外国語,3278,"第１　目　標
外国語によるコミュニケーションにおける見方・考え方を働かせ，外国語による聞くこと，読むこと，話すこと，書くことの言語活動を通して，コミュニケーションを図る基礎となる資質・能力を次のとおり育成することを目指す。",82H01D0000000000
外国語,3279,(1) 外国語の音声や文字，語彙，表現，文構造，言語の働きなどについて，日本語と外国語との違いに気付き，これらの知識を理解するとともに，読むこと，書くことに慣れ親しみ，聞くこと，読むこと，話すこと，書くことによる実際のコミュニケーションにおいて活用できる基礎的な技能を身に付けるようにする。,82H01D0100000000
外国語,3280,(2) コミュニケーションを行う目的や場面，状況などに応じて，身近で簡単な事柄について，聞いたり話したりするとともに，音声で十分に慣れ親しんだ外国語の語彙や基本的な表現を推測しながら読んだり，語順を意識しながら書いたりして，自分の考えや気持ちなどを伝え合うことができる基礎的な力を養う。,82H01D0200000000
外国語,3281,(3) 外国語の背景にある文化に対する理解を深め，他者に配慮しながら，主体的に外国語を用いてコミュニケーションを図ろうとする態度を養う。,82H01D0300000000
外国語,3282,第２　各言語の目標及び内容等,82H02D0000000000
外国語,3283,英語,82H12D0000000000
外国語,3284,"１　目　標
英語学習の特質を踏まえ，以下に示す，聞くこと，読むこと，話すこと［やり取り］，話すこと［発表］，書くことの五つの領域別に設定する目標の実現を目指した指導を通して，第１の(1)及び(2)に示す資質・能力を一体的に育成するとともに，その過程を通して，第１の(3)に示す資質・能力を育成する。",82H12D2000000000
外国語,3285,(1) 聞くこと,82H12D2100000000
外国語,3286,ア  ゆっくりはっきりと話されれば，自分のことや身近で簡単な事柄について，簡単な語句や基本的な表現を聞き取ることができるようにする。,82H12D2110000000
外国語,3287,イ  ゆっくりはっきりと話されれば，日常生活に関する身近で簡単な事柄について，具体的な情報を聞き取ることができるようにする。,82H12D2120000000
外国語,3288,ウ  ゆっくりはっきりと話されれば，日常生活に関する身近で簡単な事柄について，短い話の概要を捉えることができるようにする。,82H12D2130000000
外国語,3289,(2) 読むこと,82H12D2200000000
外国語,3290,ア  活字体で書かれた文字を識別し，その読み方を発音することができるようにする。,82H12D2210000000
外国語,3291,イ  音声で十分に慣れ親しんだ簡単な語句や基本的な表現の意味が分かるようにする。,82H12D2220000000
外国語,3292,(3) 話すこと［やり取り］,82H12D2300000000
外国語,3293,ア  基本的な表現を用いて指示，依頼をしたり，それらに応じたりすることができるようにする。,82H12D2310000000
外国語,3294,イ  日常生活に関する身近で簡単な事柄について，自分の考えや気持ちなどを，簡単な語句や基本的な表現を用いて伝え合うことができるようにする。,82H12D2320000000
外国語,3295,ウ  自分や相手のこと及び身の回りの物に関する事柄について，簡単な語句や基本的な表現を用いてその場で質問をしたり質問に答えたりして，伝え合うことができるようにする。,82H12D2330000000
外国語,3296,(4) 話すこと［発表］,82H12D2400000000
外国語,3297,ア  日常生活に関する身近で簡単な事柄について，簡単な語句や基本的な表現を用いて話すことができるようにする。,82H12D2410000000
外国語,3298,イ  自分のことについて，伝えようとする内容を整理した上で，簡単な語句や基本的な表現を用いて話すことができるようにする。,82H12D2420000000
外国語,3299,ウ  身近で簡単な事柄について，伝えようとする内容を整理した上で，自分の考えや気持ちなどを，簡単な語句や基本的な表現を用いて話すことができるようにする。,82H12D2430000000
外国語,3300,(5) 書くこと,82H12D2500000000
外国語,3301,ア  大文字，小文字を活字体で書くことができるようにする。また，語順を意識しながら音声で十分に慣れ親しんだ簡単な語句や基本的な表現を書き写すことができるようにする。,82H12D2510000000
外国語,3302,イ  自分のことや身近で簡単な事柄について，例文を参考に，音声で十分に慣れ親しんだ簡単な語句や基本的な表現を用いて書くことができるようにする。,82H12D2520000000
外国語,3303,２　内　容,82H12D3000000000
外国語,3304,〔第５学年及び第６学年〕,82H12D3000000010
外国語,3305,〔知識及び技能〕,82H12D3100000000
外国語,3306,"(1) 英語の特徴やきまりに関する事項
実際に英語を用いた言語活動を通して，次に示す言語材料のうち，１に示す五つの領域別の目標を達成するのにふさわしいものについて理解するとともに，言語材料と言語活動とを効果的に関連付け，実際のコミュニケーションにおいて活用できる技能を身に付けることができるよう指導する。",82H12D3110000000
外国語,3307,"ア　音声
次に示す事項のうち基本的な語や句，文について取り扱うこと。",82H12D3111000000
外国語,3308,(ｱ) 現代の標準的な発音,82H12D3111100000
外国語,3309,(ｲ) 語と語の連結による音の変化,82H12D3111200000
外国語,3310,(ｳ) 語や句，文における基本的な強勢,82H12D3111300000
外国語,3311,(ｴ) 文における基本的なイントネーション,82H12D3111400000
外国語,3312,(ｵ) 文における基本的な区切り,82H12D3111500000
外国語,3313,イ　文字及び符号,82H12D3112000000
外国語,3314,(ｱ) 活字体の大文字，小文字,82H12D3112100000
外国語,3315,(ｲ) 終止符や疑問符，コンマなどの基本的な符号,82H12D3112200000
外国語,3316,ウ　語，連語及び慣用表現,82H12D3113000000
外国語,3317,(ｱ) １に示す五つの領域別の目標を達成するために必要となる，第３学年及び第４学年において第４章外国語活動を履修する際に取り扱った語を含む600～700語程度の語,82H12D3113100000
外国語,3318,(ｲ) 連語のうち，get up，look atなどの活用頻度の高い基本的なもの,82H12D3113200000
外国語,3319,(ｳ) 慣用表現のうち，excuse me，I see，I'm sorry，thank you，you're welcomeなどの活用頻度の高い基本的なもの,82H12D3113300000
外国語,3320,"エ　文及び文構造
次に示す事項について，日本語と英語の語順の違い等に気付かせるとともに，基本的な表現として，意味のある文脈でのコミュニケーションの中で繰り返し触れることを通して活用すること。",82H12D3114000000
外国語,3321,(ｱ) 文,82H12D3114100000
外国語,3322,a 　単文,82H12D3114110000
外国語,3323,b 　肯定，否定の平叙文,82H12D3114120000
外国語,3324,c 　肯定，否定の命令文,82H12D3114130000
外国語,3325,d 　疑問文のうち，be動詞で始まるものや助動詞（can，doなど）で始まるもの，疑問詞（who，what，when，where，why，how）で始まるもの,82H12D3114140000
外国語,3326,e　 代名詞のうち，I，you，he，sheなどの基本的なものを含むもの,82H12D3114150000
外国語,3327,f　 動名詞や過去形のうち，活用頻度の高い基本的なものを含むもの,82H12D3114160000
外国語,3328,(ｲ) 文構造,82H12D3114200000
外国語,3329,a 　［主語＋動詞］,82H12D3114210000
外国語,3330,"b 　［主語＋動詞＋補語］のうち，
  主語＋be動詞＋{名詞∥代名詞∥形容詞}　　",82H12D3114220000
外国語,3331,"c 　［主語＋動詞＋目的語］のうち，
  主語＋動詞＋{名詞∥代名詞}　　　　　　　　　　",82H12D3114230000
外国語,3332,〔思考力，判断力，表現力等〕,82H12D3200000000
外国語,3333,"(2) 情報を整理しながら考えなどを形成し，英語で表現したり，伝え合ったりすることに関する事項
具体的な課題等を設定し，コミュニケーションを行う目的や場面，状況などに応じて，情報を整理しながら考えなどを形成し，これらを表現することを通して，次の事項を身に付けることができるよう指導する。",82H12D3210000000
外国語,3334,ア　身近で簡単な事柄について，伝えようとする内容を整理した上で，簡単な語句や基本的な表現を用いて，自分の考えや気持ちなどを伝え合うこと。,82H12D3211000000
外国語,3335,イ　身近で簡単な事柄について，音声で十分に慣れ親しんだ簡単な語句や基本的な表現を推測しながら読んだり，語順を意識しながら書いたりすること。,82H12D3212000000
外国語,3336,(3) 言語活動及び言語の働きに関する事項,82H12D3220000000
外国語,3337,"①　言語活動に関する事項
(2)に示す事項については，(1)に示す事項を活用して，例えば次のような言語活動を通して指導する。",82H12D3221000000
外国語,3338,ア　聞くこと,82H12D3221100000
外国語,3339,(ｱ) 自分のことや学校生活など，身近で簡単な事柄について，簡単な語句や基本的な表現を聞いて，それらを表すイラストや写真などと結び付ける活動。,82H12D3221110000
外国語,3340,(ｲ) 日付や時刻，値段などを表す表現など，日常生活に関する身近で簡単な事柄について，具体的な情報を聞き取る活動。,82H12D3221120000
外国語,3341,(ｳ) 友達や家族，学校生活など，身近で簡単な事柄について，簡単な語句や基本的な表現で話される短い会話や説明を，イラストや写真などを参考にしながら聞いて，必要な情報を得る活動。,82H12D3221130000
外国語,3342,イ　読むこと,82H12D3221200000
外国語,3343,(ｱ) 活字体で書かれた文字を見て，どの文字であるかやその文字が大文字であるか小文字であるかを識別する活動。,82H12D3221210000
外国語,3344,(ｲ) 活字体で書かれた文字を見て，その読み方を適切に発音する活動。,82H12D3221220000
外国語,3345,(ｳ) 日常生活に関する身近で簡単な事柄を内容とする掲示やパンフレットなどから，自分が必要とする情報を得る活動。,82H12D3221230000
外国語,3346,(ｴ) 音声で十分に慣れ親しんだ簡単な語句や基本的な表現を，絵本などの中から識別する活動。,82H12D3221240000
外国語,3347,ウ　話すこと［やり取り］,82H12D3221300000
外国語,3348,(ｱ) 初対面の人や知り合いと挨拶を交わしたり，相手に指示や依頼をして，それらに応じたり断ったりする活動。,82H12D3221310000
外国語,3349,(ｲ) 日常生活に関する身近で簡単な事柄について，自分の考えや気持ちなどを伝えたり，簡単な質問をしたり質問に答えたりして伝え合う活動。,82H12D3221320000
外国語,3350,(ｳ) 自分に関する簡単な質問に対してその場で答えたり，相手に関する簡単な質問をその場でしたりして，短い会話をする活動。,82H12D3221330000
外国語,3351,エ　話すこと［発表］,82H12D3221400000
外国語,3352,(ｱ) 時刻や日時，場所など，日常生活に関する身近で簡単な事柄を話す活動。,82H12D3221410000
外国語,3353,(ｲ) 簡単な語句や基本的な表現を用いて，自分の趣味や得意なことなどを含めた自己紹介をする活動。,82H12D3221420000
外国語,3354,(ｳ) 簡単な語句や基本的な表現を用いて，学校生活や地域に関することなど，身近で簡単な事柄について，自分の考えや気持ちなどを話す活動。,82H12D3221430000
外国語,3355,オ　書くこと,82H12D3221500000
外国語,3356,(ｱ) 文字の読み方が発音されるのを聞いて，活字体の大文字，小文字を書く活動。,82H12D3221510000
外国語,3357,(ｲ) 相手に伝えるなどの目的を持って，身近で簡単な事柄について，音声で十分に慣れ親しんだ簡単な語句を書き写す活動。,82H12D3221520000
外国語,3358,(ｳ) 相手に伝えるなどの目的を持って，語と語の区切りに注意して，身近で簡単な事柄について，音声で十分に慣れ親しんだ基本的な表現を書き写す活動。,82H12D3221530000
外国語,3359,(ｴ) 相手に伝えるなどの目的を持って，名前や年齢，趣味，好き嫌いなど，自分に関する簡単な事柄について，音声で十分に慣れ親しんだ簡単な語句や基本的な表現を用いた例の中から言葉を選んで書く活動。,82H12D3221540000
外国語,3360,"②　言語の働きに関する事項
言語活動を行うに当たり，主として次に示すような言語の使用場面や言語の働きを取り上げるようにする。",82H12D3222000000
外国語,3361,ア　言語の使用場面の例,82H12D3222100000
外国語,3362,(ｱ) 児童の身近な暮らしに関わる場面,82H12D3222110000
外国語,3363,・　家庭での生活　,82H12D3222111000
外国語,3364,・　学校での学習や活動,82H12D3222112000
外国語,3365,・　地域の行事,82H12D3222113000
外国語,3366,など,82H12D3222114000
外国語,3367,(ｲ) 特有の表現がよく使われる場面,82H12D3222120000
外国語,3368,・　挨拶,82H12D3222121000
外国語,3369,・　自己紹介,82H12D3222122000
外国語,3370,・　買物,82H12D3222123000
外国語,3371,・　食事,82H12D3222124000
外国語,3372,・　道案内,82H12D3222125000
外国語,3373,・　旅行,82H12D3222126000
外国語,3374,など,82H12D3222127000
外国語,3375,イ　言語の働きの例,82H12D3222200000
外国語,3376,(ｱ) コミュニケーションを円滑にする,82H12D3222210000
外国語,3377,・　挨拶をする,82H12D3222211000
外国語,3378,・　呼び掛ける,82H12D3222212000
外国語,3379,・　相づちを打つ,82H12D3222213000
外国語,3380,・　聞き直す,82H12D3222214000
外国語,3381,・　繰り返す,82H12D3222215000
外国語,3382,など,82H12D3222216000
外国語,3383,(ｲ) 気持ちを伝える,82H12D3222220000
外国語,3384,・　礼を言う,82H12D3222221000
外国語,3385,・　褒める,82H12D3222222000
外国語,3386,・　謝る,82H12D3222223000
外国語,3387,など,82H12D3222224000
外国語,3388,(ｳ) 事実・情報を伝える,82H12D3222230000
外国語,3389,・　説明する,82H12D3222231000
外国語,3390,・　報告する,82H12D3222232000
外国語,3391,・　発表する,82H12D3222233000
外国語,3392,など,82H12D3222234000
外国語,3393,(ｴ) 考えや意図を伝える,82H12D3222240000
外国語,3394,・　申し出る,82H12D3222241000
外国語,3395,・　意見を言う,82H12D3222242000
外国語,3396,・　賛成する,82H12D3222243000
外国語,3397,・　承諾する,82H12D3222244000
外国語,3398,・　断る,82H12D3222245000
外国語,3399,など,82H12D3222246000
外国語,3400,(ｵ) 相手の行動を促す,82H12D3222250000
外国語,3401,・　質問する,82H12D3222251000
外国語,3402,・　依頼する,82H12D3222252000
外国語,3403,・　命令する,82H12D3222253000
外国語,3404,など,82H12D3222254000
外国語,3405,３　指導計画の作成と内容の取扱い,82H12D6000000000
外国語,3406,(1) 指導計画の作成に当たっては，第３学年及び第４学年並びに中学校及び高等学校における指導との接続に留意しながら，次の事項に配慮するものとする。,82H12D6100000000
外国語,3407,ア　単元など内容や時間のまとまりを見通して，その中で育む資質・能力の育成に向けて，児童の主体的・対話的で深い学びの実現を図るようにすること。その際，具体的な課題等を設定し，児童が外国語によるコミュニケーションにおける見方・考え方を働かせながら，コミュニケーションの目的や場面，状況などを意識して活動を行い，英語の音声や語彙，表現などの知識を，五つの領域における実際のコミュニケーションにおいて活用する学習の充実を図ること。,82H12D6110000000
外国語,3408,イ　学年ごとの目標を適切に定め，２学年間を通じて外国語科の目標の実現を図るようにすること。,82H12D6120000000
外国語,3409,ウ　実際に英語を使用して互いの考えや気持ちを伝え合うなどの言語活動を行う際は，２の(1)に示す言語材料について理解したり練習したりするための指導を必要に応じて行うこと。また，第３学年及び第４学年において第４章外国語活動を履修する際に扱った簡単な語句や基本的な表現などの学習内容を繰り返し指導し定着を図ること。,82H12D6130000000
外国語,3410,エ　児童が英語に多く触れることが期待される英語学習の特質を踏まえ，必要に応じて，特定の事項を取り上げて第１章総則の第２の３の(2)のウの(ｲ)に掲げる指導を行うことにより，指導の効果を高めるよう工夫すること。このような指導を行う場合には，当該指導のねらいやそれを関連付けて指導を行う事項との関係を明確にするとともに，単元など内容や時間のまとまりを見通して，資質・能力が偏りなく育成されるよう計画的に指導すること。,82H12D6140000000
外国語,3411,オ　言語活動で扱う題材は，児童の興味・関心に合ったものとし，国語科や音楽科，図画工作科など，他の教科等で児童が学習したことを活用したり，学校行事で扱う内容と関連付けたりするなどの工夫をすること。,82H12D6150000000
外国語,3412,カ　障害のある児童などについては，学習活動を行う場合に生じる困難さに応じた指導内容や指導方法の工夫を計画的，組織的に行うこと。,82H12D6160000000
外国語,3413,キ　学級担任の教師又は外国語を担当する教師が指導計画を作成し，授業を実施するに当たっては，ネイティブ・スピーカーや英語が堪能な地域人材などの協力を得る等，指導体制の充実を図るとともに，指導方法の工夫を行うこと。,82H12D6170000000
外国語,3414,(2) ２の内容の取扱いについては，次の事項に配慮するものとする。,82H12D6200000000
外国語,3415,ア　２の(1)に示す言語材料については，平易なものから難しいものへと段階的に指導すること。また，児童の発達の段階に応じて，聞いたり読んだりすることを通して意味を理解できるように指導すべき事項と，話したり書いたりして表現できるように指導すべき事項とがあることに留意すること。,82H12D6210000000
外国語,3416,イ　音声指導に当たっては，日本語との違いに留意しながら，発音練習などを通して２の(1)のアに示す言語材料を指導すること。また，音声と文字とを関連付けて指導すること。,82H12D6220000000
外国語,3417,ウ　文や文構造の指導に当たっては，次の事項に留意すること。,82H12D6230000000
外国語,3418,(ｱ) 児童が日本語と英語との語順等の違いや，関連のある文や文構造のまとまりを認識できるようにするために，効果的な指導ができるよう工夫すること。,82H12D6231000000
外国語,3419,(ｲ) 文法の用語や用法の指導に偏ることがないよう配慮して，言語活動と効果的に関連付けて指導すること。,82H12D6232000000
外国語,3420,エ　身近で簡単な事柄について，友達に質問をしたり質問に答えたりする力を育成するため，ペア・ワーク，グループ・ワークなどの学習形態について適宜工夫すること。その際，他者とコミュニケーションを行うことに課題がある児童については，個々の児童の特性に応じて指導内容や指導方法を工夫すること。,82H12D6240000000
外国語,3421,オ　児童が身に付けるべき資質・能力や児童の実態，教材の内容などに応じて，視聴覚教材やコンピュータ，情報通信ネットワーク，教育機器などを有効活用し，児童の興味・関心をより高め，指導の効率化や言語活動の更なる充実を図るようにすること。,82H12D6250000000
外国語,3422,カ　各単元や各時間の指導に当たっては，コミュニケーションを行う目的，場面，状況などを明確に設定し，言語活動を通して育成すべき資質・能力を明確に示すことにより，児童が学習の見通しを立てたり，振り返ったりすることができるようにすること。,82H12D6260000000
外国語,3423,(3) 教材については，次の事項に留意するものとする。,82H12D6300000000
外国語,3424,ア　教材は，聞くこと，読むこと，話すこと［やり取り］，話すこと［発表］，書くことなどのコミュニケーションを図る基礎となる資質・能力を総合的に育成するため，１に示す五つの領域別の目標と２に示す内容との関係について，単元など内容や時間のまとまりごとに各教材の中で明確に示すとともに，実際の言語の使用場面や言語の働きに十分配慮した題材を取り上げること。,82H12D6310000000
外国語,3425,イ　英語を使用している人々を中心とする世界の人々や日本人の日常生活，風俗習慣，物語，地理，歴史，伝統文化，自然などに関するものの中から，児童の発達の段階や興味・関心に即して適切な題材を変化をもたせて取り上げるものとし，次の観点に配慮すること。,82H12D6320000000
外国語,3426,(ｱ) 多様な考え方に対する理解を深めさせ，公正な判断力を養い豊かな心情を育てることに役立つこと。,82H12D6321000000
外国語,3427,(ｲ) 我が国の文化や，英語の背景にある文化に対する関心を高め，理解を深めようとする態度を養うことに役立つこと。,82H12D6322000000
外国語,3428,(ｳ) 広い視野から国際理解を深め，国際社会と向き合うことが求められている我が国の一員としての自覚を高めるとともに，国際協調の精神を養うことに役立つこと。,82H12D6323000000
外国語,3429,その他の外国語,82H22D0000000000
外国語,3430,その他の外国語については，英語の１に示す五つの領域別の目標，２に示す内容及び３に示す指導計画の作成と内容の取扱いに準じて指導を行うものとする。,82H22D0100000000
外国語,3431,第３　指導計画の作成と内容の取扱い,82H03D0000000000
外国語,3432,１　外国語科においては，英語を履修させることを原則とすること。,82H03D0100000000
外国語,3433,２　第１章総則の第１の２の(2)に示す道徳教育の目標に基づき，道徳科などとの関連を考慮しながら，第３章特別の教科道徳の第２に示す内容について，外国語科の特質に応じて適切な指導をすること。,82H03D0200000000
特別の教科　道徳,3434,第３章　特別の教科　道徳,82K0000000000000
特別の教科　道徳,3435,"第１　目　標
第１章総則の第１の２の(2)に示す道徳教育の目標に基づき，よりよく生きるための基盤となる道徳性を養うため，道徳的諸価値についての理解を基に，自己を見つめ，物事を多面的・多角的に考え，自己の生き方についての考えを深める学習を通して，道徳的な判断力，心情，実践意欲と態度を育てる。",82K0100000000000
特別の教科　道徳,3436,"第２　内　容
学校の教育活動全体を通じて行う道徳教育の要である道徳科においては，以下に示す項目について扱う。",82K0400000000000
特別の教科　道徳,3437,Ａ　主として自分自身に関すること,82K0400100000000
特別の教科　道徳,3438,［善悪の判断，自律，自由と責任］,82K0400110000000
特別の教科　道徳,3439,"〔第１学年及び第２学年〕
よいことと悪いこととの区別をし，よいと思うことを進んで行うこと。",82K04A0111000000
特別の教科　道徳,3440,"〔第３学年及び第４学年〕
正しいと判断したことは，自信をもって行うこと。",82K04C0112000000
特別の教科　道徳,3441,"〔第５学年及び第６学年〕 
自由を大切にし，自律的に判断し，責任のある行動をすること。",82K04D0113000000
特別の教科　道徳,3442,［正直，誠実］,82K0400120000000
特別の教科　道徳,3443,"〔第１学年及び第２学年〕
うそをついたりごまかしをしたりしないで，素直に伸び伸びと生活すること。",82K04A0121000000
特別の教科　道徳,3444,"〔第３学年及び第４学年〕
過ちは素直に改め，正直に明るい心で生活すること。",82K04C0122000000
特別の教科　道徳,3445,"〔第５学年及び第６学年〕 
誠実に，明るい心で生活すること。",82K04D0123000000
特別の教科　道徳,3446,［節度，節制］,82K0400130000000
特別の教科　道徳,3447,"〔第１学年及び第２学年〕
健康や安全に気を付け，物や金銭を大切にし，身の回りを整え，わがままをしないで，規則正しい生活をすること。",82K04A0131000000
特別の教科　道徳,3448,"〔第３学年及び第４学年〕
自分でできることは自分でやり，安全に気を付け，よく考えて行動し，節度のある生活をすること。",82K04C0132000000
特別の教科　道徳,3449,"〔第５学年及び第６学年〕 
安全に気を付けることや，生活習慣の大切さについて理解し，自分の生活を見直し，節度を守り節制に心掛けること。",82K04D0133000000
特別の教科　道徳,3450,［個性の伸長］,82K0400140000000
特別の教科　道徳,3451,"〔第１学年及び第２学年〕
自分の特徴に気付くこと。",82K04A0141000000
特別の教科　道徳,3452,"〔第３学年及び第４学年〕
自分の特徴に気付き，長所を伸ばすこと。",82K04C0142000000
特別の教科　道徳,3453,"〔第５学年及び第６学年〕 
自分の特徴を知って，短所を改め長所を伸ばすこと。",82K04D0143000000
特別の教科　道徳,3454,［希望と勇気，努力と強い意志］,82K0400150000000
特別の教科　道徳,3455,"〔第１学年及び第２学年〕
自分のやるべき勉強や仕事をしっかりと行うこと。",82K04A0151000000
特別の教科　道徳,3456,"〔第３学年及び第４学年〕
自分でやろうと決めた目標に向かって，強い意志をもち，粘り強くやり抜くこと。",82K04C0152000000
特別の教科　道徳,3457,"〔第５学年及び第６学年〕 
より高い目標を立て，希望と勇気をもち，困難があってもくじけずに努力して物事をやり抜くこと。",82K04D0153000000
特別の教科　道徳,3458,［真理の探究］,82K04D0160000000
特別の教科　道徳,3459,"〔第５学年及び第６学年〕 
真理を大切にし，物事を探究しようとする心をもつこと。",82K04D0163000000
特別の教科　道徳,3460,Ｂ　主として人との関わりに関すること,82K0400200000000
特別の教科　道徳,3461,［親切，思いやり］,82K0400210000000
特別の教科　道徳,3462,"〔第１学年及び第２学年〕
身近にいる人に温かい心で接し，親切にすること。",82K04A0211000000
特別の教科　道徳,3463,"〔第３学年及び第４学年〕 
相手のことを思いやり，進んで親切にすること。",82K04C0212000000
特別の教科　道徳,3464,"〔第５学年及び第６学年〕 
誰に対しても思いやりの心をもち，相手の立場に立って親切にすること。",82K04D0213000000
特別の教科　道徳,3465,［感謝］,82K0400220000000
特別の教科　道徳,3466,"〔第１学年及び第２学年〕
家族など日頃世話になっている人々に感謝すること。",82K04A0221000000
特別の教科　道徳,3467,"〔第３学年及び第４学年〕
家族など生活を支えてくれている人々や現在の生活を築いてくれた高齢者に，尊敬と感謝の気持ちをもって接すること。",82K04C0222000000
特別の教科　道徳,3468,"〔第５学年及び第６学年〕 
日々の生活が家族や過去からの多くの人々の支え合いや助け合いで成り立っていることに感謝し，それに応えること。",82K04D0223000000
特別の教科　道徳,3469,［礼儀］,82K0400230000000
特別の教科　道徳,3470,"〔第１学年及び第２学年〕
気持ちのよい挨拶，言葉遣い，動作などに心掛けて，明るく接すること。",82K04A0231000000
特別の教科　道徳,3471,"〔第３学年及び第４学年〕
礼儀の大切さを知り，誰に対しても真心をもって接すること。",82K04C0232000000
特別の教科　道徳,3472,"〔第５学年及び第６学年〕 
時と場をわきまえて，礼儀正しく真心をもって接すること。",82K04D0233000000
特別の教科　道徳,3473,［友情，信頼］,82K0400240000000
特別の教科　道徳,3474,"〔第１学年及び第２学年〕
友達と仲よくし，助け合うこと。",82K04A0241000000
特別の教科　道徳,3475,"〔第３学年及び第４学年〕
友達と互いに理解し，信頼し，助け合うこと。",82K04C0242000000
特別の教科　道徳,3476,"〔第５学年及び第６学年〕 
友達と互いに信頼し，学び合って友情を深め，異性についても理解しながら，人間関係を築いていくこと。",82K04D0243000000
特別の教科　道徳,3477,［相互理解，寛容］,82K04L0250000000
特別の教科　道徳,3478,"〔第３学年及び第４学年〕
自分の考えや意見を相手に伝えるとともに，相手のことを理解し，自分と異なる意見も大切にすること。",82K04C0252000000
特別の教科　道徳,3479,"〔第５学年及び第６学年〕 
自分の考えや意見を相手に伝えるとともに，謙虚な心をもち，広い心で自分と異なる意見や立場を尊重すること。",82K04D0253000000
特別の教科　道徳,3480,Ｃ　主として集団や社会との関わりに関すること,82K0400300000000
特別の教科　道徳,3481,［規則の尊重］,82K0400310000000
特別の教科　道徳,3482,"〔第１学年及び第２学年〕
約束やきまりを守り，みんなが使う物を大切にすること。",82K04A0311000000
特別の教科　道徳,3483,"〔第３学年及び第４学年〕
約束や社会のきまりの意義を理解し，それらを守ること。",82K04C0312000000
特別の教科　道徳,3484,"〔第５学年及び第６学年〕 
法やきまりの意義を理解した上で進んでそれらを守り，自他の権利を大切にし，義務を果たすこと。",82K04D0313000000
特別の教科　道徳,3485,［公正，公平，社会正義］,82K0400320000000
特別の教科　道徳,3486,"〔第１学年及び第２学年〕
自分の好き嫌いにとらわれないで接すること。",82K04A0321000000
特別の教科　道徳,3487,"〔第３学年及び第４学年〕
誰に対しても分け隔てをせず，公正，公平な態度で接すること。",82K04C0322000000
特別の教科　道徳,3488,"〔第５学年及び第６学年〕 
誰に対しても差別をすることや偏見をもつことなく，公正，公平な態度で接し，正義の実現に努めること。",82K04D0323000000
特別の教科　道徳,3489,［勤労，公共の精神］,82K0400330000000
特別の教科　道徳,3490,"〔第１学年及び第２学年〕
働くことのよさを知り，みんなのために働くこと。",82K04A0331000000
特別の教科　道徳,3491,"〔第３学年及び第４学年〕
働くことの大切さを知り，進んでみんなのために働くこと。",82K04C0332000000
特別の教科　道徳,3492,"〔第５学年及び第６学年〕 
働くことや社会に奉仕することの充実感を味わうとともに，その意義を理解し，公共のために役に立つことをすること。",82K04D0333000000
特別の教科　道徳,3493,［家族愛，家庭生活の充実］,82K0400340000000
特別の教科　道徳,3494,"〔第１学年及び第２学年〕
父母，祖父母を敬愛し，進んで家の手伝いなどをして，家族の役に立つこと。",82K04A0341000000
特別の教科　道徳,3495,"〔第３学年及び第４学年〕
父母，祖父母を敬愛し，家族みんなで協力し合って楽しい家庭をつくること。",82K04C0342000000
特別の教科　道徳,3496,"〔第５学年及び第６学年〕 
父母，祖父母を敬愛し，家族の幸せを求めて，進んで役に立つことをすること。",82K04D0343000000
特別の教科　道徳,3497,［よりよい学校生活，集団生活の充実］,82K0400350000000
特別の教科　道徳,3498,"〔第１学年及び第２学年〕
先生を敬愛し，学校の人々に親しんで，学級や学校の生活を楽しくすること。",82K04A0351000000
特別の教科　道徳,3499,"〔第３学年及び第４学年〕
先生や学校の人々を敬愛し，みんなで協力し合って楽しい学級や学校をつくること。",82K04C0352000000
特別の教科　道徳,3500,"〔第５学年及び第６学年〕 
先生や学校の人々を敬愛し，みんなで協力し合ってよりよい学級や学校をつくるとともに，様々な集団の中での自分の役割を自覚して集団生活の充実に努めること。",82K04D0353000000
特別の教科　道徳,3501,［伝統と文化の尊重，国や郷土を愛する態度］,82K0400360000000
特別の教科　道徳,3502,"〔第１学年及び第２学年〕
我が国や郷土の文化と生活に親しみ，愛着をもつこと。",82K04A0361000000
特別の教科　道徳,3503,"〔第３学年及び第４学年〕
我が国や郷土の伝統と文化を大切にし，国や郷土を愛する心をもつこと。",82K04C0362000000
特別の教科　道徳,3504,"〔第５学年及び第６学年〕 
我が国や郷土の伝統と文化を大切にし，先人の努力を知り，国や郷土を愛する心をもつこと。",82K04D0363000000
特別の教科　道徳,3505,［国際理解，国際親善］,82K0400370000000
特別の教科　道徳,3506,"〔第１学年及び第２学年〕
他国の人々や文化に親しむこと。",82K04A0371000000
特別の教科　道徳,3507,"〔第３学年及び第４学年〕
他国の人々や文化に親しみ，関心をもつこと。",82K04C0372000000
特別の教科　道徳,3508,"〔第５学年及び第６学年〕 
他国の人々や文化について理解し，日本人としての自覚をもって国際親善に努めること。",82K04D0373000000
特別の教科　道徳,3509,Ｄ　主として生命や自然，崇高なものとの関わりに関すること,82K0400400000000
特別の教科　道徳,3510,［生命の尊さ］,82K0400410000000
特別の教科　道徳,3511,"〔第１学年及び第２学年〕
生きることのすばらしさを知り，生命を大切にすること。",82K04A0411000000
特別の教科　道徳,3512,"〔第３学年及び第４学年〕
生命の尊さを知り，生命あるものを大切にすること。",82K04C0412000000
特別の教科　道徳,3513,"〔第５学年及び第６学年〕 
生命が多くの生命のつながりの中にあるかけがえのないものであることを理解し，生命を尊重すること。",82K04D0413000000
特別の教科　道徳,3514,［自然愛護］,82K0400420000000
特別の教科　道徳,3515,"〔第１学年及び第２学年〕
身近な自然に親しみ，動植物に優しい心で接すること。",82K04A0421000000
特別の教科　道徳,3516,"〔第３学年及び第４学年〕
自然のすばらしさや不思議さを感じ取り，自然や動植物を大切にすること。",82K04C0422000000
特別の教科　道徳,3517,"〔第５学年及び第６学年〕 
自然の偉大さを知り，自然環境を大切にすること。",82K04D0423000000
特別の教科　道徳,3518,［感動，畏敬の念］,82K0400430000000
特別の教科　道徳,3519,"〔第１学年及び第２学年〕
美しいものに触れ，すがすがしい心をもつこと。",82K04A0431000000
特別の教科　道徳,3520,"〔第３学年及び第４学年〕
美しいものや気高いものに感動する心をもつこと。",82K04C0432000000
特別の教科　道徳,3521,"〔第５学年及び第６学年〕 
美しいものや気高いものに感動する心や人間の力を超えたものに対する畏敬の念をもつこと。",82K04D0433000000
特別の教科　道徳,3522,［よりよく生きる喜び］,82K04D0440000000
特別の教科　道徳,3523,"〔第５学年及び第６学年〕 
よりよく生きようとする人間の強さや気高さを理解し，人間として生きる喜びを感じること。",82K04D0443000000
特別の教科　道徳,3524,第３　指導計画の作成と内容の取扱い,82K0300000000000
特別の教科　道徳,3525,１　各学校においては，道徳教育の全体計画に基づき，各教科，外国語活動，総合的な学習の時間及び特別活動との関連を考慮しながら，道徳科の年間指導計画を作成するものとする。なお，作成に当たっては，第２に示す各学年段階の内容項目について，相当する各学年において全て取り上げることとする。その際，児童や学校の実態に応じ，２学年間を見通した重点的な指導や内容項目間の関連を密にした指導，一つの内容項目を複数の時間で扱う指導を取り入れるなどの工夫を行うものとする。,82K0300100000000
特別の教科　道徳,3526,２　第２の内容の指導に当たっては，次の事項に配慮するものとする。,82K0300200000000
特別の教科　道徳,3527,(1) 校長や教頭などの参加，他の教師との協力的な指導などについて工夫し，道徳教育推進教師を中心とした指導体制を充実すること。,82K0300210000000
特別の教科　道徳,3528,(2) 道徳科が学校の教育活動全体を通じて行う道徳教育の要としての役割を果たすことができるよう，計画的・発展的な指導を行うこと。特に，各教科，外国語活動，総合的な学習の時間及び特別活動における道徳教育としては取り扱う機会が十分でない内容項目に関わる指導を補うことや，児童や学校の実態等を踏まえて指導をより一層深めること，内容項目の相互の関連を捉え直したり発展させたりすることに留意すること。,82K0300220000000
特別の教科　道徳,3529,(3) 児童が自ら道徳性を養う中で，自らを振り返って成長を実感したり，これからの課題や目標を見付けたりすることができるよう工夫すること。その際，道徳性を養うことの意義について，児童自らが考え，理解し，主体的に学習に取り組むことができるようにすること。,82K0300230000000
特別の教科　道徳,3530,(4) 児童が多様な感じ方や考え方に接する中で，考えを深め，判断し，表現する力などを育むことができるよう，自分の考えを基に話し合ったり書いたりするなどの言語活動を充実すること。,82K0300240000000
特別の教科　道徳,3531,(5) 児童の発達の段階や特性等を考慮し，指導のねらいに即して，問題解決的な学習，道徳的行為に関する体験的な学習等を適切に取り入れるなど，指導方法を工夫すること。その際，それらの活動を通じて学んだ内容の意義などについて考えることができるようにすること。また，特別活動等における多様な実践活動や体験活動も道徳科の授業に生かすようにすること。,82K0300250000000
特別の教科　道徳,3532,(6) 児童の発達の段階や特性等を考慮し，第２に示す内容との関連を踏まえつつ，情報モラルに関する指導を充実すること。また，児童の発達の段階や特性等を考慮し，例えば，社会の持続可能な発展などの現代的な課題の取扱いにも留意し，身近な社会的課題を自分との関係において考え，それらの解決に寄与しようとする意欲や態度を育てるよう努めること。なお，多様な見方や考え方のできる事柄について，特定の見方や考え方に偏った指導を行うことのないようにすること。,82K0300260000000
特別の教科　道徳,3533,(7) 道徳科の授業を公開したり，授業の実施や地域教材の開発や活用などに家庭や地域の人々，各分野の専門家等の積極的な参加や協力を得たりするなど，家庭や地域社会との共通理解を深め，相互の連携を図ること。,82K0300270000000
特別の教科　道徳,3534,３　教材については，次の事項に留意するものとする。,82K0300300000000
特別の教科　道徳,3535,(1) 児童の発達の段階や特性，地域の実情等を考慮し，多様な教材の活用に努めること。特に，生命の尊厳，自然，伝統と文化，先人の伝記，スポーツ，情報化への対応等の現代的な課題などを題材とし，児童が問題意識をもって多面的・多角的に考えたり，感動を覚えたりするような充実した教材の開発や活用を行うこと。,82K0300310000000
特別の教科　道徳,3536,(2) 教材については，教育基本法や学校教育法その他の法令に従い，次の観点に照らし適切と判断されるものであること。,82K0300320000000
特別の教科　道徳,3537,ア　児童の発達の段階に即し，ねらいを達成するのにふさわしいものであること。,82K0300321000000
特別の教科　道徳,3538,イ　人間尊重の精神にかなうものであって，悩みや葛藤等の心の揺れ，人間関係の理解等の課題も含め，児童が深く考えることができ，人間としてよりよく生きる喜びや勇気を与えられるものであること。,82K0300322000000
特別の教科　道徳,3539,ウ　多様な見方や考え方のできる事柄を取り扱う場合には，特定の見方や考え方に偏った取扱いがなされていないものであること。,82K0300323000000
特別の教科　道徳,3540,４　児童の学習状況や道徳性に係る成長の様子を継続的に把握し，指導に生かすよう努める必要がある。ただし，数値などによる評価は行わないものとする。 ,82K0300400000000
外国語活動,3541,第４章　外国語活動,82L00C0000000000
外国語活動,3542,"第１　目　標
外国語によるコミュニケーションにおける見方・考え方を働かせ，外国語による聞くこと，話すことの言語活動を通して，コミュニケーションを図る素地となる資質・能力を次のとおり育成することを目指す。",82L01C0000000000
外国語活動,3543,(1) 外国語を通して，言語や文化について体験的に理解を深め，日本語と外国語との音声の違い等に気付くとともに，外国語の音声や基本的な表現に慣れ親しむようにする。,82L01C0100000000
外国語活動,3544,(2) 身近で簡単な事柄について，外国語で聞いたり話したりして自分の考えや気持ちなどを伝え合う力の素地を養う。,82L01C0200000000
外国語活動,3545,(3) 外国語を通して，言語やその背景にある文化に対する理解を深め，相手に配慮しながら，主体的に外国語を用いてコミュニケーションを図ろうとする態度を養う。,82L01C0300000000
外国語活動,3546,第２　各言語の目標及び内容等,82L02C0000000000
外国語活動,3547,英　語,82L12C0000000000
外国語活動,3548,"１　目　標
英語学習の特質を踏まえ，以下に示す，聞くこと，話すこと［やり取り］，話すこと［発表］の三つの領域別に設定する目標の実現を目指した指導を通して，第１の(1)及び(2)に示す資質・能力を一体的に育成するとともに，その過程を通して，第１の(3)に示す資質・能力を育成する。",82L12C2000000000
外国語活動,3549,(1) 聞くこと,82L12C2100000000
外国語活動,3550,ア  ゆっくりはっきりと話された際に，自分のことや身の回りの物を表す簡単な語句を聞き取るようにする。,82L12C2110000000
外国語活動,3551,イ  ゆっくりはっきりと話された際に，身近で簡単な事柄に関する基本的な表現の意味が分かるようにする。,82L12C2120000000
外国語活動,3552,ウ  文字の読み方が発音されるのを聞いた際に，どの文字であるかが分かるようにする。,82L12C2130000000
外国語活動,3553,(2) 話すこと［やり取り］,82L12C2200000000
外国語活動,3554,ア  基本的な表現を用いて挨拶，感謝，簡単な指示をしたり，それらに応じたりするようにする。,82L12C2210000000
外国語活動,3555,イ  自分のことや身の回りの物について，動作を交えながら，自分の考えや気持ちなどを，簡単な語句や基本的な表現を用いて伝え合うようにする。,82L12C2220000000
外国語活動,3556,ウ  サポートを受けて，自分や相手のこと及び身の回りの物に関する事柄について，簡単な語句や基本的な表現を用いて質問をしたり質問に答えたりするようにする。,82L12C2230000000
外国語活動,3557,(3) 話すこと［発表］,82L12C2300000000
外国語活動,3558,ア  身の回りの物について，人前で実物などを見せながら，簡単な語句や基本的な表現を用いて話すようにする。,82L12C2310000000
外国語活動,3559,イ  自分のことについて，人前で実物などを見せながら，簡単な語句や基本的な表現を用いて話すようにする。,82L12C2320000000
外国語活動,3560,ウ　日常生活に関する身近で簡単な事柄について，人前で実物などを見せながら，自分の考えや気持ちなどを，簡単な語句や基本的な表現を用いて話すようにする。,82L12C2330000000
外国語活動,3561,２　内　容,82L12C3000000000
外国語活動,3562,〔第３学年及び第４学年〕,82L12C3000000010
外国語活動,3563,〔知識及び技能〕,82L12C3100000000
外国語活動,3564,"(1) 英語の特徴等に関する事項
実際に英語を用いた言語活動を通して，次の事項を体験的に身に付けることができるよう指導する。",82L12C3110000000
外国語活動,3565,ア　言語を用いて主体的にコミュニケーションを図ることの楽しさや大切さを知ること。,82L12C3111000000
外国語活動,3566,イ　日本と外国の言語や文化について理解すること。,82L12C3112000000
外国語活動,3567,(ｱ) 英語の音声やリズムなどに慣れ親しむとともに，日本語との違いを知り，言葉の面白さや豊かさに気付くこと。,82L12C3112100000
外国語活動,3568,(ｲ) 日本と外国との生活や習慣，行事などの違いを知り，多様な考え方があることに気付くこと。,82L12C3112200000
外国語活動,3569,(ｳ) 異なる文化をもつ人々との交流などを体験し，文化等に対する理解を深めること。,82L12C3112300000
外国語活動,3570,〔思考力，判断力，表現力等〕,82L12C3200000000
外国語活動,3571,"(2) 情報を整理しながら考えなどを形成し，英語で表現したり，伝え合ったりすることに関する事項
具体的な課題等を設定し，コミュニケーションを行う目的や場面，状況などに応じて，情報や考えなどを表現することを通して，次の事項を身に付けることができるよう指導する。",82L12C3210000000
外国語活動,3572,ア　自分のことや身近で簡単な事柄について，簡単な語句や基本的な表現を使って，相手に配慮しながら，伝え合うこと。,82L12C3211000000
外国語活動,3573,イ　身近で簡単な事柄について，自分の考えや気持ちなどが伝わるよう，工夫して質問をしたり質問に答えたりすること。,82L12C3212000000
外国語活動,3574,(3) 言語活動及び言語の働きに関する事項,82L12C3220000000
外国語活動,3575,"①　言語活動に関する事項
(2)に示す事項については，(1)に示す事項を活用して，例えば次のような言語活動を通して指導する。",82L12C3221000000
外国語活動,3576,ア　聞くこと,82L12C3221100000
外国語活動,3577,(ｱ) 身近で簡単な事柄に関する短い話を聞いておおよその内容を分かったりする活動。,82L12C3221110000
外国語活動,3578,(ｲ) 身近な人や身の回りの物に関する簡単な語句や基本的な表現を聞いて，それらを表すイラストや写真などと結び付ける活動。,82L12C3221120000
外国語活動,3579,(ｳ) 文字の読み方が発音されるのを聞いて，活字体で書かれた文字と結び付ける活動。,82L12C3221130000
外国語活動,3580,イ　話すこと［やり取り］,82L12C3221200000
外国語活動,3581,(ｱ) 知り合いと簡単な挨拶を交わしたり，感謝や簡単な指示，依頼をして，それらに応じたりする活動。,82L12C3221210000
外国語活動,3582,(ｲ) 自分のことや身の回りの物について，動作を交えながら，好みや要求などの自分の気持ちや考えなどを伝え合う活動。,82L12C3221220000
外国語活動,3583,(ｳ) 自分や相手の好み及び欲しい物などについて，簡単な質問をしたり質問に答えたりする活動。,82L12C3221230000
外国語活動,3584,ウ　話すこと［発表］,82L12C3221300000
外国語活動,3585,(ｱ) 身の回りの物の数や形状などについて，人前で実物やイラスト，写真などを見せながら話す活動。,82L12C3221310000
外国語活動,3586,(ｲ) 自分の好き嫌いや，欲しい物などについて，人前で実物やイラスト，写真などを見せながら話す活動。,82L12C3221320000
外国語活動,3587,(ｳ) 時刻や曜日，場所など，日常生活に関する身近で簡単な事柄について，人前で実物やイラスト，写真などを見せながら，自分の考えや気持ちなどを話す活動。,82L12C3221330000
外国語活動,3588,"②  言語の働きに関する事項
言語活動を行うに当たり，主として次に示すような言語の使用場面や言語の働きを取り上げるようにする。",82L12C3222000000
外国語活動,3589,ア　言語の使用場面の例,82L12C3222100000
外国語活動,3590,(ｱ) 児童の身近な暮らしに関わる場面,82L12C3222110000
外国語活動,3591,・　家庭での生活　,82L12C3222111000
外国語活動,3592,・　学校での学習や活動,82L12C3222112000
外国語活動,3593,・　地域の行事,82L12C3222113000
外国語活動,3594,・　子供の遊び,82L12C3222114000
外国語活動,3595,など,82L12C3222115000
外国語活動,3596,(ｲ) 特有の表現がよく使われる場面,82L12C3222120000
外国語活動,3597,・　挨拶,82L12C3222121000
外国語活動,3598,・　自己紹介,82L12C3222122000
外国語活動,3599,・　買物,82L12C3222123000
外国語活動,3600,・　食事,82L12C3222124000
外国語活動,3601,・　道案内,82L12C3222125000
外国語活動,3602,など,82L12C3222126000
外国語活動,3603,イ　言語の働きの例,82L12C3222200000
外国語活動,3604,(ｱ) コミュニケーションを円滑にする,82L12C3222210000
外国語活動,3605,・　挨拶をする,82L12C3222211000
外国語活動,3606,・　相づちを打つ,82L12C3222212000
外国語活動,3607,など,82L12C3222213000
外国語活動,3608,(ｲ) 気持ちを伝える,82L12C3222220000
外国語活動,3609,・　礼を言う,82L12C3222221000
外国語活動,3610,・　褒める,82L12C3222222000
外国語活動,3611,など,82L12C3222223000
外国語活動,3612,(ｳ) 事実・情報を伝える,82L12C3222230000
外国語活動,3613,・　説明する,82L12C3222231000
外国語活動,3614,・　答える,82L12C3222232000
外国語活動,3615,など,82L12C3222233000
外国語活動,3616,(ｴ) 考えや意図を伝える,82L12C3222240000
外国語活動,3617,・　申し出る,82L12C3222241000
外国語活動,3618,・　意見を言う,82L12C3222242000
外国語活動,3619,など,82L12C3222243000
外国語活動,3620,(ｵ) 相手の行動を促す,82L12C3222250000
外国語活動,3621,・　質問する,82L12C3222251000
外国語活動,3622,・　依頼する,82L12C3222252000
外国語活動,3623,・　命令する,82L12C3222253000
外国語活動,3624,など,82L12C3222254000
外国語活動,3625,３　指導計画の作成と内容の取扱い,82L12C6000000000
外国語活動,3626,(1) 指導計画の作成に当たっては，第５学年及び第６学年並びに中学校及び高等学校における指導との接続に留意しながら，次の事項に配慮するものとする。,82L12C6100000000
外国語活動,3627,ア　単元など内容や時間のまとまりを見通して，その中で育む資質・能力の育成に向けて，児童の主体的・対話的で深い学びの実現を図るようにすること。その際，具体的な課題等を設定し，児童が外国語によるコミュニケーションにおける見方・考え方を働かせながら，コミュニケーションの目的や場面，状況などを意識して活動を行い，英語の音声や語彙，表現などの知識を，三つの領域における実際のコミュニケーションにおいて活用する学習の充実を図ること。,82L12C6110000000
外国語活動,3628,イ　学年ごとの目標を適切に定め，２学年間を通じて外国語活動の目標の実現を図るようにすること。,82L12C6120000000
外国語活動,3629,ウ　実際に英語を用いて互いの考えや気持ちを伝え合うなどの言語活動を行う際は，２の(1)に示す事項について理解したり練習したりするための指導を必要に応じて行うこと。また，英語を初めて学習することに配慮し，簡単な語句や基本的な表現を用いながら，友達との関わりを大切にした体験的な言語活動を行うこと。,82L12C6130000000
外国語活動,3630,エ　言語活動で扱う題材は，児童の興味・関心に合ったものとし，国語科や音楽科，図画工作科など，他教科等で児童が学習したことを活用したり，学校行事で扱う内容と関連付けたりするなどの工夫をすること。,82L12C6140000000
外国語活動,3631,オ　外国語活動を通して，外国語や外国の文化のみならず，国語や我が国の文化についても併せて理解を深めるようにすること。言語活動で扱う題材についても，我が国の文化や，英語の背景にある文化に対する関心を高め，理解を深めようとする態度を養うのに役立つものとすること。,82L12C6150000000
外国語活動,3632,カ　障害のある児童などについては，学習活動を行う場合に生じる困難さに応じた指導内容や指導方法の工夫を計画的，組織的に行うこと。,82L12C6160000000
外国語活動,3633,キ　学級担任の教師又は外国語活動を担当する教師が指導計画を作成し，授業を実施するに当たっては，ネイティブ・スピーカーや英語が堪能な地域人材などの協力を得る等，指導体制の充実を図るとともに，指導方法の工夫を行うこと。,82L12C6170000000
外国語活動,3634,(2) ２の内容の取扱いについては，次の事項に配慮するものとする。,82L12C6200000000
外国語活動,3635,ア　英語でのコミュニケーションを体験させる際は，児童の発達の段階を考慮した表現を用い，児童にとって身近なコミュニケーションの場面を設定すること。,82L12C6210000000
外国語活動,3636,イ　文字については，児童の学習負担に配慮しつつ，音声によるコミュニケーションを補助するものとして取り扱うこと。,82L12C6220000000
外国語活動,3637,ウ　言葉によらないコミュニケーションの手段もコミュニケーションを支えるものであることを踏まえ，ジェスチャーなどを取り上げ，その役割を理解させるようにすること。,82L12C6230000000
外国語活動,3638,エ　身近で簡単な事柄について，友達に質問をしたり質問に答えたりする力を育成するため，ペア・ワーク，グループ・ワークなどの学習形態について適宜工夫すること。その際，相手とコミュニケーションを行うことに課題がある児童については，個々の児童の特性に応じて指導内容や指導方法を工夫すること。,82L12C6240000000
外国語活動,3639,オ　児童が身に付けるべき資質・能力や児童の実態，教材の内容などに応じて，視聴覚教材やコンピュータ，情報通信ネットワーク，教育機器などを有効活用し，児童の興味・関心をより高め，指導の効率化や言語活動の更なる充実を図るようにすること。,82L12C6250000000
外国語活動,3640,カ　各単元や各時間の指導に当たっては，コミュニケーションを行う目的，場面，状況などを明確に設定し，言語活動を通して育成すべき資質・能力を明確に示すことにより，児童が学習の見通しを立てたり，振り返ったりすることができるようにすること。,82L12C6260000000
外国語活動,3641,第３　指導計画の作成と内容の取扱い,82L03C0000000000
外国語活動,3642,１　外国語活動においては，言語やその背景にある文化に対する理解が深まるよう指導するとともに，外国語による聞くこと，話すことの言語活動を行う際は，英語を取り扱うことを原則とすること。,82L03C0100000000
外国語活動,3643,２　第１章総則の第１の２の(2)に示す道徳教育の目標に基づき，道徳科などとの関連を考慮しながら，第３章特別の教科道徳の第２に示す内容について，外国語活動の特質に応じて適切な指導をすること。,82L03C0200000000
総合的な学習の時間,3644,第５章　総合的な学習の時間,82M00L0000000000
総合的な学習の時間,3645,"第１　目　標
探究的な見方・考え方を働かせ，横断的・総合的な学習を行うことを通して，よりよく課題を解決し，自己の生き方を考えていくための資質・能力を次のとおり育成することを目指す。",82M01L0000000000
総合的な学習の時間,3646,(1) 探究的な学習の過程において，課題の解決に必要な知識及び技能を身に付け，課題に関わる概念を形成し，探究的な学習のよさを理解するようにする。,82M01L0100000000
総合的な学習の時間,3647,(2) 実社会や実生活の中から問いを見いだし，自分で課題を立て，情報を集め，整理・分析して，まとめ・表現することができるようにする。,82M01L0200000000
総合的な学習の時間,3648,(3) 探究的な学習に主体的・協働的に取り組むとともに，互いのよさを生かしながら，積極的に社会に参画しようとする態度を養う。,82M01L0300000000
総合的な学習の時間,3649,第２　各学校において定める目標及び内容,82M02L0000000000
総合的な学習の時間,3650,"１　目　標
各学校においては，第１の目標を踏まえ，各学校の総合的な学習の時間の目標を定める。",82M02L2000000000
総合的な学習の時間,3651,"２　内　容
各学校においては，第１の目標を踏まえ，各学校の総合的な学習の時間の内容を定める。",82M02L3000000000
総合的な学習の時間,3652,"３　各学校において定める目標及び内容の取扱い
各学校において定める目標及び内容の設定に当たっては，次の事項に配慮するものとする。",82M02L7000000000
総合的な学習の時間,3653,(1) 各学校において定める目標については，各学校における教育目標を踏まえ，総合的な学習の時間を通して育成を目指す資質・能力を示すこと。,82M02L7100000000
総合的な学習の時間,3654,(2) 各学校において定める目標及び内容については，他教科等の目標及び内容との違いに留意しつつ，他教科等で育成を目指す資質・能力との関連を重視すること。,82M02L7200000000
総合的な学習の時間,3655,(3) 各学校において定める目標及び内容については，日常生活や社会との関わりを重視すること。,82M02L7300000000
総合的な学習の時間,3656,(4) 各学校において定める内容については，目標を実現するにふさわしい探究課題，探究課題の解決を通して育成を目指す具体的な資質・能力を示すこと。,82M02L7400000000
総合的な学習の時間,3657,(5) 目標を実現するにふさわしい探究課題については，学校の実態に応じて，例えば，国際理解，情報，環境，福祉・健康などの現代的な諸課題に対応する横断的・総合的な課題，地域の人々の暮らし，伝統と文化など地域や学校の特色に応じた課題，児童の興味・関心に基づく課題などを踏まえて設定すること。,82M02L7500000000
総合的な学習の時間,3658,"(6) 探究課題の解決を通して育成を目指す具体的な資質・能力については,次の事項に配慮すること。　",82M02L7600000000
総合的な学習の時間,3659,ア　知識及び技能については，他教科等及び総合的な学習の時間で習得する知識及び技能が相互に関連付けられ，社会の中で生きて働くものとして形成されるようにすること。,82M02L7610000000
総合的な学習の時間,3660,イ　思考力，判断力，表現力等については，課題の設定，情報の収集，整理・分析，まとめ・表現などの探究的な学習の過程において発揮され，未知の状況において活用できるものとして身に付けられるようにすること。,82M02L7620000000
総合的な学習の時間,3661,ウ　学びに向かう力，人間性等については，自分自身に関すること及び他者や社会との関わりに関することの両方の視点を踏まえること。,82M02L7630000000
総合的な学習の時間,3662,(7) 目標を実現するにふさわしい探究課題及び探究課題の解決を通して育成を目指す具体的な資質・能力については，教科等を越えた全ての学習の基盤となる資質・能力が育まれ，活用されるものとなるよう配慮すること。,82M02L7700000000
総合的な学習の時間,3663,第３　指導計画の作成と内容の取扱い　,82M03L0000000000
総合的な学習の時間,3664,１　指導計画の作成に当たっては，次の事項に配慮するものとする。,82M03L0100000000
総合的な学習の時間,3665,(1) 年間や，単元など内容や時間のまとまりを見通して，その中で育む資質・能力の育成に向けて，児童の主体的・対話的で深い学びの実現を図るようにすること。その際，児童や学校，地域の実態等に応じて，児童が探究的な見方・考え方を働かせ，教科等の枠を超えた横断的・総合的な学習や児童の興味・関心等に基づく学習を行うなど創意工夫を生かした教育活動の充実を図ること。,82M03L0110000000
総合的な学習の時間,3666,(2) 全体計画及び年間指導計画の作成に当たっては，学校における全教育活動との関連の下に，目標及び内容，学習活動，指導方法や指導体制，学習の評価の計画などを示すこと。,82M03L0120000000
総合的な学習の時間,3667,(3) 他教科等及び総合的な学習の時間で身に付けた資質・能力を相互に関連付け，学習や生活において生かし，それらが総合的に働くようにすること。その際，言語能力，情報活用能力など全ての学習の基盤となる資質・能力を重視すること。,82M03L0130000000
総合的な学習の時間,3668,(4) 他教科等の目標及び内容との違いに留意しつつ，第１の目標並びに第２の各学校において定める目標及び内容を踏まえた適切な学習活動を行うこと。,82M03L0140000000
総合的な学習の時間,3669,(5) 各学校における総合的な学習の時間の名称については，各学校において適切に定めること。,82M03L0150000000
総合的な学習の時間,3670,(6) 障害のある児童などについては，学習活動を行う場合に生じる困難さに応じた指導内容や指導方法の工夫を計画的，組織的に行うこと。,82M03L0160000000
総合的な学習の時間,3671,(7) 第１章総則の第１の２の(2)に示す道徳教育の目標に基づき，道徳科などとの関連を考慮しながら，第３章特別の教科道徳の第２に示す内容について，総合的な学習の時間の特質に応じて適切な指導をすること。,82M03L0170000000
総合的な学習の時間,3672,２　第２の内容の取扱いについては，次の事項に配慮するものとする。,82M03L0200000000
総合的な学習の時間,3673,(1) 第２の各学校において定める目標及び内容に基づき，児童の学習状況に応じて教師が適切な指導を行うこと。,82M03L0210000000
総合的な学習の時間,3674,(2) 探究的な学習の過程においては，他者と協働して課題を解決しようとする学習活動や，言語により分析し，まとめたり表現したりするなどの学習活動が行われるようにすること。その際，例えば，比較する，分類する，関連付けるなどの考えるための技法が活用されるようにすること。,82M03L0220000000
総合的な学習の時間,3675,(3) 探究的な学習の過程においては，コンピュータや情報通信ネットワークなどを適切かつ効果的に活用して，情報を収集・整理・発信するなどの学習活動が行われるよう工夫すること。その際，コンピュータで文字を入力するなどの学習の基盤として必要となる情報手段の基本的な操作を習得し，情報や情報手段を主体的に選択し活用できるよう配慮すること。,82M03L0230000000
総合的な学習の時間,3676,(4) 自然体験やボランティア活動などの社会体験，ものづくり，生産活動などの体験活動，観察・実験，見学や調査，発表や討論などの学習活動を積極的に取り入れること。,82M03L0240000000
総合的な学習の時間,3677,(5) 体験活動については，第１の目標並びに第２の各学校において定める目標及び内容を踏まえ，探究的な学習の過程に適切に位置付けること。,82M03L0250000000
総合的な学習の時間,3678,(6) グループ学習や異年齢集団による学習などの多様な学習形態，地域の人々の協力も得つつ，全教師が一体となって指導に当たるなどの指導体制について工夫を行うこと。,82M03L0260000000
総合的な学習の時間,3679,(7) 学校図書館の活用，他の学校との連携，公民館，図書館，博物館等の社会教育施設や社会教育関係団体等の各種団体との連携，地域の教材や学習環境の積極的な活用などの工夫を行うこと。,82M03L0270000000
総合的な学習の時間,3680,(8) 国際理解に関する学習を行う際には，探究的な学習に取り組むことを通して，諸外国の生活や文化などを体験したり調査したりするなどの学習活動が行われるようにすること。,82M03L0280000000
総合的な学習の時間,3681,(9) 情報に関する学習を行う際には，探究的な学習に取り組むことを通して，情報を収集・整理・発信したり，情報が日常生活や社会に与える影響を考えたりするなどの学習活動が行われるようにすること。第１章総則の第３の１の(3)のイに掲げるプログラミングを体験しながら論理的思考力を身に付けるための学習活動を行う場合には，プログラミングを体験することが，探究的な学習の過程に適切に位置付くようにすること。,82M03L0290000000
特別活動,3682,第６章　特別活動,82N0000000000000
特別活動,3683,"第１　目　標
集団や社会の形成者としての見方・考え方を働かせ，様々な集団活動に自主的，実践的に取り組み，互いのよさや可能性を発揮しながら集団や自己の生活上の課題を解決することを通して，次のとおり資質・能力を育成することを目指す。",82N0100000000000
特別活動,3684,(1) 多様な他者と協働する様々な集団活動の意義や活動を行う上で必要となることについて理解し，行動の仕方を身に付けるようにする。,82N0100100000000
特別活動,3685,(2) 集団や自己の生活，人間関係の課題を見いだし，解決するために話し合い，合意形成を図ったり，意思決定したりすることができるようにする。,82N0100200000000
特別活動,3686,(3) 自主的，実践的な集団活動を通して身に付けたことを生かして，集団や社会における生活及び人間関係をよりよく形成するとともに，自己の生き方についての考えを深め，自己実現を図ろうとする態度を養う。,82N0100300000000
特別活動,3687,第２　各活動・学校行事の目標及び内容,82N0200000000000
特別活動,3688,〔学級活動〕,82N1200000000000
特別活動,3689,"１　目　標
学級や学校での生活をよりよくするための課題を見いだし，解決するために話し合い，合意形成し，役割を分担して協力して実践したり，学級での話合いを生かして自己の課題の解決及び将来の生き方を描くために意思決定して実践したりすることに，自主的，実践的に取り組むことを通して，第１の目標に掲げる資質・能力を育成することを目指す。",82N1202000000000
特別活動,3690,"２　内　容
１の資質・能力を育成するため，全ての学年において，次の各活動を通して，それぞれの活動の意義及び活動を行う上で必要となることについて理解し，主体的に考えて実践できるよう指導する。",82N1203000000000
特別活動,3691,(1) 学級や学校における生活づくりへの参画,82N1203100000000
特別活動,3692,"ア　学級や学校における生活上の諸問題の解決
学級や学校における生活をよりよくするための課題を見いだし，解決するために話し合い，合意形成を図り，実践すること。",82N1203110000000
特別活動,3693,"イ　学級内の組織づくりや役割の自覚
学級生活の充実や向上のため，児童が主体的に組織をつくり，役割を自覚しながら仕事を分担して，協力し合い実践すること。",82N1203120000000
特別活動,3694,"ウ　学校における多様な集団の生活の向上
児童会など学級の枠を超えた多様な集団における活動や学校行事を通して学校生活の向上を図るため，学級としての提案や取組を話し合って決めること。",82N1203130000000
特別活動,3695,(2) 日常の生活や学習への適応と自己の成長及び健康安全,82N1203200000000
特別活動,3696,"ア　基本的な生活習慣の形成
身の回りの整理や挨拶などの基本的な生活習慣を身に付け，節度ある生活にすること。",82N1203210000000
特別活動,3697,"イ　よりよい人間関係の形成
学級や学校の生活において互いのよさを見付け，違いを尊重し合い，仲よくしたり信頼し合ったりして生活すること。",82N1203220000000
特別活動,3698,"ウ　心身ともに健康で安全な生活態度の形成
現在及び生涯にわたって心身の健康を保持増進することや，事件や事故，災害等から身を守り安全に行動すること。",82N1203230000000
特別活動,3699,"エ　食育の観点を踏まえた学校給食と望ましい食習慣の形成
給食の時間を中心としながら，健康によい食事のとり方など，望ましい食習慣の形成を図るとともに，食事を通して人間関係をよりよくすること。",82N1203240000000
特別活動,3700,(3) 一人一人のキャリア形成と自己実現,82N1203300000000
特別活動,3701,"ア　現在や将来に希望や目標をもって生きる意欲や態度の形成
学級や学校での生活づくりに主体的に関わり,自己を生かそうとするとともに，希望や目標をもち，その実現に向けて日常の生活をよりよくしようとすること。",82N1203310000000
特別活動,3702,"イ　社会参画意識の醸成や働くことの意義の理解
清掃などの当番活動や係活動等の自己の役割を自覚して協働することの意義を理解し，社会の一員として役割を果たすために必要となることについて主体的に考えて行動すること。",82N1203320000000
特別活動,3703,"ウ　主体的な学習態度の形成と学校図書館等の活用
学ぶことの意義や現在及び将来の学習と自己実現とのつながりを考えたり，自主的に学習する場としての学校図書館等を活用したりしながら，学習の見通しを立て，振り返ること。",82N1203330000000
特別活動,3704,３　内容の取扱い,82N1205000000000
特別活動,3705,(1) 指導に当たっては，各学年段階で特に次の事項に配慮すること。,82N1205100000000
特別活動,3706,"〔第１学年及び第２学年〕
話合いの進め方に沿って，自分の意見を発表したり，他者の意見をよく聞いたりして，合意形成して実践することのよさを理解すること。基本的な生活習慣や，約束やきまりを守ることの大切さを理解して行動し，生活をよくするための目標を決めて実行すること。",82N12A5110000000
特別活動,3707,"〔第３学年及び第４学年〕
理由を明確にして考えを伝えたり，自分と異なる意見も受け入れたりしながら，集団としての目標や活動内容について合意形成を図り，実践すること。自分のよさや役割を自覚し，よく考えて行動するなど節度ある生活を送ること。",82N12C5120000000
特別活動,3708,"〔第５学年及び第６学年〕
相手の思いを受け止めて聞いたり，相手の立場や考え方を理解したりして，多様な意見のよさを積極的に生かして合意形成を図り，実践すること。高い目標をもって粘り強く努力し，自他のよさを伸ばし合うようにすること。",82N12D5130000000
特別活動,3709,(2) ２の(3)の指導に当たっては，学校，家庭及び地域における学習や生活の見通しを立て，学んだことを振り返りながら，新たな学習や生活への意欲につなげたり，将来の生き方を考えたりする活動を行うこと。その際，児童が活動を記録し蓄積する教材等を活用すること。,82N1205200000000
特別活動,3710,〔児童会活動〕,82N2200000000000
特別活動,3711,"１　目　標
異年齢の児童同士で協力し，学校生活の充実と向上を図るための諸問題の解決に向けて，計画を立て役割を分担し，協力して運営することに自主的，実践的に取り組むことを通して，第１の目標に掲げる資質・能力を育成することを目指す。",82N2202000000000
特別活動,3712,"２　内　容
１の資質・能力を育成するため，学校の全児童をもって組織する児童会において，次の各活動を通して，それぞれの活動の意義及び活動を行う上で必要となることについて理解し，主体的に考えて実践できるよう指導する。",82N2203000000000
特別活動,3713,"(1) 児童会の組織づくりと児童会活動の計画や運営
児童が主体的に組織をつくり，役割を分担し，計画を立て，学校生活の課題を見いだし解決するために話し合い，合意形成を図り実践すること。",82N2203010000000
特別活動,3714,"(2) 異年齢集団による交流
児童会が計画や運営を行う集会等の活動において，学年や学級が異なる児童と共に楽しく触れ合い，交流を図ること。",82N2203020000000
特別活動,3715,"(3) 学校行事への協力
学校行事の特質に応じて，児童会の組織を活用して，計画の一部を担当したり，運営に協力したりすること。",82N2203030000000
特別活動,3716,３　内容の取扱い,82N2205000000000
特別活動,3717,(1) 児童会の計画や運営は，主として高学年の児童が行うこと。その際，学校の全児童が主体的に活動に参加できるものとなるよう配慮すること。,82N2205100000000
特別活動,3718,〔クラブ活動〕,82N3200000000000
特別活動,3719,"１　目　標
異年齢の児童同士で協力し，共通の興味・関心を追求する集団活動の計画を立てて運営することに自主的，実践的に取り組むことを通して，個性の伸長を図りながら，第１の目標に掲げる資質・能力を育成することを目指す。",82N3202000000000
特別活動,3720,"２　内　容
１の資質・能力を育成するため，主として第４学年以上の同好の児童をもって組織するクラブにおいて，次の各活動を通して，それぞれの活動の意義及び活動を行う上で必要となることについて理解し，主体的に考えて実践できるよう指導する。",82N3203000000000
特別活動,3721,"(1) クラブの組織づくりとクラブ活動の計画や運営
児童が活動計画を立て，役割を分担し，協力して運営に当たること。",82N3203100000000
特別活動,3722,"(2) クラブを楽しむ活動
異なる学年の児童と協力し，創意工夫を生かしながら共通の興味・関心を追求すること。",82N3203200000000
特別活動,3723,"(3) クラブの成果の発表
活動の成果について，クラブの成員の発意・発想を生かし，協力して全校の児童や地域の人々に発表すること。",82N3203300000000
特別活動,3724,〔学校行事〕,82N5200000000000
特別活動,3725,"１　目　標
全校又は学年の児童で協力し，よりよい学校生活を築くための体験的な活動を通して，集団への所属感や連帯感を深め，公共の精神を養いながら，第１の目標に掲げる資質・能力を育成することを目指す。",82N5202000000000
特別活動,3726,"２　内　容
１の資質・能力を育成するため，全ての学年において，全校又は学年を単位として，次の各行事において，学校生活に秩序と変化を与え，学校生活の充実と発展に資する体験的な活動を行うことを通して，それぞれの学校行事の意義及び活動を行う上で必要となることについて理解し，主体的に考えて実践できるよう指導する。",82N5203000000000
特別活動,3727,"(1) 儀式的行事
学校生活に有意義な変化や折り目を付け，厳粛で清新な気分を味わい，新しい生活の展開への動機付けとなるようにすること。",82N5203100000000
特別活動,3728,"(2) 文化的行事
平素の学習活動の成果を発表し，自己の向上の意欲を一層高めたり，文化や芸術に親しんだりするようにすること。",82N5203200000000
特別活動,3729,"(3) 健康安全・体育的行事
心身の健全な発達や健康の保持増進，事件や事故，災害等から身を守る安全な行動や規律ある集団行動の体得，運動に親しむ態度の育成，責任感や連帯感の涵《かん》養，体力の向上などに資するようにすること。",82N5203300000000
特別活動,3730,"(4) 遠足・集団宿泊的行事
自然の中での集団宿泊活動などの平素と異なる生活環境にあって，見聞を広め，自然や文化などに親しむとともに，よりよい人間関係を築くなどの集団生活の在り方や公衆道徳などについての体験を積むことができるようにすること。",82N5203400000000
特別活動,3731,"(5) 勤労生産・奉仕的行事
勤労の尊さや生産の喜びを体得するとともに，ボランティア活動などの社会奉仕の精神を養う体験が得られるようにすること。",82N5203500000000
特別活動,3732,３　内容の取扱い,82N5205000000000
特別活動,3733,(1) 児童や学校，地域の実態に応じて，２に示す行事の種類ごとに，行事及びその内容を重点化するとともに，各行事の趣旨を生かした上で，行事間の関連や統合を図るなど精選して実施すること。また，実施に当たっては，自然体験や社会体験などの体験活動を充実するとともに，体験活動を通して気付いたことなどを振り返り，まとめたり，発表し合ったりするなどの事後の活動を充実すること。,82N5205100000000
特別活動,3734,第３　指導計画の作成と内容の取扱い,82N5300000000000
特別活動,3735,１　指導計画の作成に当たっては，次の事項に配慮するものとする。　,82N5300100000000
特別活動,3736,(1) 特別活動の各活動及び学校行事を見通して，その中で育む資質・能力の育成に向けて，児童の主体的・対話的で深い学びの実現を図るようにすること。その際，よりよい人間関係の形成，よりよい集団生活の構築や社会への参画及び自己実現に資するよう，児童が集団や社会の形成者としての見方・考え方を働かせ，様々な集団活動に自主的，実践的に取り組む中で，互いのよさや個性，多様な考えを認め合い，等しく合意形成に関わり役割を担うようにすることを重視すること。,82N5300110000000
特別活動,3737,(2) 各学校においては特別活動の全体計画や各活動及び学校行事の年間指導計画を作成すること。その際，学校の創意工夫を生かし，学級や学校，地域の実態，児童の発達の段階などを考慮するとともに，第２に示す内容相互及び各教科，道徳科，外国語活動，総合的な学習の時間などの指導との関連を図り，児童による自主的，実践的な活動が助長されるようにすること。また，家庭や地域の人々との連携，社会教育施設等の活用などを工夫すること。,82N5300120000000
特別活動,3738,(3) 学級活動における児童の自発的，自治的な活動を中心として，各活動と学校行事を相互に関連付けながら，個々の児童についての理解を深め，教師と児童，児童相互の信頼関係を育み，学級経営の充実を図ること。その際，特に，いじめの未然防止等を含めた生徒指導との関連を図るようにすること。,82N5300130000000
特別活動,3739,(4) 低学年においては，第１章総則の第２の４の(1)を踏まえ，他教科等との関連を積極的に図り，指導の効果を高めるようにするとともに，幼稚園教育要領等に示す幼児期の終わりまでに育ってほしい姿との関連を考慮すること。特に，小学校入学当初においては，生活科を中心とした関連的な指導や，弾力的な時間割の設定を行うなどの工夫をすること。,82N53A0140000000
特別活動,3740,(5) 障害のある児童などについては，学習活動を行う場合に生じる困難さに応じた指導内容や指導方法の工夫を計画的，組織的に行うこと。,82N5300150000000
特別活動,3741,(6) 第１章総則の第１の２の(2)に示す道徳教育の目標に基づき，道徳科などとの関連を考慮しながら，第３章特別の教科道徳の第２に示す内容について，特別活動の特質に応じて適切な指導をすること。,82N5300160000000
特別活動,3742,２　第２の内容の取扱いについては，次の事項に配慮するものとする。,82N5300200000000
特別活動,3743,(1) 学級活動，児童会活動及びクラブ活動の指導については，指導内容の特質に応じて，教師の適切な指導の下に，児童の自発的，自治的な活動が効果的に展開されるようにすること。その際，よりよい生活を築くために自分たちできまりをつくって守る活動などを充実するよう工夫すること。,82N5300210000000
特別活動,3744,(2) 児童及び学校の実態並びに第１章総則の第６の２に示す道徳教育の重点などを踏まえ，各学年において取り上げる指導内容の重点化を図るとともに，必要に応じて，内容間の関連や統合を図ったり，他の内容を加えたりすることができること。,82N5300220000000
特別活動,3745,(3) 学校生活への適応や人間関係の形成などについては，主に集団の場面で必要な指導や援助を行うガイダンスと，個々の児童の多様な実態を踏まえ，一人一人が抱える課題に個別に対応した指導を行うカウンセリング（教育相談を含む。）の双方の趣旨を踏まえて指導を行うこと。特に入学当初や各学年のはじめにおいては，個々の児童が学校生活に適応するとともに，希望や目標をもって生活できるよう工夫すること。あわせて，児童の家庭との連絡を密にすること。,82N5300230000000
特別活動,3746,(4) 異年齢集団による交流を重視するとともに，幼児，高齢者，障害のある人々などとの交流や対話，障害のある幼児児童生徒との交流及び共同学習の機会を通して，協働することや，他者の役に立ったり社会に貢献したりすることの喜びを得られる活動を充実すること。,82N5300240000000
特別活動,3747,３　入学式や卒業式などにおいては，その意義を踏まえ，国旗を掲揚するとともに，国歌を斉唱するよう指導するものとする。,82N5300300000000
